SET session_replication_role = replica;

--
-- PostgreSQL database dump
--

-- Dumped from database version 17.4
-- Dumped by pg_dump version 17.4

SET statement_timeout = 0;
SET lock_timeout = 0;
SET idle_in_transaction_session_timeout = 0;
SET transaction_timeout = 0;
SET client_encoding = 'UTF8';
SET standard_conforming_strings = on;
SELECT pg_catalog.set_config('search_path', '', false);
SET check_function_bodies = false;
SET xmloption = content;
SET client_min_messages = warning;
SET row_security = off;

--
-- Data for Name: audit_log_entries; Type: TABLE DATA; Schema: auth; Owner: supabase_auth_admin
--

INSERT INTO "auth"."audit_log_entries" ("instance_id", "id", "payload", "created_at", "ip_address") VALUES
	('00000000-0000-0000-0000-000000000000', 'b497d3cb-e534-4cc1-b532-0f931c9d016f', '{"action":"user_confirmation_requested","actor_id":"ee1682f1-3414-4fa6-8621-a33f21c42c5a","actor_username":"cosmin.trica@outlook.com","actor_via_sso":false,"log_type":"user","traits":{"provider":"email"}}', '2025-09-07 14:01:26.624822+00', ''),
	('00000000-0000-0000-0000-000000000000', 'cfdaefc1-e4f3-4465-ab48-9204619e6766', '{"action":"user_signedup","actor_id":"ee1682f1-3414-4fa6-8621-a33f21c42c5a","actor_username":"cosmin.trica@outlook.com","actor_via_sso":false,"log_type":"team","traits":{"provider":"email"}}', '2025-09-07 14:01:41.305853+00', ''),
	('00000000-0000-0000-0000-000000000000', '663fa400-afa9-4177-878a-db549b6ab3e0', '{"action":"login","actor_id":"ee1682f1-3414-4fa6-8621-a33f21c42c5a","actor_username":"cosmin.trica@outlook.com","actor_via_sso":false,"log_type":"account","traits":{"provider":"email"}}', '2025-09-07 14:01:47.492906+00', ''),
	('00000000-0000-0000-0000-000000000000', '3829d3a3-3d05-4d84-9513-81a056608b56', '{"action":"login","actor_id":"ee1682f1-3414-4fa6-8621-a33f21c42c5a","actor_username":"cosmin.trica@outlook.com","actor_via_sso":false,"log_type":"account","traits":{"provider":"email"}}', '2025-09-07 14:01:58.069386+00', ''),
	('00000000-0000-0000-0000-000000000000', '48bcac17-630b-408f-91a7-0c37148af589', '{"action":"user_modified","actor_id":"ee1682f1-3414-4fa6-8621-a33f21c42c5a","actor_username":"cosmin.trica@outlook.com","actor_via_sso":false,"log_type":"user"}', '2025-09-07 14:02:26.631176+00', ''),
	('00000000-0000-0000-0000-000000000000', '7173fec0-0073-467f-adf0-97b2d65551ed', '{"action":"user_modified","actor_id":"ee1682f1-3414-4fa6-8621-a33f21c42c5a","actor_username":"cosmin.trica@outlook.com","actor_via_sso":false,"log_type":"user"}', '2025-09-07 14:56:17.744962+00', ''),
	('00000000-0000-0000-0000-000000000000', 'ed048d08-d5e4-48ea-9434-aa8e9e51b996', '{"action":"token_refreshed","actor_id":"ee1682f1-3414-4fa6-8621-a33f21c42c5a","actor_username":"cosmin.trica@outlook.com","actor_via_sso":false,"log_type":"token"}', '2025-09-07 15:00:37.879928+00', ''),
	('00000000-0000-0000-0000-000000000000', '3f58e4f0-b0ed-4fad-9265-1a76444656d5', '{"action":"token_revoked","actor_id":"ee1682f1-3414-4fa6-8621-a33f21c42c5a","actor_username":"cosmin.trica@outlook.com","actor_via_sso":false,"log_type":"token"}', '2025-09-07 15:00:37.881528+00', ''),
	('00000000-0000-0000-0000-000000000000', 'fde4d253-b639-40ae-ba9a-94139b3564af', '{"action":"token_refreshed","actor_id":"ee1682f1-3414-4fa6-8621-a33f21c42c5a","actor_username":"cosmin.trica@outlook.com","actor_via_sso":false,"log_type":"token"}', '2025-09-07 15:00:37.883387+00', ''),
	('00000000-0000-0000-0000-000000000000', '69589132-df5c-47ae-b45b-e872095d26b5', '{"action":"token_revoked","actor_id":"ee1682f1-3414-4fa6-8621-a33f21c42c5a","actor_username":"cosmin.trica@outlook.com","actor_via_sso":false,"log_type":"token"}', '2025-09-07 15:00:37.884506+00', ''),
	('00000000-0000-0000-0000-000000000000', '6f7dbdb1-ebd3-4340-adbe-09a431a9dc8b', '{"action":"token_refreshed","actor_id":"ee1682f1-3414-4fa6-8621-a33f21c42c5a","actor_username":"cosmin.trica@outlook.com","actor_via_sso":false,"log_type":"token"}', '2025-09-07 15:58:38.442014+00', ''),
	('00000000-0000-0000-0000-000000000000', 'ff2e6e7f-a8fb-4312-b5c2-d8e4cb86e2bb', '{"action":"token_refreshed","actor_id":"ee1682f1-3414-4fa6-8621-a33f21c42c5a","actor_username":"cosmin.trica@outlook.com","actor_via_sso":false,"log_type":"token"}', '2025-09-07 15:58:38.441903+00', ''),
	('00000000-0000-0000-0000-000000000000', '4235dfaa-47a2-4415-a655-b23945b4b4f4', '{"action":"token_revoked","actor_id":"ee1682f1-3414-4fa6-8621-a33f21c42c5a","actor_username":"cosmin.trica@outlook.com","actor_via_sso":false,"log_type":"token"}', '2025-09-07 15:58:38.460179+00', ''),
	('00000000-0000-0000-0000-000000000000', 'e3967431-2649-4390-b7f3-d70f39b0675b', '{"action":"token_revoked","actor_id":"ee1682f1-3414-4fa6-8621-a33f21c42c5a","actor_username":"cosmin.trica@outlook.com","actor_via_sso":false,"log_type":"token"}', '2025-09-07 15:58:38.46078+00', ''),
	('00000000-0000-0000-0000-000000000000', 'a1a12fcc-357d-4399-9f06-ed0168e5b2d4', '{"action":"token_refreshed","actor_id":"ee1682f1-3414-4fa6-8621-a33f21c42c5a","actor_username":"cosmin.trica@outlook.com","actor_via_sso":false,"log_type":"token"}', '2025-09-07 16:57:38.295894+00', ''),
	('00000000-0000-0000-0000-000000000000', 'c7f177ec-f751-4d0c-ae6c-f1ff967a8408', '{"action":"token_refreshed","actor_id":"ee1682f1-3414-4fa6-8621-a33f21c42c5a","actor_username":"cosmin.trica@outlook.com","actor_via_sso":false,"log_type":"token"}', '2025-09-07 16:57:38.295748+00', ''),
	('00000000-0000-0000-0000-000000000000', '3b2302b2-c44d-4da5-abb8-b6d336e8531d', '{"action":"token_revoked","actor_id":"ee1682f1-3414-4fa6-8621-a33f21c42c5a","actor_username":"cosmin.trica@outlook.com","actor_via_sso":false,"log_type":"token"}', '2025-09-07 16:57:38.31534+00', ''),
	('00000000-0000-0000-0000-000000000000', '9e893e42-afa3-446e-b261-658087acb41f', '{"action":"token_revoked","actor_id":"ee1682f1-3414-4fa6-8621-a33f21c42c5a","actor_username":"cosmin.trica@outlook.com","actor_via_sso":false,"log_type":"token"}', '2025-09-07 16:57:38.315812+00', ''),
	('00000000-0000-0000-0000-000000000000', '98f6ac08-84fc-4cb3-b1fe-a2822d3cddf3', '{"action":"token_refreshed","actor_id":"ee1682f1-3414-4fa6-8621-a33f21c42c5a","actor_username":"cosmin.trica@outlook.com","actor_via_sso":false,"log_type":"token"}', '2025-09-07 17:56:38.392498+00', ''),
	('00000000-0000-0000-0000-000000000000', 'd0a09927-d046-4faa-8a5b-c6bbe99088cd', '{"action":"token_refreshed","actor_id":"ee1682f1-3414-4fa6-8621-a33f21c42c5a","actor_username":"cosmin.trica@outlook.com","actor_via_sso":false,"log_type":"token"}', '2025-09-07 17:56:38.390881+00', ''),
	('00000000-0000-0000-0000-000000000000', 'c3c0366a-966a-4a05-8902-009aeea422ac', '{"action":"token_revoked","actor_id":"ee1682f1-3414-4fa6-8621-a33f21c42c5a","actor_username":"cosmin.trica@outlook.com","actor_via_sso":false,"log_type":"token"}', '2025-09-07 17:56:38.406394+00', ''),
	('00000000-0000-0000-0000-000000000000', '4264b3b5-d1bd-445e-8f16-a90bd639ae30', '{"action":"token_revoked","actor_id":"ee1682f1-3414-4fa6-8621-a33f21c42c5a","actor_username":"cosmin.trica@outlook.com","actor_via_sso":false,"log_type":"token"}', '2025-09-07 17:56:38.407033+00', ''),
	('00000000-0000-0000-0000-000000000000', 'cbb25601-edfe-4941-a837-32cf612e37a0', '{"action":"token_refreshed","actor_id":"ee1682f1-3414-4fa6-8621-a33f21c42c5a","actor_username":"cosmin.trica@outlook.com","actor_via_sso":false,"log_type":"token"}', '2025-09-07 18:55:38.370373+00', ''),
	('00000000-0000-0000-0000-000000000000', 'bd10f5a7-577a-49fe-8d38-76ae60401b6c', '{"action":"token_refreshed","actor_id":"ee1682f1-3414-4fa6-8621-a33f21c42c5a","actor_username":"cosmin.trica@outlook.com","actor_via_sso":false,"log_type":"token"}', '2025-09-07 18:55:38.371446+00', ''),
	('00000000-0000-0000-0000-000000000000', 'd67913e8-e4e5-4d93-9d47-3c9ac43ac031', '{"action":"token_revoked","actor_id":"ee1682f1-3414-4fa6-8621-a33f21c42c5a","actor_username":"cosmin.trica@outlook.com","actor_via_sso":false,"log_type":"token"}', '2025-09-07 18:55:38.392179+00', ''),
	('00000000-0000-0000-0000-000000000000', '44ae9396-085d-44b6-a1d4-73e214521607', '{"action":"token_revoked","actor_id":"ee1682f1-3414-4fa6-8621-a33f21c42c5a","actor_username":"cosmin.trica@outlook.com","actor_via_sso":false,"log_type":"token"}', '2025-09-07 18:55:38.392285+00', ''),
	('00000000-0000-0000-0000-000000000000', 'e3ef50ea-0d09-4341-ac78-27ac101d1b83', '{"action":"login","actor_id":"ee1682f1-3414-4fa6-8621-a33f21c42c5a","actor_username":"cosmin.trica@outlook.com","actor_via_sso":false,"log_type":"account","traits":{"provider":"email"}}', '2025-09-07 23:38:44.518744+00', ''),
	('00000000-0000-0000-0000-000000000000', '017fada3-f269-4cab-9bb8-834ae2c17b95', '{"action":"token_refreshed","actor_id":"ee1682f1-3414-4fa6-8621-a33f21c42c5a","actor_username":"cosmin.trica@outlook.com","actor_via_sso":false,"log_type":"token"}', '2025-09-09 14:03:06.851273+00', ''),
	('00000000-0000-0000-0000-000000000000', '38816574-4c9b-4209-b4de-fc18c616cc0f', '{"action":"token_revoked","actor_id":"ee1682f1-3414-4fa6-8621-a33f21c42c5a","actor_username":"cosmin.trica@outlook.com","actor_via_sso":false,"log_type":"token"}', '2025-09-09 14:03:06.861232+00', ''),
	('00000000-0000-0000-0000-000000000000', '0e849acf-b700-4e7e-a267-621ccdc30d96', '{"action":"logout","actor_id":"ee1682f1-3414-4fa6-8621-a33f21c42c5a","actor_username":"cosmin.trica@outlook.com","actor_via_sso":false,"log_type":"account"}', '2025-09-09 14:03:11.078077+00', ''),
	('00000000-0000-0000-0000-000000000000', 'ec756285-2fa1-4c18-9856-73a075131a27', '{"action":"login","actor_id":"ee1682f1-3414-4fa6-8621-a33f21c42c5a","actor_username":"cosmin.trica@outlook.com","actor_via_sso":false,"log_type":"account","traits":{"provider":"email"}}', '2025-09-09 14:03:21.299272+00', ''),
	('00000000-0000-0000-0000-000000000000', '81400b9c-3428-4d71-a6cd-4d901ad2528c', '{"action":"user_deleted","actor_id":"00000000-0000-0000-0000-000000000000","actor_username":"service_role","actor_via_sso":false,"log_type":"team","traits":{"user_email":"cosmin.trica@outlook.com","user_id":"ee1682f1-3414-4fa6-8621-a33f21c42c5a","user_phone":""}}', '2025-09-09 14:03:54.153339+00', ''),
	('00000000-0000-0000-0000-000000000000', 'cfef797e-609d-40b8-a386-53132e9ad525', '{"action":"user_confirmation_requested","actor_id":"d36efb03-fe89-4935-88bc-7e2b2f337e5c","actor_username":"cosmin.trica@outlook.com","actor_via_sso":false,"log_type":"user","traits":{"provider":"email"}}', '2025-09-09 14:04:13.534284+00', ''),
	('00000000-0000-0000-0000-000000000000', '45d6935b-0ea6-4c9c-81ff-bc34c3d73199', '{"action":"user_signedup","actor_id":"d36efb03-fe89-4935-88bc-7e2b2f337e5c","actor_username":"cosmin.trica@outlook.com","actor_via_sso":false,"log_type":"team","traits":{"provider":"email"}}', '2025-09-09 14:04:31.166496+00', ''),
	('00000000-0000-0000-0000-000000000000', '1c72a68c-275e-476c-a12e-c1120dcdface', '{"action":"login","actor_id":"d36efb03-fe89-4935-88bc-7e2b2f337e5c","actor_username":"cosmin.trica@outlook.com","actor_via_sso":false,"log_type":"account","traits":{"provider":"email"}}', '2025-09-09 14:04:40.190742+00', ''),
	('00000000-0000-0000-0000-000000000000', '4ebd48d8-6f65-428a-b97b-d985b48915e2', '{"action":"user_modified","actor_id":"d36efb03-fe89-4935-88bc-7e2b2f337e5c","actor_username":"cosmin.trica@outlook.com","actor_via_sso":false,"log_type":"user"}', '2025-09-09 14:32:25.297865+00', ''),
	('00000000-0000-0000-0000-000000000000', 'f1fbf887-f024-4f66-af0a-56a405c5fae2', '{"action":"token_refreshed","actor_id":"d36efb03-fe89-4935-88bc-7e2b2f337e5c","actor_username":"cosmin.trica@outlook.com","actor_via_sso":false,"log_type":"token"}', '2025-09-09 15:03:00.544659+00', ''),
	('00000000-0000-0000-0000-000000000000', 'c58858be-345d-49da-b2a1-522d1573a27c', '{"action":"token_revoked","actor_id":"d36efb03-fe89-4935-88bc-7e2b2f337e5c","actor_username":"cosmin.trica@outlook.com","actor_via_sso":false,"log_type":"token"}', '2025-09-09 15:03:00.561435+00', ''),
	('00000000-0000-0000-0000-000000000000', '96a966ff-6f9b-40c8-bdaf-ad3c95683ca2', '{"action":"token_refreshed","actor_id":"d36efb03-fe89-4935-88bc-7e2b2f337e5c","actor_username":"cosmin.trica@outlook.com","actor_via_sso":false,"log_type":"token"}', '2025-09-09 18:41:30.804283+00', ''),
	('00000000-0000-0000-0000-000000000000', '2b00d410-3782-4718-8180-b3fa285aeba0', '{"action":"token_revoked","actor_id":"d36efb03-fe89-4935-88bc-7e2b2f337e5c","actor_username":"cosmin.trica@outlook.com","actor_via_sso":false,"log_type":"token"}', '2025-09-09 18:41:30.831155+00', ''),
	('00000000-0000-0000-0000-000000000000', 'a5f92be6-3d42-4813-a862-1ab17baf77ab', '{"action":"token_refreshed","actor_id":"d36efb03-fe89-4935-88bc-7e2b2f337e5c","actor_username":"cosmin.trica@outlook.com","actor_via_sso":false,"log_type":"token"}', '2025-09-09 19:21:42.296179+00', ''),
	('00000000-0000-0000-0000-000000000000', '3c29945d-f1a5-4359-a271-1da1fa2c00ee', '{"action":"token_revoked","actor_id":"d36efb03-fe89-4935-88bc-7e2b2f337e5c","actor_username":"cosmin.trica@outlook.com","actor_via_sso":false,"log_type":"token"}', '2025-09-09 19:21:42.318673+00', ''),
	('00000000-0000-0000-0000-000000000000', 'fdd32ac3-9183-498d-9924-4586dddd33ec', '{"action":"token_refreshed","actor_id":"d36efb03-fe89-4935-88bc-7e2b2f337e5c","actor_username":"cosmin.trica@outlook.com","actor_via_sso":false,"log_type":"token"}', '2025-09-09 19:52:54.182563+00', ''),
	('00000000-0000-0000-0000-000000000000', '06e351da-b079-46f8-9174-cd71665171ff', '{"action":"token_revoked","actor_id":"d36efb03-fe89-4935-88bc-7e2b2f337e5c","actor_username":"cosmin.trica@outlook.com","actor_via_sso":false,"log_type":"token"}', '2025-09-09 19:52:54.191909+00', ''),
	('00000000-0000-0000-0000-000000000000', 'f05fbe61-e24e-4aa1-8b78-2fd73e3d58a0', '{"action":"token_refreshed","actor_id":"d36efb03-fe89-4935-88bc-7e2b2f337e5c","actor_username":"cosmin.trica@outlook.com","actor_via_sso":false,"log_type":"token"}', '2025-09-09 20:23:38.997935+00', ''),
	('00000000-0000-0000-0000-000000000000', 'd313170f-c220-43ae-ae8b-8b86a0704857', '{"action":"token_revoked","actor_id":"d36efb03-fe89-4935-88bc-7e2b2f337e5c","actor_username":"cosmin.trica@outlook.com","actor_via_sso":false,"log_type":"token"}', '2025-09-09 20:23:39.014308+00', ''),
	('00000000-0000-0000-0000-000000000000', 'a85156fc-4528-44f8-ba6e-26e35fac765e', '{"action":"token_refreshed","actor_id":"d36efb03-fe89-4935-88bc-7e2b2f337e5c","actor_username":"cosmin.trica@outlook.com","actor_via_sso":false,"log_type":"token"}', '2025-09-10 01:23:06.459452+00', ''),
	('00000000-0000-0000-0000-000000000000', '3ed55587-1d5b-4f41-adca-4a8361047b0b', '{"action":"token_revoked","actor_id":"d36efb03-fe89-4935-88bc-7e2b2f337e5c","actor_username":"cosmin.trica@outlook.com","actor_via_sso":false,"log_type":"token"}', '2025-09-10 01:23:06.469978+00', ''),
	('00000000-0000-0000-0000-000000000000', 'eb09c045-20b0-42ce-9ebd-86f7b6bcaef6', '{"action":"token_refreshed","actor_id":"d36efb03-fe89-4935-88bc-7e2b2f337e5c","actor_username":"cosmin.trica@outlook.com","actor_via_sso":false,"log_type":"token"}', '2025-09-10 11:10:11.237265+00', ''),
	('00000000-0000-0000-0000-000000000000', '414fdd74-4dc0-47a4-a744-e4a1e8ec66d6', '{"action":"token_revoked","actor_id":"d36efb03-fe89-4935-88bc-7e2b2f337e5c","actor_username":"cosmin.trica@outlook.com","actor_via_sso":false,"log_type":"token"}', '2025-09-10 11:10:11.262338+00', ''),
	('00000000-0000-0000-0000-000000000000', 'd996354a-d03c-400d-83b2-61986abb5c2b', '{"action":"token_refreshed","actor_id":"d36efb03-fe89-4935-88bc-7e2b2f337e5c","actor_username":"cosmin.trica@outlook.com","actor_via_sso":false,"log_type":"token"}', '2025-09-10 13:24:35.657672+00', ''),
	('00000000-0000-0000-0000-000000000000', '0d5717ff-0f03-4962-9c5e-5bc1f9479f54', '{"action":"token_revoked","actor_id":"d36efb03-fe89-4935-88bc-7e2b2f337e5c","actor_username":"cosmin.trica@outlook.com","actor_via_sso":false,"log_type":"token"}', '2025-09-10 13:24:35.678307+00', '');


--
-- Data for Name: flow_state; Type: TABLE DATA; Schema: auth; Owner: supabase_auth_admin
--



--
-- Data for Name: users; Type: TABLE DATA; Schema: auth; Owner: supabase_auth_admin
--

INSERT INTO "auth"."users" ("instance_id", "id", "aud", "role", "email", "encrypted_password", "email_confirmed_at", "invited_at", "confirmation_token", "confirmation_sent_at", "recovery_token", "recovery_sent_at", "email_change_token_new", "email_change", "email_change_sent_at", "last_sign_in_at", "raw_app_meta_data", "raw_user_meta_data", "is_super_admin", "created_at", "updated_at", "phone", "phone_confirmed_at", "phone_change", "phone_change_token", "phone_change_sent_at", "email_change_token_current", "email_change_confirm_status", "banned_until", "reauthentication_token", "reauthentication_sent_at", "is_sso_user", "deleted_at", "is_anonymous") VALUES
	('00000000-0000-0000-0000-000000000000', 'd36efb03-fe89-4935-88bc-7e2b2f337e5c', 'authenticated', 'authenticated', 'cosmin.trica@outlook.com', '$2a$10$A8PRGhkkn4RbwPQDLY8dw.bpPcDL3uEcluGh8NI3jbCWH/ALye1L.', '2025-09-09 14:04:31.167489+00', NULL, '', '2025-09-09 14:04:13.540909+00', '', NULL, '', '', NULL, '2025-09-09 14:04:40.191916+00', '{"provider": "email", "providers": ["email"]}', '{"sub": "d36efb03-fe89-4935-88bc-7e2b2f337e5c", "email": "cosmin.trica@outlook.com", "city_id": "86089496-9e88-4598-9036-e5ce549001bf", "county_id": "dolj", "avatar_url": "https://cckytfxrigzkpfkrrqbv.supabase.co/storage/v1/object/public/avatars/d36efb03-fe89-4935-88bc-7e2b2f337e5c/1757428343002.png", "display_name": "Cosmin Trică", "email_verified": true, "phone_verified": false}', NULL, '2025-09-09 14:04:13.507289+00', '2025-09-10 13:24:35.710299+00', NULL, NULL, '', '', NULL, '', 0, NULL, '', NULL, false, NULL, false);


--
-- Data for Name: identities; Type: TABLE DATA; Schema: auth; Owner: supabase_auth_admin
--

INSERT INTO "auth"."identities" ("provider_id", "user_id", "identity_data", "provider", "last_sign_in_at", "created_at", "updated_at", "id") VALUES
	('d36efb03-fe89-4935-88bc-7e2b2f337e5c', 'd36efb03-fe89-4935-88bc-7e2b2f337e5c', '{"sub": "d36efb03-fe89-4935-88bc-7e2b2f337e5c", "email": "cosmin.trica@outlook.com", "city_id": "86089496-9e88-4598-9036-e5ce549001bf", "county_id": "dolj", "display_name": "Cosmin Trică", "email_verified": true, "phone_verified": false}', 'email', '2025-09-09 14:04:13.528746+00', '2025-09-09 14:04:13.528795+00', '2025-09-09 14:04:13.528795+00', 'b4032933-6723-4d36-afb6-e3e7d88bf4ea');


--
-- Data for Name: instances; Type: TABLE DATA; Schema: auth; Owner: supabase_auth_admin
--



--
-- Data for Name: sessions; Type: TABLE DATA; Schema: auth; Owner: supabase_auth_admin
--

INSERT INTO "auth"."sessions" ("id", "user_id", "created_at", "updated_at", "factor_id", "aal", "not_after", "refreshed_at", "user_agent", "ip", "tag") VALUES
	('01710fbe-2e3c-4c16-b02a-57b77a0a9e68', 'd36efb03-fe89-4935-88bc-7e2b2f337e5c', '2025-09-09 14:04:31.173485+00', '2025-09-10 11:10:11.326403+00', NULL, 'aal1', NULL, '2025-09-10 11:10:11.326322', 'Mozilla/5.0 (iPhone; CPU iPhone OS 18_6 like Mac OS X) AppleWebKit/605.1.15 (KHTML, like Gecko) Version/26.0 Mobile/15E148 Safari/604.1', '104.28.80.200', NULL),
	('58aa390a-2631-4804-a7d5-5221f59b8591', 'd36efb03-fe89-4935-88bc-7e2b2f337e5c', '2025-09-09 14:04:40.192003+00', '2025-09-10 13:24:35.73312+00', NULL, 'aal1', NULL, '2025-09-10 13:24:35.733031', 'Mozilla/5.0 (Windows NT 10.0; Win64; x64) AppleWebKit/537.36 (KHTML, like Gecko) Chrome/140.0.0.0 Safari/537.36 Edg/140.0.0.0', '92.87.255.32', NULL);


--
-- Data for Name: mfa_amr_claims; Type: TABLE DATA; Schema: auth; Owner: supabase_auth_admin
--

INSERT INTO "auth"."mfa_amr_claims" ("session_id", "created_at", "updated_at", "authentication_method", "id") VALUES
	('01710fbe-2e3c-4c16-b02a-57b77a0a9e68', '2025-09-09 14:04:31.178171+00', '2025-09-09 14:04:31.178171+00', 'otp', '5e72bbb6-7392-4f16-a9d4-93a17e9b84cc'),
	('58aa390a-2631-4804-a7d5-5221f59b8591', '2025-09-09 14:04:40.194306+00', '2025-09-09 14:04:40.194306+00', 'password', '2afaedd2-2ac7-43cf-8811-c71498a2b524');


--
-- Data for Name: mfa_factors; Type: TABLE DATA; Schema: auth; Owner: supabase_auth_admin
--



--
-- Data for Name: mfa_challenges; Type: TABLE DATA; Schema: auth; Owner: supabase_auth_admin
--



--
-- Data for Name: oauth_clients; Type: TABLE DATA; Schema: auth; Owner: supabase_auth_admin
--



--
-- Data for Name: one_time_tokens; Type: TABLE DATA; Schema: auth; Owner: supabase_auth_admin
--



--
-- Data for Name: refresh_tokens; Type: TABLE DATA; Schema: auth; Owner: supabase_auth_admin
--

INSERT INTO "auth"."refresh_tokens" ("instance_id", "id", "token", "user_id", "revoked", "created_at", "updated_at", "parent", "session_id") VALUES
	('00000000-0000-0000-0000-000000000000', 87, 'zdnwnnlmkz63', 'd36efb03-fe89-4935-88bc-7e2b2f337e5c', true, '2025-09-09 14:04:40.192928+00', '2025-09-09 15:03:00.56411+00', NULL, '58aa390a-2631-4804-a7d5-5221f59b8591'),
	('00000000-0000-0000-0000-000000000000', 86, 'x6raiz4eakwg', 'd36efb03-fe89-4935-88bc-7e2b2f337e5c', true, '2025-09-09 14:04:31.176745+00', '2025-09-09 18:41:30.83536+00', NULL, '01710fbe-2e3c-4c16-b02a-57b77a0a9e68'),
	('00000000-0000-0000-0000-000000000000', 88, 'rtmlhwgc5cts', 'd36efb03-fe89-4935-88bc-7e2b2f337e5c', true, '2025-09-09 15:03:00.582601+00', '2025-09-09 19:21:42.320717+00', 'zdnwnnlmkz63', '58aa390a-2631-4804-a7d5-5221f59b8591'),
	('00000000-0000-0000-0000-000000000000', 89, 'fdeavpgkrxbl', 'd36efb03-fe89-4935-88bc-7e2b2f337e5c', true, '2025-09-09 18:41:30.86278+00', '2025-09-09 19:52:54.193333+00', 'x6raiz4eakwg', '01710fbe-2e3c-4c16-b02a-57b77a0a9e68'),
	('00000000-0000-0000-0000-000000000000', 90, 'v66ef5r5xk7m', 'd36efb03-fe89-4935-88bc-7e2b2f337e5c', true, '2025-09-09 19:21:42.336475+00', '2025-09-09 20:23:39.01687+00', 'rtmlhwgc5cts', '58aa390a-2631-4804-a7d5-5221f59b8591'),
	('00000000-0000-0000-0000-000000000000', 91, 'djoaoh3iinvo', 'd36efb03-fe89-4935-88bc-7e2b2f337e5c', true, '2025-09-09 19:52:54.198684+00', '2025-09-10 01:23:06.470654+00', 'fdeavpgkrxbl', '01710fbe-2e3c-4c16-b02a-57b77a0a9e68'),
	('00000000-0000-0000-0000-000000000000', 93, 'innsmltvbd4i', 'd36efb03-fe89-4935-88bc-7e2b2f337e5c', true, '2025-09-10 01:23:06.487777+00', '2025-09-10 11:10:11.264873+00', 'djoaoh3iinvo', '01710fbe-2e3c-4c16-b02a-57b77a0a9e68'),
	('00000000-0000-0000-0000-000000000000', 94, 'niccjg2m7ezc', 'd36efb03-fe89-4935-88bc-7e2b2f337e5c', false, '2025-09-10 11:10:11.28534+00', '2025-09-10 11:10:11.28534+00', 'innsmltvbd4i', '01710fbe-2e3c-4c16-b02a-57b77a0a9e68'),
	('00000000-0000-0000-0000-000000000000', 92, '6qcaqdddm5w3', 'd36efb03-fe89-4935-88bc-7e2b2f337e5c', true, '2025-09-09 20:23:39.029924+00', '2025-09-10 13:24:35.682704+00', 'v66ef5r5xk7m', '58aa390a-2631-4804-a7d5-5221f59b8591'),
	('00000000-0000-0000-0000-000000000000', 95, '76kbvxjglr6r', 'd36efb03-fe89-4935-88bc-7e2b2f337e5c', false, '2025-09-10 13:24:35.698857+00', '2025-09-10 13:24:35.698857+00', '6qcaqdddm5w3', '58aa390a-2631-4804-a7d5-5221f59b8591');


--
-- Data for Name: sso_providers; Type: TABLE DATA; Schema: auth; Owner: supabase_auth_admin
--



--
-- Data for Name: saml_providers; Type: TABLE DATA; Schema: auth; Owner: supabase_auth_admin
--



--
-- Data for Name: saml_relay_states; Type: TABLE DATA; Schema: auth; Owner: supabase_auth_admin
--



--
-- Data for Name: sso_domains; Type: TABLE DATA; Schema: auth; Owner: supabase_auth_admin
--



--
-- Data for Name: counties; Type: TABLE DATA; Schema: public; Owner: postgres
--

INSERT INTO "public"."counties" ("id", "name", "created_at") VALUES
	('alba', 'Alba', '2025-09-09 14:02:20.211018+00'),
	('arad', 'Arad', '2025-09-09 14:02:20.211018+00'),
	('arges', 'Argeș', '2025-09-09 14:02:20.211018+00'),
	('bacau', 'Bacău', '2025-09-09 14:02:20.211018+00'),
	('bihor', 'Bihor', '2025-09-09 14:02:20.211018+00'),
	('bistrita-nasaud', 'Bistrița-Năsăud', '2025-09-09 14:02:20.211018+00'),
	('botosani', 'Botoșani', '2025-09-09 14:02:20.211018+00'),
	('brasov', 'Brașov', '2025-09-09 14:02:20.211018+00'),
	('braila', 'Brăila', '2025-09-09 14:02:20.211018+00'),
	('buzau', 'Buzău', '2025-09-09 14:02:20.211018+00'),
	('bucuresti', 'București', '2025-09-09 14:02:20.211018+00'),
	('calarasi', 'Călărași', '2025-09-09 14:02:20.211018+00'),
	('caras-severin', 'Caraș-Severin', '2025-09-09 14:02:20.211018+00'),
	('cluj', 'Cluj', '2025-09-09 14:02:20.211018+00'),
	('constanta', 'Constanța', '2025-09-09 14:02:20.211018+00'),
	('covasna', 'Covasna', '2025-09-09 14:02:20.211018+00'),
	('dambovita', 'Dâmbovița', '2025-09-09 14:02:20.211018+00'),
	('dolj', 'Dolj', '2025-09-09 14:02:20.211018+00'),
	('galati', 'Galați', '2025-09-09 14:02:20.211018+00'),
	('giurgiu', 'Giurgiu', '2025-09-09 14:02:20.211018+00'),
	('gorj', 'Gorj', '2025-09-09 14:02:20.211018+00'),
	('harghita', 'Harghita', '2025-09-09 14:02:20.211018+00'),
	('hunedoara', 'Hunedoara', '2025-09-09 14:02:20.211018+00'),
	('ialomita', 'Ialomița', '2025-09-09 14:02:20.211018+00'),
	('iasi', 'Iași', '2025-09-09 14:02:20.211018+00'),
	('ilfov', 'Ilfov', '2025-09-09 14:02:20.211018+00'),
	('maramures', 'Maramureș', '2025-09-09 14:02:20.211018+00'),
	('mehedinti', 'Mehedinți', '2025-09-09 14:02:20.211018+00'),
	('mures', 'Mureș', '2025-09-09 14:02:20.211018+00'),
	('neamt', 'Neamț', '2025-09-09 14:02:20.211018+00'),
	('olt', 'Olt', '2025-09-09 14:02:20.211018+00'),
	('prahova', 'Prahova', '2025-09-09 14:02:20.211018+00'),
	('salaj', 'Sălaj', '2025-09-09 14:02:20.211018+00'),
	('satu-mare', 'Satu Mare', '2025-09-09 14:02:20.211018+00'),
	('sibiu', 'Sibiu', '2025-09-09 14:02:20.211018+00'),
	('suceava', 'Suceava', '2025-09-09 14:02:20.211018+00'),
	('teleorman', 'Teleorman', '2025-09-09 14:02:20.211018+00'),
	('timis', 'Timiș', '2025-09-09 14:02:20.211018+00'),
	('tulcea', 'Tulcea', '2025-09-09 14:02:20.211018+00'),
	('valcea', 'Vâlcea', '2025-09-09 14:02:20.211018+00'),
	('vaslui', 'Vaslui', '2025-09-09 14:02:20.211018+00'),
	('vrancea', 'Vrancea', '2025-09-09 14:02:20.211018+00');


--
-- Data for Name: cities; Type: TABLE DATA; Schema: public; Owner: postgres
--

INSERT INTO "public"."cities" ("id", "county_id", "name", "created_at") VALUES
	('272438a4-15f8-4c16-848c-09383fadeab8', 'alba', 'Abrud', '2025-09-09 14:02:20.211018+00'),
	('6f2c438b-e245-4005-82bb-b69ff0606a10', 'alba', 'Aiud', '2025-09-09 14:02:20.211018+00'),
	('a5dab6ec-7815-47dd-baf9-db1582d5992f', 'alba', 'Alba Iulia', '2025-09-09 14:02:20.211018+00'),
	('ca3a5457-db06-4ec5-a562-b221c166cc7f', 'alba', 'Blaj', '2025-09-09 14:02:20.211018+00'),
	('2c85bbbf-21c7-42e6-aedb-97b5f802cc30', 'alba', 'Câmpeni', '2025-09-09 14:02:20.211018+00'),
	('c4227262-7515-4403-8ae4-7aacdee79b2e', 'alba', 'Cugir', '2025-09-09 14:02:20.211018+00'),
	('f4b644f8-6135-40f4-932e-143ce050c0b9', 'alba', 'Ocna Mureș', '2025-09-09 14:02:20.211018+00'),
	('72fafa01-4a3d-42bb-ab90-735583dea018', 'alba', 'Sebeș', '2025-09-09 14:02:20.211018+00'),
	('fa0c5424-1cdb-4331-960d-208b00da7a41', 'alba', 'Teiuș', '2025-09-09 14:02:20.211018+00'),
	('f4e37970-b5fa-4287-aa0d-12dc810d6689', 'arad', 'Arad', '2025-09-09 14:02:20.211018+00'),
	('8c62026a-2bc2-4849-9850-067322843bc1', 'arad', 'Chișineu-Criș', '2025-09-09 14:02:20.211018+00'),
	('1f813487-07df-4a24-94ff-42f3786f3a2e', 'arad', 'Curtici', '2025-09-09 14:02:20.211018+00'),
	('57ef13f0-f890-4b7f-af29-cd1aa6d031e9', 'arad', 'Ineu', '2025-09-09 14:02:20.211018+00'),
	('22ec22b6-383c-4ff2-8b45-e1be7578a402', 'arad', 'Lipova', '2025-09-09 14:02:20.211018+00'),
	('0122a2d6-a02c-437d-9071-88a423e51b0d', 'arad', 'Nădlac', '2025-09-09 14:02:20.211018+00'),
	('c4d794db-a391-4c6f-880d-f372722a74f8', 'arad', 'Pecica', '2025-09-09 14:02:20.211018+00'),
	('a20d3927-3f32-44bc-917c-5567f69e21da', 'arad', 'Sântana', '2025-09-09 14:02:20.211018+00'),
	('8d8220ab-2e74-4b95-8919-4232a5a845b1', 'arges', 'Câmpulung', '2025-09-09 14:02:20.211018+00'),
	('c3431bc3-7a8a-4a59-bf18-e9b7e5c5bb7d', 'arges', 'Curtea de Argeș', '2025-09-09 14:02:20.211018+00'),
	('680d3eb0-8a54-4988-8e8d-ed50353c0e1e', 'arges', 'Mioveni', '2025-09-09 14:02:20.211018+00'),
	('d78f9832-825f-44d5-8266-dba099d0cfb1', 'arges', 'Pitești', '2025-09-09 14:02:20.211018+00'),
	('a19871f9-d7d3-40a2-99fe-c02f9a0c7a5e', 'arges', 'Ștefănești', '2025-09-09 14:02:20.211018+00'),
	('c229c093-a455-4ff8-8cfe-04805da80480', 'arges', 'Topoloveni', '2025-09-09 14:02:20.211018+00'),
	('30772846-cfd6-47c2-94c0-dcabc29ebb1d', 'bacau', 'Bacău', '2025-09-09 14:02:20.211018+00'),
	('9845d779-2057-4a0b-85fe-47b218582f3d', 'bacau', 'Comănești', '2025-09-09 14:02:20.211018+00'),
	('0ec5289d-7bc2-4c61-a292-eef1a7c280c6', 'bacau', 'Dărmănești', '2025-09-09 14:02:20.211018+00'),
	('6b5d5de6-2475-4a2d-8a57-fdfa37adb38b', 'bacau', 'Onești', '2025-09-09 14:02:20.211018+00'),
	('3faca062-951b-455f-815e-de271b9f6a5b', 'bacau', 'Slănic-Moldova', '2025-09-09 14:02:20.211018+00'),
	('578bcbdd-d840-47da-b0f3-a32b0c350fd9', 'bacau', 'Târgu Ocna', '2025-09-09 14:02:20.211018+00'),
	('3192b86d-bfec-4db2-a324-d78e4231411f', 'bihor', 'Aleșd', '2025-09-09 14:02:20.211018+00'),
	('5a0651e6-091e-4c07-ba3b-5ffd60aabcf9', 'bihor', 'Beiuș', '2025-09-09 14:02:20.211018+00'),
	('2f41bc1c-8c53-4fda-a9b1-0258bf22a4ec', 'bihor', 'Marghita', '2025-09-09 14:02:20.211018+00'),
	('e4b0844d-a513-4147-8781-0ee24a8615e5', 'bihor', 'Oradea', '2025-09-09 14:02:20.211018+00'),
	('5b478b39-4e61-45b6-99f2-3892cba381f6', 'bihor', 'Salonta', '2025-09-09 14:02:20.211018+00'),
	('ac7e6b4d-f31a-4ff6-880f-f35e4ee5416f', 'bihor', 'Valea lui Mihai', '2025-09-09 14:02:20.211018+00'),
	('dc37a656-5096-483a-8d3f-301c468b6048', 'bistrita-nasaud', 'Beclean', '2025-09-09 14:02:20.211018+00'),
	('088eea24-237a-4b1b-ac9a-bb548ebcd9ef', 'bistrita-nasaud', 'Bistrița', '2025-09-09 14:02:20.211018+00'),
	('46afb2be-db2a-445e-8fe4-f2ece12e5c8e', 'bistrita-nasaud', 'Năsăud', '2025-09-09 14:02:20.211018+00'),
	('26f483d9-de11-41cf-b59c-aaee8f79e77b', 'bistrita-nasaud', 'Sângeorz-Băi', '2025-09-09 14:02:20.211018+00'),
	('b56f08ba-b8c3-411f-860b-8434f1b64445', 'botosani', 'Botoșani', '2025-09-09 14:02:20.211018+00'),
	('4fcd5e47-b0e4-49d6-99f2-6048595c3418', 'botosani', 'Bucecea', '2025-09-09 14:02:20.211018+00'),
	('e5c287da-cb1b-4139-86ec-eb221334a290', 'botosani', 'Darabani', '2025-09-09 14:02:20.211018+00'),
	('711e9622-437f-4a55-91d4-fe82f50f9223', 'botosani', 'Dorohoi', '2025-09-09 14:02:20.211018+00'),
	('772dba85-0910-4fe2-b504-696d8ab57b39', 'botosani', 'Flămânzi', '2025-09-09 14:02:20.211018+00'),
	('a9a02f61-682c-49fe-81f9-31c5f474c9fc', 'botosani', 'Săveni', '2025-09-09 14:02:20.211018+00'),
	('b6c128af-ef4f-4566-a195-23e2a1a440ce', 'botosani', 'Ștefănești', '2025-09-09 14:02:20.211018+00'),
	('84ce0c44-6a55-4846-b836-59eb12189edf', 'brasov', 'Brașov', '2025-09-09 14:02:20.211018+00'),
	('99e8a0e7-37f4-45ef-8d69-458391c2f4f0', 'brasov', 'Codlea', '2025-09-09 14:02:20.211018+00'),
	('5d5338ca-146e-4c5f-8a30-e9a395d2220c', 'brasov', 'Făgăraș', '2025-09-09 14:02:20.211018+00'),
	('5f021ca5-3793-4397-aff9-a5eef7ed5be8', 'brasov', 'Ghimbav', '2025-09-09 14:02:20.211018+00'),
	('421200ea-747e-4f16-80c0-3e45cbd058a9', 'brasov', 'Predeal', '2025-09-09 14:02:20.211018+00'),
	('8c6ab249-a045-4910-918c-b76c7691d74a', 'brasov', 'Râșnov', '2025-09-09 14:02:20.211018+00'),
	('1452c4b0-9626-4803-bfbc-4db44ce81692', 'brasov', 'Rupea', '2025-09-09 14:02:20.211018+00'),
	('4c1d1216-5126-49b7-b309-deebc7d19f8f', 'brasov', 'Săcele', '2025-09-09 14:02:20.211018+00'),
	('23f9c131-3923-48b3-bbd6-2382709f4646', 'brasov', 'Victoria', '2025-09-09 14:02:20.211018+00'),
	('3234be0e-f0b0-49c1-b3b3-0f4a07246062', 'brasov', 'Zărnești', '2025-09-09 14:02:20.211018+00'),
	('7bf60030-89d8-40a1-bd0e-0e71a3c8107d', 'braila', 'Brăila', '2025-09-09 14:02:20.211018+00'),
	('95afc5f3-f0a6-437c-b423-8a8a207fc3bc', 'braila', 'Ianca', '2025-09-09 14:02:20.211018+00'),
	('002f1547-a296-46c5-a32a-1a6ada3bf327', 'braila', 'Însurăței', '2025-09-09 14:02:20.211018+00'),
	('6dd2aa18-bda6-4be3-a0e0-66f3e415d76d', 'buzau', 'Buzău', '2025-09-09 14:02:20.211018+00'),
	('c107b4ad-128b-4728-8b20-4acb8f39fae2', 'buzau', 'Nehoiu', '2025-09-09 14:02:20.211018+00'),
	('3934092e-9144-413b-a1eb-2b935f9d4915', 'buzau', 'Pogoanele', '2025-09-09 14:02:20.211018+00'),
	('a68c994a-2222-41d6-b2e0-b3e1e4c58240', 'buzau', 'Râmnicu Sărat', '2025-09-09 14:02:20.211018+00'),
	('d33ba997-bd0d-4bc2-895c-6611d88caa70', 'bucuresti', 'București', '2025-09-09 14:02:20.211018+00'),
	('f1a0f4e5-0642-4b2c-800b-47082a77f815', 'calarasi', 'Budești', '2025-09-09 14:02:20.211018+00'),
	('9c282755-9a81-479d-9d80-ba689c6bae46', 'calarasi', 'Călărași', '2025-09-09 14:02:20.211018+00'),
	('a6f73328-338e-49e9-b07c-596af95c7bb2', 'calarasi', 'Fundulea', '2025-09-09 14:02:20.211018+00'),
	('de4df0a2-2cbb-41bf-991f-d929c2ebb443', 'calarasi', 'Lehliu Gară', '2025-09-09 14:02:20.211018+00'),
	('c9c7db89-17e8-4a4d-84e8-199b177c0ae2', 'calarasi', 'Oltenița', '2025-09-09 14:02:20.211018+00'),
	('0d109830-2063-4ad8-86e8-ad13e20ee873', 'caras-severin', 'Anina', '2025-09-09 14:02:20.211018+00'),
	('13d0f007-16b8-40d9-bf8d-d397073e2e32', 'caras-severin', 'Băile Herculane', '2025-09-09 14:02:20.211018+00'),
	('8b552dc0-59d7-4f03-846f-e2a3d9f381df', 'caras-severin', 'Bocșa', '2025-09-09 14:02:20.211018+00'),
	('2660be8f-cf6a-43c5-be59-6365c1e111b3', 'caras-severin', 'Caransebeș', '2025-09-09 14:02:20.211018+00'),
	('2192956c-11fb-4653-8bd4-18bbb2e931ec', 'caras-severin', 'Moldova Nouă', '2025-09-09 14:02:20.211018+00'),
	('047a2403-0f14-468d-8690-cf677dd2d79c', 'caras-severin', 'Oravița', '2025-09-09 14:02:20.211018+00'),
	('ddd8ba55-600b-4f0d-bf47-5635bcb94482', 'caras-severin', 'Oțelu Roșu', '2025-09-09 14:02:20.211018+00'),
	('43e3f933-65d9-4917-b1db-ece04d8dd3a1', 'caras-severin', 'Reșița', '2025-09-09 14:02:20.211018+00'),
	('13328f4f-a62d-4457-ba38-3f1c563787a9', 'cluj', 'Câmpia Turzii', '2025-09-09 14:02:20.211018+00'),
	('56da0805-19c8-4481-acba-3e7da9dd798d', 'cluj', 'Cluj-Napoca', '2025-09-09 14:02:20.211018+00'),
	('3d7a81bc-00ef-4960-81fd-76ad5f00816f', 'cluj', 'Dej', '2025-09-09 14:02:20.211018+00'),
	('461890b7-3826-49ad-b6ab-acb615586b0e', 'cluj', 'Gherla', '2025-09-09 14:02:20.211018+00'),
	('a50a271e-15f2-4902-9273-784d854e9d30', 'cluj', 'Huedin', '2025-09-09 14:02:20.211018+00'),
	('d64a5e0b-0101-40cc-a626-7b70706b30cd', 'cluj', 'Turda', '2025-09-09 14:02:20.211018+00'),
	('66b37ef3-723e-456a-a7fa-fd3078d48780', 'constanta', 'Cernavodă', '2025-09-09 14:02:20.211018+00'),
	('5df8070a-e881-4ca2-b64a-70e88dda95ab', 'constanta', 'Constanța', '2025-09-09 14:02:20.211018+00'),
	('9b2a93a0-452d-4f01-b777-582bff7701a8', 'constanta', 'Eforie', '2025-09-09 14:02:20.211018+00'),
	('f4265978-d8a4-40b6-9326-fbb2099a3d7c', 'constanta', 'Hârșova', '2025-09-09 14:02:20.211018+00'),
	('dd5ef9a4-1932-4067-9912-8728b4d26d64', 'constanta', 'Mangalia', '2025-09-09 14:02:20.211018+00'),
	('84847eda-e69f-4c34-8e4a-04d87e901d2f', 'constanta', 'Medgidia', '2025-09-09 14:02:20.211018+00'),
	('e7c0c311-7dbf-48cd-ba2b-495a1acf7b04', 'constanta', 'Murfatlar', '2025-09-09 14:02:20.211018+00'),
	('49fd8b17-8ae9-40ce-b893-934a38310f85', 'constanta', 'Năvodari', '2025-09-09 14:02:20.211018+00'),
	('9249494a-6606-4fa4-8ee6-37c2b9a82092', 'constanta', 'Ovidiu', '2025-09-09 14:02:20.211018+00'),
	('903c7aa5-a0e3-4ae2-80e6-e75f4339da4d', 'constanta', 'Techirghiol', '2025-09-09 14:02:20.211018+00'),
	('5d1ae9be-43f5-4c6d-945c-588feb124d5c', 'covasna', 'Baraolt', '2025-09-09 14:02:20.211018+00'),
	('66b26beb-00b6-4a4e-8305-6cdd7ac4f103', 'covasna', 'Covasna', '2025-09-09 14:02:20.211018+00'),
	('c26e0ddf-a775-4651-be4f-857ad778bdcb', 'covasna', 'Întorsura Buzăului', '2025-09-09 14:02:20.211018+00'),
	('728e7a00-bdf2-4217-8146-e55c3deb82cd', 'covasna', 'Sfântu Gheorghe', '2025-09-09 14:02:20.211018+00'),
	('86723aaa-490e-4f8e-840a-9b79d534cfd9', 'covasna', 'Târgu Secuiesc', '2025-09-09 14:02:20.211018+00'),
	('9e51655e-c523-49b6-a1b9-f840f6ca239b', 'dambovita', 'Fieni', '2025-09-09 14:02:20.211018+00'),
	('4dcddb1d-7996-4366-963f-abfa09d9d54b', 'dambovita', 'Găești', '2025-09-09 14:02:20.211018+00'),
	('730b1925-d10d-47a2-82c4-19aacb0616b6', 'dambovita', 'Moreni', '2025-09-09 14:02:20.211018+00'),
	('04fd3c94-b9a4-4e25-9ec2-279b62827e80', 'dambovita', 'Pucioasa', '2025-09-09 14:02:20.211018+00'),
	('9491dde3-efeb-4c31-85cd-badf71bb631b', 'dambovita', 'Târgoviște', '2025-09-09 14:02:20.211018+00'),
	('2415cf7d-acac-45b4-b991-e6cb33611b5d', 'dambovita', 'Titu', '2025-09-09 14:02:20.211018+00'),
	('68cdc1c6-451d-42b2-b157-37cb5ba1dcda', 'dolj', 'Băilești', '2025-09-09 14:02:20.211018+00'),
	('8c77cbb6-d291-4e2b-a58b-a647ea893588', 'dolj', 'Bechet', '2025-09-09 14:02:20.211018+00'),
	('0f33628d-d31c-472a-a83f-b388633292b5', 'dolj', 'Calafat', '2025-09-09 14:02:20.211018+00'),
	('86089496-9e88-4598-9036-e5ce549001bf', 'dolj', 'Craiova', '2025-09-09 14:02:20.211018+00'),
	('0bac0551-be16-453a-8e7b-8f2f8a34aae6', 'dolj', 'Dăbuleni', '2025-09-09 14:02:20.211018+00'),
	('ae1fb743-433d-4f3a-9b00-8ffdb760e92d', 'dolj', 'Filiași', '2025-09-09 14:02:20.211018+00'),
	('c7dc5e1a-7b54-49f4-920f-61705401d958', 'braila', 'Făurei', '2025-09-09 14:02:20.211018+00'),
	('bebe24a1-7e0a-4842-9a06-0a2958b8673d', 'dolj', 'Segarcea', '2025-09-09 14:02:20.211018+00'),
	('8734948b-6930-4103-b931-0f4b9b420857', 'galati', 'Galați', '2025-09-09 14:02:20.211018+00'),
	('5701d029-1d4f-41f1-8b45-3930e2ca88fd', 'galati', 'Berești', '2025-09-09 14:02:20.211018+00'),
	('e4fb88f7-1bb1-4baf-925c-f9c7889f8e20', 'galati', 'Tecuci', '2025-09-09 14:02:20.211018+00'),
	('5588e00e-0c26-491c-ace5-e8d168c9602e', 'giurgiu', 'Giurgiu', '2025-09-09 14:02:20.211018+00'),
	('ca77bb13-04ee-4761-84c0-8be368bec076', 'giurgiu', 'Bolintin-Vale', '2025-09-09 14:02:20.211018+00'),
	('1cad0f1c-2035-40d4-87e1-cd2376a1402f', 'giurgiu', 'Mihăilești', '2025-09-09 14:02:20.211018+00'),
	('ed986a1b-afd5-4d8c-8519-75d462e3b359', 'gorj', 'Târgu Jiu', '2025-09-09 14:02:20.211018+00'),
	('84216151-18c6-4aa9-bb9a-fd5c0f4446f3', 'gorj', 'Bumbești-Jiu', '2025-09-09 14:02:20.211018+00'),
	('0a12332e-7933-476a-b768-7a98915048f4', 'gorj', 'Motru', '2025-09-09 14:02:20.211018+00'),
	('a4435937-e1ab-4692-ae66-cb45c0e9cb53', 'gorj', 'Novaci', '2025-09-09 14:02:20.211018+00'),
	('2b29a3af-fc0e-446b-abc0-6e389a9e1ef4', 'gorj', 'Rovinari', '2025-09-09 14:02:20.211018+00'),
	('55d7886c-1c9b-4343-a6b6-36f85af01ead', 'gorj', 'Târgu Cărbunești', '2025-09-09 14:02:20.211018+00'),
	('e2bb891e-5f51-471f-b06d-b22eab7c16a1', 'gorj', 'Turceni', '2025-09-09 14:02:20.211018+00'),
	('8049a971-1fe3-45b5-b4f2-72fb1ced6678', 'harghita', 'Băile Tușnad', '2025-09-09 14:02:20.211018+00'),
	('a9a5aad5-230a-4f6e-84ec-466c0391668a', 'harghita', 'Bălan', '2025-09-09 14:02:20.211018+00'),
	('2d166541-9433-43e0-a3cb-adaea226e3aa', 'harghita', 'Borsec', '2025-09-09 14:02:20.211018+00'),
	('aa383ec0-4468-4c25-9ac0-2ccb44e76fda', 'harghita', 'Cristuru Secuiesc', '2025-09-09 14:02:20.211018+00'),
	('4f2cbbbe-99e9-43d8-9788-91ad8a823164', 'harghita', 'Miercurea Ciuc', '2025-09-09 14:02:20.211018+00'),
	('99e34702-f9b0-4bd5-9c79-68b870de6d25', 'harghita', 'Odorheiu Secuiesc', '2025-09-09 14:02:20.211018+00'),
	('81b975ca-9f76-4b55-9725-719144811776', 'harghita', 'Toplița', '2025-09-09 14:02:20.211018+00'),
	('86a547fe-2517-454c-a690-fa7939ed296e', 'harghita', 'Vlăhița', '2025-09-09 14:02:20.211018+00'),
	('a23d7c86-7d4b-409f-8d11-7323d5b36c6b', 'hunedoara', 'Brad', '2025-09-09 14:02:20.211018+00'),
	('e4e1dfc0-3113-46f3-8ea2-f298221364e6', 'hunedoara', 'Călan', '2025-09-09 14:02:20.211018+00'),
	('85262f47-7741-44c0-98d6-cd446e6514a9', 'hunedoara', 'Deva', '2025-09-09 14:02:20.211018+00'),
	('3ec54ffa-d5c1-4576-b4ae-95d68dccc5e1', 'hunedoara', 'Hațeg', '2025-09-09 14:02:20.211018+00'),
	('73088dea-9a46-4776-a72c-8bcfd250b184', 'hunedoara', 'Hunedoara', '2025-09-09 14:02:20.211018+00'),
	('226c0a74-3573-4b28-8221-ee656aa9f382', 'hunedoara', 'Lupeni', '2025-09-09 14:02:20.211018+00'),
	('f9284ecd-6592-43d4-b09c-b4c0bab19a43', 'hunedoara', 'Orăștie', '2025-09-09 14:02:20.211018+00'),
	('b645893b-e483-4358-b74c-878cc311e654', 'hunedoara', 'Petrila', '2025-09-09 14:02:20.211018+00'),
	('ba931a1a-62e7-472e-9966-c8c0bee82653', 'hunedoara', 'Petroșani', '2025-09-09 14:02:20.211018+00'),
	('01b6a821-8214-4632-bcce-908fb027ed4d', 'hunedoara', 'Simeria', '2025-09-09 14:02:20.211018+00'),
	('1cbda3ef-4f9d-46df-bd03-d31418b74456', 'hunedoara', 'Uricani', '2025-09-09 14:02:20.211018+00'),
	('193286c2-611a-4a56-9847-f9feb0445678', 'hunedoara', 'Vulcan', '2025-09-09 14:02:20.211018+00'),
	('eaae1b7b-97b8-4f30-b00f-601102cdd5cb', 'ialomita', 'Amara', '2025-09-09 14:02:20.211018+00'),
	('4dd0791a-2aae-4c19-994c-155c898cd426', 'ialomita', 'Fetești', '2025-09-09 14:02:20.211018+00'),
	('0c9839ad-bd98-4fd7-86ae-c853f9f6b1a8', 'ialomita', 'Fierbinți-Târg', '2025-09-09 14:02:20.211018+00'),
	('c9d94f8d-b2df-40df-9435-66c9b8a631d3', 'ialomita', 'Țăndărei', '2025-09-09 14:02:20.211018+00'),
	('98ee22bb-794e-4dac-a4d1-3fe0684750f7', 'ialomita', 'Urziceni', '2025-09-09 14:02:20.211018+00'),
	('216c6fb8-87c6-460d-b91a-377916417699', 'iasi', 'Hârlău', '2025-09-09 14:02:20.211018+00'),
	('2d705773-1286-491b-b792-7fc809e4d458', 'iasi', 'Pașcani', '2025-09-09 14:02:20.211018+00'),
	('bbbe3f13-addd-4584-9ce4-63a3d5b81f0d', 'iasi', 'Târgu Frumos', '2025-09-09 14:02:20.211018+00'),
	('d1f2567e-c8b4-411b-8a6b-198aa879a6e0', 'iasi', 'Iași', '2025-09-09 14:02:20.211018+00'),
	('71481156-59be-4781-b400-7e2c5827f205', 'ilfov', 'Buftea', '2025-09-09 14:02:20.211018+00'),
	('b7102885-128b-4eee-a04d-bd9b6988134f', 'ilfov', 'Bragadiru', '2025-09-09 14:02:20.211018+00'),
	('0b893814-e4d7-44ae-b6d2-3c79b9c6f94d', 'ilfov', 'Chitila', '2025-09-09 14:02:20.211018+00'),
	('c7099ecd-e59f-4d44-9b26-c1b2b73f8722', 'ilfov', 'Măgurele', '2025-09-09 14:02:20.211018+00'),
	('29de158d-90a4-4ce7-947c-2d144bdeecde', 'ilfov', 'Otopeni', '2025-09-09 14:02:20.211018+00'),
	('069f379e-eb83-4523-878a-60aeaf88caf5', 'ilfov', 'Pantelimon', '2025-09-09 14:02:20.211018+00'),
	('973c8845-e778-4d55-a7e7-cc1197d1595e', 'ilfov', 'Popești-Leordeni', '2025-09-09 14:02:20.211018+00'),
	('679105a5-597e-4a3b-8ad2-aafa58e2f4ad', 'ilfov', 'Voluntari', '2025-09-09 14:02:20.211018+00'),
	('ca9da456-826e-4603-b8f7-502ba9185069', 'maramures', 'Baia Mare', '2025-09-09 14:02:20.211018+00'),
	('ebe14913-4c4f-4ca4-b01d-b591c8766273', 'maramures', 'Baia Sprie', '2025-09-09 14:02:20.211018+00'),
	('6a055feb-5a8e-4bb9-b7dd-a60efef3a32e', 'maramures', 'Borșa', '2025-09-09 14:02:20.211018+00'),
	('7491dbbf-0e76-48f4-bab0-4469a54fb3a0', 'maramures', 'Cavnic', '2025-09-09 14:02:20.211018+00'),
	('240c9594-9899-4c4b-b725-34148a8c58e9', 'maramures', 'Sighetu Marmației', '2025-09-09 14:02:20.211018+00'),
	('ee224cc9-5b8b-46ab-b3c2-57d571172922', 'maramures', 'Târgu Lăpuș', '2025-09-09 14:02:20.211018+00'),
	('93dd3507-bf4d-4ad8-b79e-c838e1ad323f', 'maramures', 'Ulmeni', '2025-09-09 14:02:20.211018+00'),
	('287324df-f812-465f-8ebf-27064881ecab', 'maramures', 'Vișeu de Sus', '2025-09-09 14:02:20.211018+00'),
	('438d71e1-a025-434e-89a5-12ca4aba2570', 'mehedinti', 'Drobeta-Turnu Severin', '2025-09-09 14:02:20.211018+00'),
	('b5a8e0fa-0993-4524-ab2d-6bc897b848f4', 'mehedinti', 'Orșova', '2025-09-09 14:02:20.211018+00'),
	('06bf7e8e-0ed7-4170-b9fa-80ab9b8f5420', 'mehedinti', 'Strehaia', '2025-09-09 14:02:20.211018+00'),
	('a1da45a4-872e-4cd2-a191-23c6dd6c558e', 'mehedinti', 'Vânju Mare', '2025-09-09 14:02:20.211018+00'),
	('83fca0ff-0c70-4c8d-a34a-947758ebaebf', 'mures', 'Iernut', '2025-09-09 14:02:20.211018+00'),
	('a80289c2-b6f7-431c-8a0b-9f47de1bcdfd', 'mures', 'Luduș', '2025-09-09 14:02:20.211018+00'),
	('60856cee-74f1-420d-8d17-5e5e77859dc4', 'mures', 'Miercurea Nirajului', '2025-09-09 14:02:20.211018+00'),
	('2daa573d-2cfe-44f3-ac94-931d50234764', 'mures', 'Reghin', '2025-09-09 14:02:20.211018+00'),
	('e150102e-cfbb-4a4a-a1ad-afee8a1e07a0', 'mures', 'Sighișoara', '2025-09-09 14:02:20.211018+00'),
	('d684b027-5c9a-4c56-b553-63cb4d35e8f0', 'mures', 'Sovata', '2025-09-09 14:02:20.211018+00'),
	('0b1b7ee8-a707-4672-9797-1c47e0e5110a', 'mures', 'Târgu Mureș', '2025-09-09 14:02:20.211018+00'),
	('bcb2b682-9e38-4222-adc6-147d587fa2bc', 'mures', 'Târnăveni', '2025-09-09 14:02:20.211018+00'),
	('d204a9a9-acdf-47a8-ae20-d818c2f1e8eb', 'mures', 'Ungheni', '2025-09-09 14:02:20.211018+00'),
	('136645d2-363f-4b9a-9891-a230d6c87f07', 'neamt', 'Bicaz', '2025-09-09 14:02:20.211018+00'),
	('e8b93979-7b87-47a1-996b-dd6ada0a6976', 'neamt', 'Piatra Neamț', '2025-09-09 14:02:20.211018+00'),
	('fe49477c-22ff-41da-b99d-f83d98d6c4b0', 'neamt', 'Roznov', '2025-09-09 14:02:20.211018+00'),
	('029415e2-83dd-494f-b61f-06de1ef0f539', 'neamt', 'Târgu Neamț', '2025-09-09 14:02:20.211018+00'),
	('32bfe71f-d202-46e5-8717-3b83abbfe489', 'olt', 'Balș', '2025-09-09 14:02:20.211018+00'),
	('cf12e662-3256-400c-ad34-a9687f252ab6', 'olt', 'Caracal', '2025-09-09 14:02:20.211018+00'),
	('bbdeee1f-5fcb-481c-a9b0-e7a072e14d44', 'olt', 'Corabia', '2025-09-09 14:02:20.211018+00'),
	('e0c21d21-3642-4d26-b8dd-4f776a6f111b', 'olt', 'Drăgănești-Olt', '2025-09-09 14:02:20.211018+00'),
	('f065e865-32d1-4fa8-80bf-7abebceffa47', 'olt', 'Piatra-Olt', '2025-09-09 14:02:20.211018+00'),
	('7b528cab-6c70-47c0-b87c-57182b837686', 'olt', 'Potcoava', '2025-09-09 14:02:20.211018+00'),
	('02a0ea71-2f35-40ac-9893-796d04f00860', 'olt', 'Scornicești', '2025-09-09 14:02:20.211018+00'),
	('bd844c84-e49f-4fa3-abad-7f7bb7c49b5f', 'olt', 'Slatina', '2025-09-09 14:02:20.211018+00'),
	('63e2f861-3926-4661-860d-6e803d3fabbc', 'prahova', 'Azuga', '2025-09-09 14:02:20.211018+00'),
	('32f1a1c6-7e7a-4171-9e11-a13ebc282d5f', 'prahova', 'Băicoi', '2025-09-09 14:02:20.211018+00'),
	('521316c0-7a39-4987-b4a8-4436dbea2e0c', 'prahova', 'Boldești-Scăeni', '2025-09-09 14:02:20.211018+00'),
	('b8e4ba93-6d1e-4a30-90db-64ddc032a1f5', 'prahova', 'Breaza', '2025-09-09 14:02:20.211018+00'),
	('4b4d9b37-2522-4312-9a5d-551eae96e6b2', 'prahova', 'Bușteni', '2025-09-09 14:02:20.211018+00'),
	('934c6a4f-ccfa-4bba-bbdd-f2cee1662dd1', 'prahova', 'Câmpina', '2025-09-09 14:02:20.211018+00'),
	('0ee6047a-0776-498c-babb-27b69f3cc387', 'prahova', 'Comarnic', '2025-09-09 14:02:20.211018+00'),
	('00642fad-f9c4-415a-ab7a-6fced540d95b', 'prahova', 'Mizil', '2025-09-09 14:02:20.211018+00'),
	('b1d47335-0d1e-4bfb-a6cf-6851391b7ec1', 'prahova', 'Ploiești', '2025-09-09 14:02:20.211018+00'),
	('3fd67a5a-14a2-4890-baa5-0f94e30937c6', 'prahova', 'Plopeni', '2025-09-09 14:02:20.211018+00'),
	('950315ad-6e8e-431a-9b8e-8233c18390f5', 'prahova', 'Sinaia', '2025-09-09 14:02:20.211018+00'),
	('13a971f7-92ae-471f-ad48-df94f85b1d94', 'prahova', 'Slănic', '2025-09-09 14:02:20.211018+00'),
	('3de29960-6806-4d8b-b9e6-5d737f5ca2f1', 'prahova', 'Urlați', '2025-09-09 14:02:20.211018+00'),
	('f145bc58-9a3e-428c-b289-1c7b5c55b25f', 'prahova', 'Vălenii de Munte', '2025-09-09 14:02:20.211018+00'),
	('a544a173-5f7d-4c17-a72d-719301fa2e5e', 'salaj', 'Cehu Silvaniei', '2025-09-09 14:02:20.211018+00'),
	('7d09d3c2-c57a-4c30-a66c-41f7590e4538', 'salaj', 'Jibou', '2025-09-09 14:02:20.211018+00'),
	('72605175-2c11-4c98-8ae2-41b59d790109', 'salaj', 'Zalău', '2025-09-09 14:02:20.211018+00'),
	('f8bc5e1c-2b02-4ffe-badc-fb866c602f61', 'satu-mare', 'Carei', '2025-09-09 14:02:20.211018+00'),
	('0f92c50f-9a42-470d-b09d-03c73a59972d', 'satu-mare', 'Livada', '2025-09-09 14:02:20.211018+00'),
	('bc3f5cff-2dff-47f7-b22b-75a6f8b9e2f4', 'satu-mare', 'Negrești-Oaș', '2025-09-09 14:02:20.211018+00'),
	('9eec2bcb-cdc5-4005-b2a1-5f1e9ebe877c', 'satu-mare', 'Satu Mare', '2025-09-09 14:02:20.211018+00'),
	('3f1e249b-97da-4fdb-b627-8c3ef5ec77a2', 'satu-mare', 'Tășnad', '2025-09-09 14:02:20.211018+00'),
	('1cd7eeda-0dbf-448a-bf01-e6fdec7cf525', 'sibiu', 'Agnita', '2025-09-09 14:02:20.211018+00'),
	('ad9b62c2-36e9-4d09-8d9d-3337862c9585', 'sibiu', 'Avrig', '2025-09-09 14:02:20.211018+00'),
	('b1d70264-01b2-4418-aa63-e23a565840c8', 'sibiu', 'Cisnădie', '2025-09-09 14:02:20.211018+00'),
	('9718704c-ae80-4086-8ad9-8cd5ec294fa0', 'maramures', 'Șomcuta Mare', '2025-09-09 14:02:20.211018+00'),
	('1e08ef8b-2874-493c-b41c-271d62391431', 'sibiu', 'Copșa Mică', '2025-09-09 14:02:20.211018+00'),
	('e4a0eeff-2937-43a9-b2ab-67bc24ce40d7', 'sibiu', 'Dumbrăveni', '2025-09-09 14:02:20.211018+00'),
	('3550e422-3934-4d2e-8c02-ae08313a7067', 'sibiu', 'Mediaș', '2025-09-09 14:02:20.211018+00'),
	('fd72f18b-a8fe-41b2-89d3-9dc0a9fe96c0', 'sibiu', 'Miercurea Sibiului', '2025-09-09 14:02:20.211018+00'),
	('ab005395-0c12-47e3-b91e-b4b8259226fc', 'sibiu', 'Ocna Sibiului', '2025-09-09 14:02:20.211018+00'),
	('028274e3-4964-4371-b4ab-883c3ff1c266', 'sibiu', 'Săliște', '2025-09-09 14:02:20.211018+00'),
	('4790c9fb-dcdd-4e22-a952-7873d93083f6', 'sibiu', 'Sibiu', '2025-09-09 14:02:20.211018+00'),
	('a7e45c1f-6b85-484c-ba96-19ce7837fd2e', 'sibiu', 'Tălmaciu', '2025-09-09 14:02:20.211018+00'),
	('b2da952e-2f4e-4c9c-93ee-53faada09c35', 'suceava', 'Broșteni', '2025-09-09 14:02:20.211018+00'),
	('4a335a9d-9113-443a-949f-a8af0890c8d4', 'suceava', 'Câmpulung Moldovenesc', '2025-09-09 14:02:20.211018+00'),
	('3f366e71-c27a-4be2-bc1b-fe30cf7aba7f', 'suceava', 'Fălticeni', '2025-09-09 14:02:20.211018+00'),
	('edd1f556-6202-422d-9737-d1944ee90988', 'suceava', 'Gura Humorului', '2025-09-09 14:02:20.211018+00'),
	('4f6384eb-c009-44c8-880c-b7f3971e0d78', 'suceava', 'Liteni', '2025-09-09 14:02:20.211018+00'),
	('951ad230-6a4b-4dce-b481-537f29fa35cf', 'suceava', 'Milișăuți', '2025-09-09 14:02:20.211018+00'),
	('700572aa-80b8-4dbf-b2a9-5b61da9d2432', 'suceava', 'Rădăuți', '2025-09-09 14:02:20.211018+00'),
	('4ce82700-c4e6-435a-a150-2b23924c0169', 'suceava', 'Salcea', '2025-09-09 14:02:20.211018+00'),
	('a515f23f-2b69-49eb-9292-1b86d86211ef', 'suceava', 'Siret', '2025-09-09 14:02:20.211018+00'),
	('874a181c-8406-488b-8ea9-b733d000e130', 'suceava', 'Suceava', '2025-09-09 14:02:20.211018+00'),
	('20df2f05-d465-4a27-b00f-9bdd3c71024a', 'suceava', 'Vicovu de Sus', '2025-09-09 14:02:20.211018+00'),
	('0c79a40f-89b6-4f48-8fb1-c61258c8a9a7', 'suceava', 'Vatra Dornei', '2025-09-09 14:02:20.211018+00'),
	('f1bafa80-6cb0-49e9-adfb-7a1e1e4c2b50', 'teleorman', 'Alexandria', '2025-09-09 14:02:20.211018+00'),
	('014e1b76-c2ef-49c2-ae57-f971948049c6', 'teleorman', 'Turnu Măgurele', '2025-09-09 14:02:20.211018+00'),
	('0ee7319d-7055-401c-8adf-6d97d556ff7b', 'teleorman', 'Videle', '2025-09-09 14:02:20.211018+00'),
	('0ea8a22c-30ef-4667-b6a0-0202c30808dc', 'teleorman', 'Zimnicea', '2025-09-09 14:02:20.211018+00'),
	('7b4b93ae-36e9-4501-9c1f-66acad72f378', 'timis', 'Buziaș', '2025-09-09 14:02:20.211018+00'),
	('dcad3f69-e710-4735-8841-d42893b2243e', 'timis', 'Ciacova', '2025-09-09 14:02:20.211018+00'),
	('7cd979ef-6fbc-496e-bebc-a3c7c12251ac', 'timis', 'Deta', '2025-09-09 14:02:20.211018+00'),
	('54abc53a-b6d9-4f52-ab01-985e1581f0f2', 'timis', 'Făget', '2025-09-09 14:02:20.211018+00'),
	('ef42f817-0e7b-4f47-9a5a-8341a264b7fa', 'timis', 'Jimbolia', '2025-09-09 14:02:20.211018+00'),
	('0ed77725-397a-4338-8b40-cdc3984c0c1c', 'timis', 'Lugoj', '2025-09-09 14:02:20.211018+00'),
	('013edc03-0fa2-4c9c-a240-4f61a42a5e0b', 'timis', 'Recaș', '2025-09-09 14:02:20.211018+00'),
	('0b0d2e03-5323-42da-9120-a26f0eb3b160', 'timis', 'Sânnicolau Mare', '2025-09-09 14:02:20.211018+00'),
	('c770c288-0292-4e6a-8f7d-adf38b2a4810', 'timis', 'Timișoara', '2025-09-09 14:02:20.211018+00'),
	('86af90e1-b0c8-4c87-a0fc-0eacaa205889', 'tulcea', 'Babadag', '2025-09-09 14:02:20.211018+00'),
	('e40b5b23-1495-45ab-a220-cdc19f9ea983', 'tulcea', 'Isaccea', '2025-09-09 14:02:20.211018+00'),
	('94224d1a-d8a3-45f1-b4dd-3bdaf54684a1', 'tulcea', 'Măcin', '2025-09-09 14:02:20.211018+00'),
	('41b32369-a529-430a-b18d-48401f01cb85', 'tulcea', 'Sulina', '2025-09-09 14:02:20.211018+00'),
	('17f5eab8-3501-4f3e-950e-b9edc7707c70', 'tulcea', 'Tulcea', '2025-09-09 14:02:20.211018+00'),
	('69c6b0d9-1ae8-4d39-9ddf-99ce00b91509', 'valcea', 'Băbeni', '2025-09-09 14:02:20.211018+00'),
	('c176e783-5901-4a4e-b45e-8462fe3559cf', 'valcea', 'Băile Govora', '2025-09-09 14:02:20.211018+00'),
	('498047f3-87f9-4ab4-9c65-d26e518ffaf4', 'valcea', 'Băile Olănești', '2025-09-09 14:02:20.211018+00'),
	('beae3657-3df0-4d93-b091-13804036dd14', 'valcea', 'Brezoi', '2025-09-09 14:02:20.211018+00'),
	('a6de3de4-2334-47e5-83a9-21d9fa90ad8b', 'valcea', 'Călimănești', '2025-09-09 14:02:20.211018+00'),
	('7465e59e-d45c-4cfc-8374-937f0f826cd7', 'valcea', 'Drăgășani', '2025-09-09 14:02:20.211018+00'),
	('eebbad5c-ec66-486f-a85e-ca2e8da97118', 'valcea', 'Horezu', '2025-09-09 14:02:20.211018+00'),
	('acbb85ba-8ac6-43e9-9398-b29707ac2f80', 'valcea', 'Ocnele Mari', '2025-09-09 14:02:20.211018+00'),
	('6e64713e-649f-46a0-b67c-2926ecaea00e', 'valcea', 'Râmnicu Vâlcea', '2025-09-09 14:02:20.211018+00'),
	('85963560-cef2-495d-bdf1-322a5372e8ee', 'vaslui', 'Bârlad', '2025-09-09 14:02:20.211018+00'),
	('c3f7c1ad-9ff9-4d42-814e-48f1ab43d544', 'vaslui', 'Huși', '2025-09-09 14:02:20.211018+00'),
	('dcd83e3d-3263-40ed-b415-b8f8f0ca6d4b', 'vaslui', 'Murgeni', '2025-09-09 14:02:20.211018+00'),
	('12bd35c3-9a17-4868-a037-efc042fdae87', 'vaslui', 'Negrești', '2025-09-09 14:02:20.211018+00'),
	('58a001ef-d631-4171-8ee5-f6a36ccec328', 'vaslui', 'Vaslui', '2025-09-09 14:02:20.211018+00'),
	('1a789e42-a594-4c5f-8139-998b197b1be3', 'vrancea', 'Adjud', '2025-09-09 14:02:20.211018+00'),
	('d65eb516-3711-4332-8371-9b0986bece9c', 'vrancea', 'Focșani', '2025-09-09 14:02:20.211018+00'),
	('11d021ce-f5f5-49b5-bcfe-0b3e951d0a28', 'vrancea', 'Mărășești', '2025-09-09 14:02:20.211018+00'),
	('0fef64fe-d60f-49bd-8752-b45eead0ec71', 'vrancea', 'Odobești', '2025-09-09 14:02:20.211018+00'),
	('60c5ebb4-a4a5-47dd-b5d5-3e9c8db63fd8', 'vrancea', 'Panciu', '2025-09-09 14:02:20.211018+00'),
	('b45c2cfb-9011-43b8-8133-130c7a7fdea4', 'bihor', 'Ștei', '2025-09-09 16:02:06.581609+00'),
	('755369b2-9491-4b60-91c8-b6c25f42a53d', 'suceava', 'Frasin', '2025-09-09 16:02:06.581609+00'),
	('fa52271d-7617-483a-a84f-8cc6f0d9255e', 'maramures', 'Tăuții-Măgherăuș', '2025-09-09 16:02:06.581609+00'),
	('af9e6c4f-72b0-46f6-b3eb-9b8b990c5828', 'ialomita', 'Căzănești', '2025-09-09 16:02:06.581609+00'),
	('b2ce1afc-b64e-4601-a57a-3bbdc04bee8f', 'valcea', 'Berbești', '2025-09-09 16:02:06.581609+00'),
	('ecffe347-ff04-48dc-82da-590e93b30dd2', 'arad', 'Sebiș', '2025-09-09 16:02:06.581609+00'),
	('845c6f20-c6a4-4ce8-b6e4-d9118039b0d6', 'suceava', 'Cajvana', '2025-09-09 16:02:06.581609+00'),
	('20f598d2-b689-497f-962c-bff8f066507b', 'gorj', 'Țicleni', '2025-09-09 16:02:06.581609+00'),
	('f9d4d44f-af73-4b5b-8f73-129c4241b6b3', 'maramures', 'Dragomirești', '2025-09-09 16:02:06.581609+00'),
	('4ce7aadb-cdb6-4736-a063-9a05d18a6b26', 'bacau', 'Buhuși', '2025-09-09 16:02:06.581609+00'),
	('72f7a670-d9b9-4a57-a7ed-210b2d7188c1', 'gorj', 'Tismana', '2025-09-09 16:02:06.581609+00'),
	('de3123f6-21c0-4abe-a44d-2e883a6b21f0', 'bihor', 'Nucet', '2025-09-09 16:02:06.581609+00'),
	('cad54e4c-0de5-46e4-9457-2a8c5e1281fa', 'mehedinti', 'Baia de Aramă', '2025-09-09 16:02:06.581609+00'),
	('a8f40ec0-069a-4f9a-84f3-82fec27ff2a1', 'alba', 'Baia de Arieș', '2025-09-09 16:02:06.581609+00'),
	('6d5d569b-b5c2-4ff7-9898-95f5eb07319a', 'maramures', 'Săliștea de Sus', '2025-09-09 16:02:06.581609+00'),
	('db847806-975c-4f71-aaa1-31cd41c55703', 'mures', 'Sărmașu', '2025-09-09 16:02:06.581609+00'),
	('a9d8d475-9ed0-4c95-8aa1-de90d0eb2046', 'dambovita', 'Răcari', '2025-09-09 16:02:06.581609+00'),
	('7a343cd2-228a-45ce-b55f-cb25f95ab263', 'iasi', 'Podu Iloaiei', '2025-09-09 16:02:06.581609+00'),
	('3b426a5c-fa77-4d6a-87b0-d61fb8d8caae', 'constanta', 'Negru Vodă', '2025-09-09 16:02:06.581609+00'),
	('d93980a9-44e1-43e7-81c8-2bd32e769aeb', 'suceava', 'Solca', '2025-09-09 16:02:06.581609+00'),
	('519e5457-7a88-4844-9ba9-7cca6254df1b', 'mures', 'Sângeorgiu de Pădure', '2025-09-09 16:02:06.581609+00'),
	('5641f5c2-84a1-45f8-ac32-c8c6adbe9514', 'salaj', 'Șimleu Silvaniei', '2025-09-09 16:02:06.581609+00'),
	('508b6bdf-c2f4-4f63-9074-7a1cccf4bc2f', 'alba', 'Zlatna', '2025-09-09 16:02:06.581609+00'),
	('e0bee820-2c80-49c7-84a4-d845099e77f7', 'valcea', 'Bălcești', '2025-09-09 16:02:06.581609+00'),
	('f676cd4b-7f25-4c6b-b122-4425a9c9c1a4', 'neamt', 'Roman', '2025-09-09 16:02:06.581609+00'),
	('db779774-bdb0-4878-b623-049688a0e400', 'timis', 'Gătaia', '2025-09-09 16:02:06.581609+00'),
	('1388eba8-84da-4cf2-b982-b092935b2353', 'arges', 'Costești', '2025-09-09 16:02:06.581609+00'),
	('4f88b3f8-6fcc-46a9-9f2a-15953d449f9e', 'bihor', 'Săcueni', '2025-09-09 16:02:06.581609+00'),
	('4ffa93a2-ead9-4a26-9e4a-b9ffbde56d2e', 'suceava', 'Dolhasca', '2025-09-09 16:02:06.581609+00'),
	('0ce70e34-4dba-4b19-a87b-52c9dcf663ed', 'satu-mare', 'Ardud', '2025-09-09 16:02:06.581609+00'),
	('da7ff566-6e3c-41d9-b01d-39edd6cddf7b', 'harghita', 'Gheorgheni', '2025-09-09 16:02:06.581609+00'),
	('30de6aa8-9442-4244-a811-596b312295af', 'arad', 'Pâncota', '2025-09-09 16:02:06.581609+00'),
	('638d4b66-d00a-4765-8dc4-59f7e9a8b891', 'hunedoara', 'Geoagiu', '2025-09-09 16:02:06.581609+00'),
	('268ef488-1faf-459c-bba5-8446d4609b15', 'galati', 'Târgu Bujor', '2025-09-09 16:02:06.581609+00'),
	('cb44d5b2-9b1a-4ec1-847a-2281d4843ff4', 'bihor', 'Vașcău', '2025-09-09 16:02:06.581609+00'),
	('71667aba-7836-42a8-aab1-d293ce5a11d9', 'buzau', 'Pătârlagele', '2025-09-09 16:02:06.581609+00'),
	('3e4f370b-9766-403e-9047-00977cc890ff', 'bacau', 'Moinești', '2025-09-09 16:02:06.581609+00'),
	('815c4da3-9352-4442-9c67-68de4fa8e267', 'hunedoara', 'Aninoasa', '2025-09-09 16:02:06.581609+00'),
	('5e702f29-c572-4a75-b088-c198e9b17b7f', 'ialomita', 'Slobozia', '2025-09-09 16:02:06.581609+00'),
	('58ddc591-29bb-4c22-be20-130fa84d2dc3', 'maramures', 'Seini', '2025-09-09 16:02:06.581609+00'),
	('d7218252-26a4-4f7c-9133-9505b9a6d2f9', 'teleorman', 'Roșiorii de Vede', '2025-09-09 16:02:06.581609+00');


--
-- Data for Name: fish_bait; Type: TABLE DATA; Schema: public; Owner: postgres
--

INSERT INTO "public"."fish_bait" ("id", "name", "kind", "notes") VALUES
	('9e179809-0d01-41bf-aaad-4f8d663a83c5', 'Râme', 'natural', 'rame roșii, negre'),
	('aa1c8592-e925-4632-843f-d742e5813b27', 'Viermuși', 'natural', 'larve'),
	('4474e792-7d26-4b7f-9072-876caa8163c7', 'Porumb', 'natural', 'boabe / conservă'),
	('c143a00d-5002-4331-9d12-630261811b77', 'Mămăligă', 'natural', NULL),
	('e6a5f860-7852-4114-afdd-5ad668ab79f6', 'Pâine', 'natural', NULL),
	('26a2d077-7479-4946-bb7c-329b4f7cb394', 'Boilies', 'natural', 'mixuri carne/plantă'),
	('28c5bc17-a9fc-4b05-bf4a-071781e5029b', 'Pelete', 'natural', 'fishmeal sau sweet'),
	('ccb04acb-5390-4eb1-adf6-2954e6818a9c', 'Pastă', 'natural', 'method / arc'),
	('142e3c30-b9df-40d8-a51c-cd78faa4a4fd', 'Lipitori', 'natural', NULL),
	('119088dd-bc41-4626-9a4a-512755ad9d18', 'Peștișor viu', 'natural', 'babușcă, obleț, caras'),
	('e9c4bcc9-858f-4070-8b0f-d28b22de587b', 'Coropișniță', 'natural', NULL),
	('fb9317fd-ac51-4c3e-b124-b044260df7a3', 'Vobler', 'artificial', NULL),
	('4719fb8c-4863-4593-9cc8-e32ea46f427d', 'Linguriță', 'artificial', 'oscilantă'),
	('adc61f14-1fc3-4462-94ce-7b60cfbd7ae5', 'Rotativă', 'artificial', NULL),
	('f528745b-b107-4645-8e55-7622670412e6', 'Nălucă soft (gumă)', 'artificial', 'shad/creatură'),
	('d45220c5-2086-4e83-a4bf-938e46a43766', 'Jig', 'artificial', 'cap plumb'),
	('3971d4fc-cdaa-44e2-a5dc-fb511fb5bada', 'Muscă uscată', 'artificial', NULL),
	('8f3421d8-8580-42ab-889b-6a2fcb5534e6', 'Nimfă', 'artificial', NULL),
	('b0431290-6c9a-4430-993b-fcd8c411e18f', 'Streamer', 'artificial', NULL);


--
-- Data for Name: fish_method; Type: TABLE DATA; Schema: public; Owner: postgres
--

INSERT INTO "public"."fish_method" ("id", "code", "name", "description") VALUES
	('2782cdc2-e4b3-49ce-a0a2-7cce6b31af45', 'spinning', 'Spinning', NULL),
	('9a56b457-997e-4e73-8daa-69a01bace43d', 'feeder', 'Feeder', NULL),
	('056720b2-8a1f-46d6-96e9-733b6bd53684', 'pluta', 'Plută', NULL),
	('09c7b38f-687a-4016-99c9-d6118ea8c28b', 'fund', 'Pescuit la fund', NULL),
	('62109981-9f16-465a-a73c-0be5451254eb', 'trolling', 'Trolling', NULL),
	('1dba8e5a-95f3-4baf-a91a-88a9b8a0b968', 'fly', 'Mușcărit (fly)', NULL),
	('b708881c-c39b-44fc-88d7-044d07d0a083', 'jigging', 'Jigging', NULL),
	('bfce17d2-2f9d-4eb9-bdae-b7691378e3a9', 'copca', 'Pescuit la copcă', NULL);


--
-- Data for Name: fish_species; Type: TABLE DATA; Schema: public; Owner: postgres
--

INSERT INTO "public"."fish_species" ("id", "name", "scientific_name", "category", "water_type", "region", "min_weight", "max_weight", "min_length", "max_length", "description", "habitat", "feeding_habits", "spawning_season", "image_url", "is_native", "is_protected", "created_at", "updated_at", "needs_review") VALUES
	('c989d859-1706-4040-923b-b7d0c88554bb', 'Morun', 'Huso huso', 'amestec', 'fluviu', 'dobrogea', 5.00, 200.00, 100, 400, NULL, 'Migrează Marea Neagră ⇄ Dunăre; talveg, gropi adânci.', 'Prădător (pești, crustacee).', 'apr–iun', NULL, true, true, '2025-09-09 14:17:28.861101+00', '2025-09-09 14:17:28.861101+00', false),
	('310e9529-4dfa-4e1d-a3e2-bde60339f2e4', 'Nisetru', 'Acipenser gueldenstaedtii', 'amestec', 'fluviu', 'dobrogea', 5.00, 50.00, 100, 220, NULL, 'Marea Neagră ⇄ Dunăre.', 'Bentivor/piscivor.', 'apr–iun', NULL, true, true, '2025-09-09 14:17:28.861101+00', '2025-09-09 14:17:28.861101+00', false),
	('a7373f25-7b87-43d3-9547-ec121f3ebbf8', 'Cegă', 'Acipenser ruthenus', 'dulce', 'fluviu', 'dobrogea', 0.50, 8.00, 40, 120, NULL, 'Râuri mari, curent moderat.', 'Bentivor.', 'apr–iun', NULL, true, true, '2025-09-09 14:17:28.861101+00', '2025-09-09 14:17:28.861101+00', false),
	('cb2433ee-cb9c-4af7-8442-ae291c86ff36', 'Păstrugă', 'Acipenser stellatus', 'amestec', 'fluviu', 'dobrogea', 3.00, 30.00, 80, 200, NULL, 'Migrează din mare pe Dunăre.', 'Piscivor/bentivor.', 'apr–iun', NULL, true, true, '2025-09-09 14:17:28.861101+00', '2025-09-09 14:17:28.861101+00', false),
	('70366dfd-0eb2-4b3b-99b9-34806e456a15', 'Sturion european', 'Acipenser sturio', 'amestec', 'mare', 'dobrogea', 5.00, 100.00, 100, 300, NULL, 'Specie critic periclitată; apariții rare.', 'Prădător.', 'apr–iun', NULL, true, true, '2025-09-09 14:17:28.861101+00', '2025-09-09 14:17:28.861101+00', false),
	('b476fc6b-7f47-403d-a544-1c28ade31b9e', 'Scrumbie de Dunăre', 'Alosa immaculata', 'amestec', 'fluviu', 'dobrogea', 0.20, 1.00, 20, 40, NULL, 'Migrație de reproducere pe Dunăre primăvara.', 'Plancton/pui de pește.', 'mar–mai', NULL, true, false, '2025-09-09 14:17:28.861101+00', '2025-09-09 14:17:28.861101+00', false),
	('685cf7db-a4e3-4836-afd0-1d9634e31c5f', 'Hamsie', 'Engraulis encrasicolus', 'sarat', 'mare', 'dobrogea', 0.01, 0.05, 8, 15, NULL, 'Specie marină costieră.', 'Plancton.', 'mai–iul', NULL, true, false, '2025-09-09 14:17:28.861101+00', '2025-09-09 14:17:28.861101+00', false),
	('8d34927e-e2ab-4411-be6e-ad87b772cf84', 'Sprot', 'Sprattus sprattus', 'sarat', 'mare', 'dobrogea', 0.02, 0.08, 10, 18, NULL, 'Specie marină pelagică.', 'Plancton.', 'mai–iun', NULL, true, false, '2025-09-09 14:17:28.861101+00', '2025-09-09 14:17:28.861101+00', false),
	('4d1c483d-6ec3-4f0d-af7e-18e4e037451e', 'Știucă', 'Esox lucius', 'dulce', 'lac', 'muntenia', 0.50, 20.00, 40, 130, NULL, 'Golfuri cu stuf, bălți, lacuri.', 'Piscivor.', 'mar–apr', NULL, true, false, '2025-09-09 14:17:28.861101+00', '2025-09-09 14:17:28.861101+00', false),
	('8290de42-44bd-4240-ad2e-7ae45d35a4bc', 'Șalău', 'Sander lucioperca', 'dulce', 'lac', 'muntenia', 0.30, 10.00, 25, 100, NULL, 'Ape adânci, limpezi; acumulări.', 'Piscivor.', 'apr–mai', NULL, true, false, '2025-09-09 14:17:28.861101+00', '2025-09-09 14:17:28.861101+00', false),
	('1e77413f-6694-4082-bc75-35f231d66033', 'Biban', 'Perca fluviatilis', 'dulce', 'lac', 'muntenia', 0.20, 2.00, 15, 50, NULL, 'Lacuri/râuri lente, structură.', 'Prădător.', 'mar–apr', NULL, true, false, '2025-09-09 14:17:28.861101+00', '2025-09-09 14:17:28.861101+00', false),
	('90b0b5e9-04c0-4953-b627-f9c2ed19f838', 'Avat', 'Aspius aspius', 'dulce', 'fluviu', 'muntenia', 0.50, 6.00, 30, 80, NULL, 'Râuri mari, praguri cu curent.', 'Piscivor pelagic.', 'apr–iun', NULL, true, false, '2025-09-09 14:17:28.861101+00', '2025-09-09 14:17:28.861101+00', false),
	('29305291-3655-4faf-b33d-31b8d451be07', 'Somn', 'Silurus glanis', 'dulce', 'lac', 'muntenia', 1.00, 100.00, 40, 250, NULL, 'Râuri mari și lacuri adânci.', 'Prădător nocturn.', 'mai–iun', NULL, true, false, '2025-09-09 14:17:28.861101+00', '2025-09-09 14:17:28.861101+00', false),
	('99b62e7f-4bbe-4316-8689-cb13f85f3b7f', 'Crap', 'Cyprinus carpio', 'dulce', 'lac', 'muntenia', 0.50, 25.00, 20, 100, NULL, 'Lacuri, bălți, râuri lente.', 'Omnivor.', 'apr–iun', NULL, true, false, '2025-09-09 14:17:28.861101+00', '2025-09-09 14:17:28.861101+00', false),
	('bcdec043-f6ff-49eb-8dda-66f8a16d90bd', 'Caraș', 'Carassius gibelio', 'dulce', 'lac', 'muntenia', 0.20, 4.00, 15, 50, NULL, 'Iazuri/bălți cu vegetație.', 'Omnivor.', 'mai–iun', NULL, false, false, '2025-09-09 14:17:28.861101+00', '2025-09-09 14:17:28.861101+00', false),
	('4844ed7c-6fb1-43fd-92f4-d476021136a6', 'Caracudă', 'Carassius carassius', 'dulce', 'lac', 'muntenia', 0.20, 3.00, 15, 45, NULL, 'Bălți/iazuri cu vegetație.', 'Omnivor.', 'mai–iun', NULL, true, false, '2025-09-09 14:17:28.861101+00', '2025-09-09 14:17:28.861101+00', false),
	('2b522b11-9590-41d0-9310-ad5513c8fca7', 'Plătică', 'Abramis brama', 'dulce', 'lac', 'muntenia', 0.30, 3.00, 20, 60, NULL, 'Ape lente, fund mâlos.', 'Omnivor.', 'mai–iun', NULL, true, false, '2025-09-09 14:17:28.861101+00', '2025-09-09 14:17:28.861101+00', false),
	('0ca26c8f-ab08-4cba-9820-7870f3bd69de', 'Babușcă', 'Rutilus rutilus', 'dulce', 'lac', 'muntenia', 0.10, 1.50, 10, 45, NULL, 'Lacuri și ape lente.', 'Omnivor.', 'apr–iun', NULL, true, false, '2025-09-09 14:17:28.861101+00', '2025-09-09 14:17:28.861101+00', false),
	('ee70f7b0-17e2-44f8-b780-c098d73bd8eb', 'Roșioară', 'Scardinius erythrophthalmus', 'dulce', 'lac', 'muntenia', 0.10, 1.00, 10, 35, NULL, 'Lacuri/iazuri cu vegetație.', 'Omnivor.', 'apr–iun', NULL, true, false, '2025-09-09 14:17:28.861101+00', '2025-09-09 14:17:28.861101+00', false),
	('2f245583-78f7-4e74-b23f-7904aaea9666', 'Obleț', 'Alburnus alburnus', 'dulce', 'lac', 'muntenia', 0.05, 0.40, 8, 25, NULL, 'Strat superficial în ape lente.', 'Plancton/insecte.', 'mai–iun', NULL, true, false, '2025-09-09 14:17:28.861101+00', '2025-09-09 14:17:28.861101+00', false),
	('9ed6198f-9b26-4df4-bbbf-bb576bf30436', 'Clean', 'Squalius cephalus', 'dulce', 'rau', 'muntenia', 0.30, 6.00, 25, 80, NULL, 'Râuri colinare/submontane.', 'Omnivor oportunist.', 'apr–iun', NULL, true, false, '2025-09-09 14:17:28.861101+00', '2025-09-09 14:17:28.861101+00', false),
	('b7eb7fcc-951e-4683-ad94-25297e3acc6f', 'Lin', 'Tinca tinca', 'dulce', 'lac', 'muntenia', 0.30, 5.00, 20, 70, NULL, 'Iazuri/lacuri cu nămol și stuf.', 'Omnivor.', 'mai–iul', NULL, true, false, '2025-09-09 14:17:28.861101+00', '2025-09-09 14:17:28.861101+00', false),
	('3e553a71-54b4-48fe-870e-bdd1a35c505e', 'Mreană', 'Barbus barbus', 'dulce', 'rau', 'muntenia', 0.50, 6.00, 30, 90, NULL, 'Râuri cu curent, pietriș.', 'Bentivor.', 'mai–iun', NULL, true, false, '2025-09-09 14:17:28.861101+00', '2025-09-09 14:17:28.861101+00', false),
	('59968332-32c6-4616-af04-ee625dc6743a', 'Mreană vânătă', 'Barbus meridionalis', 'dulce', 'rau', 'muntenia', 0.20, 2.00, 20, 50, NULL, 'Râuri montane/submontane.', 'Bentivor.', 'mai–iun', NULL, true, false, '2025-09-09 14:17:28.861101+00', '2025-09-09 14:17:28.861101+00', false),
	('b0d95bb0-34c1-4145-8937-3c364277a969', 'Scobar', 'Chondrostoma nasus', 'dulce', 'rau', 'muntenia', 0.20, 3.00, 20, 60, NULL, 'Râuri cu curent, substrat tare.', 'Alge/invertebrate.', 'apr–mai', NULL, true, false, '2025-09-09 14:17:28.861101+00', '2025-09-09 14:17:28.861101+00', false),
	('e85abe38-c455-46aa-a827-e0e20e370a89', 'Sânger', 'Hypophthalmichthys molitrix', 'dulce', 'lac', 'muntenia', 1.00, 30.00, 30, 120, NULL, 'Lacuri mari/acumulări.', 'Planctonofag.', 'mai–iun', NULL, false, false, '2025-09-09 14:17:28.861101+00', '2025-09-09 14:17:28.861101+00', false),
	('d48c424e-12f6-4a41-bea4-3ad2ddec1d3c', 'Novac', 'Hypophthalmichthys nobilis', 'dulce', 'lac', 'muntenia', 1.00, 30.00, 30, 120, NULL, 'Lacuri mari/acumulări.', 'Planctonofag.', 'mai–iun', NULL, false, false, '2025-09-09 14:17:28.861101+00', '2025-09-09 14:17:28.861101+00', false),
	('5635a350-0d98-4c69-a83f-774c6aa71fe6', 'Cosaș (Amur)', 'Ctenopharyngodon idella', 'dulce', 'lac', 'muntenia', 1.00, 35.00, 30, 130, NULL, 'Lacuri și canale cu vegetație.', 'Fitofag.', 'mai–iun', NULL, false, false, '2025-09-09 14:17:28.861101+00', '2025-09-09 14:17:28.861101+00', false),
	('26650f21-7b28-4cab-887d-26e97a61d787', 'Boarță', 'Rhodeus amarus', 'dulce', 'lac', 'muntenia', 0.02, 0.10, 5, 10, NULL, 'Canale/lacuri; depune în scoici.', 'Omnivor.', 'apr–iun', NULL, true, true, '2025-09-09 14:17:28.861101+00', '2025-09-09 14:17:28.861101+00', false),
	('d3d8d0ff-4cc6-46ba-8033-349b4affca8c', 'Ghindel (ghiodel)', 'Gasterosteus aculeatus', 'dulce', 'lac', 'dobrogea', 0.01, 0.05, 4, 8, NULL, 'Ape puțin adânci, stuf.', 'Insectivor.', 'mai–iun', NULL, true, false, '2025-09-09 14:17:28.861101+00', '2025-09-09 14:17:28.861101+00', false),
	('fb0dc776-6935-4c98-a9e1-e89eb6773627', 'Boiștean', 'Leucaspius delineatus', 'dulce', 'lac', 'muntenia', 0.01, 0.05, 5, 9, NULL, 'Iazuri, bălți, canale.', 'Insectivor.', 'mai–iun', NULL, true, false, '2025-09-09 14:17:28.861101+00', '2025-09-09 14:17:28.861101+00', false),
	('eb4e5ef4-8fe7-4022-ac8c-f56b1a6e9d8b', 'Văduviță', 'Alburnoides bipunctatus', 'dulce', 'rau', 'muntenia', 0.02, 0.20, 8, 15, NULL, 'Râuri cu curent, praguri/pietriș.', 'Insectivor.', 'apr–iun', NULL, true, true, '2025-09-09 14:17:28.861101+00', '2025-09-09 14:17:28.861101+00', false),
	('e442d697-16a0-492a-8e4c-1c13438070f1', 'Sabiță', 'Pelecus cultratus', 'dulce', 'fluviu', 'dobrogea', 0.50, 5.00, 25, 60, NULL, 'Dunăre și lacuri litorale.', 'Plancton/pui de pești.', 'apr–iun', NULL, true, false, '2025-09-09 14:17:28.861101+00', '2025-09-09 14:17:28.861101+00', false),
	('8f1283c9-7cba-4061-84ae-ba31459d4475', 'Păstrăv indigen', 'Salmo trutta fario', 'dulce', 'rau', 'transilvania', 0.20, 4.00, 20, 70, NULL, 'Râuri reci, oxigenate.', 'Prădător.', 'oct–feb', NULL, true, true, '2025-09-09 14:17:28.861101+00', '2025-09-09 14:17:28.861101+00', false),
	('7a5cd7ce-88b5-4fc9-a0b9-824e9281bd6d', 'Păstrăv curcubeu', 'Oncorhynchus mykiss', 'dulce', 'rau', 'transilvania', 0.20, 5.00, 20, 80, NULL, 'Râuri/lacuri montane.', 'Prădător.', 'apr–iun', NULL, false, false, '2025-09-09 14:17:28.861101+00', '2025-09-09 14:17:28.861101+00', false),
	('27e11690-c4e5-49a7-9242-910ed7a2e19a', 'Păstrăv fântânel', 'Salvelinus fontinalis', 'dulce', 'rau', 'transilvania', 0.20, 3.00, 20, 60, NULL, 'Râuri montane reci.', 'Prădător.', 'apr–iun', NULL, false, false, '2025-09-09 14:17:28.861101+00', '2025-09-09 14:17:28.861101+00', false),
	('c2314796-5ec7-4578-bd61-48d87f04f844', 'Lipan', 'Thymallus thymallus', 'dulce', 'rau', 'transilvania', 0.20, 2.00, 20, 60, NULL, 'Râuri reci, curent.', 'Insectivor.', 'apr–iun', NULL, true, true, '2025-09-09 14:17:28.861101+00', '2025-09-09 14:17:28.861101+00', false),
	('a488b859-8ab0-4c39-ad50-51aae8593480', 'Lostriță', 'Hucho hucho', 'dulce', 'rau', 'transilvania', 1.00, 30.00, 60, 130, NULL, 'Râuri montane mari.', 'Prădător.', 'mar–apr', NULL, true, true, '2025-09-09 14:17:28.861101+00', '2025-09-09 14:17:28.861101+00', false),
	('fae12e92-c029-49b2-b4dd-1722de95edfa', 'Zglăvoacă', 'Cottus gobio', 'dulce', 'rau', 'transilvania', 0.02, 0.15, 6, 12, NULL, 'Râuri montane, pietroase.', 'Bentivor.', 'apr–iun', NULL, true, true, '2025-09-09 14:17:28.861101+00', '2025-09-09 14:17:28.861101+00', false),
	('7ca0b2ad-7158-41aa-aa77-f8705dce94e4', 'Zglăvoacă răsăriteană', 'Cottus poecilopus', 'dulce', 'rau', 'transilvania', 0.02, 0.20, 6, 14, NULL, 'Ape reci din Carpați.', 'Bentivor.', 'apr–iun', NULL, true, true, '2025-09-09 14:17:28.861101+00', '2025-09-09 14:17:28.861101+00', false),
	('4b60496c-50cf-4f82-b74b-3776eb1672b8', 'Sabanejewia balcanica', 'Sabanejewia balcanica', 'dulce', 'rau', 'muntenia', 0.01, 0.05, 5, 12, NULL, 'Râuri colinare.', 'Bentivor.', 'mai–iun', NULL, true, true, '2025-09-09 14:17:28.861101+00', '2025-09-09 14:17:28.861101+00', false),
	('b42d8c0a-4d4e-44c6-8895-e15ea5d1e70b', 'Zvârlugă (stone loach)', 'Barbatula barbatula', 'dulce', 'rau', 'transilvania', 0.01, 0.05, 6, 12, NULL, 'Râuri reci, pietriș.', 'Bentivor.', 'apr–iun', NULL, true, false, '2025-09-09 14:17:28.861101+00', '2025-09-09 14:17:28.861101+00', false),
	('f2e7b763-5487-42c1-9a08-d1fc16e5d7ea', 'Guvid de Dunăre', 'Neogobius fluviatilis', 'dulce', 'delta', 'dobrogea', 0.02, 0.20, 6, 15, NULL, 'Dunăre, lacuri deltaice.', 'Carnivor mic.', 'apr–iun', NULL, true, false, '2025-09-09 14:17:28.861101+00', '2025-09-09 14:17:28.861101+00', false),
	('214d06c7-45a4-4956-9b6d-1be39a28f87f', 'Guvid negru', 'Gobius niger', 'sarat', 'mare', 'dobrogea', 0.02, 0.30, 6, 20, NULL, 'Lagune și mare.', 'Prădător mic.', 'apr–iun', NULL, true, false, '2025-09-09 14:17:28.861101+00', '2025-09-09 14:17:28.861101+00', false),
	('daf6606a-4c53-4caf-a1ee-066180c30d83', 'Guvid ratan', 'Neogobius ratan', 'sarat', 'mare', 'dobrogea', 0.02, 0.30, 6, 20, NULL, 'Mare/lagune.', 'Prădător mic.', 'apr–iun', NULL, true, false, '2025-09-09 14:17:28.861101+00', '2025-09-09 14:17:28.861101+00', false),
	('093c34a3-0daf-4368-bfe8-a7c1fde9cc28', 'Guvid de iarbă', 'Zosterisessor ophiocephalus', 'sarat', 'mare', 'dobrogea', 0.02, 0.30, 6, 20, NULL, 'Ierburi submerse, lagune.', 'Prădător.', 'apr–iun', NULL, true, false, '2025-09-09 14:17:28.861101+00', '2025-09-09 14:17:28.861101+00', false),
	('9893fbc6-9d00-4165-80e1-f460acecabe5', 'Guvid de nisip', 'Pomatoschistus minutus', 'sarat', 'mare', 'dobrogea', 0.01, 0.08, 5, 10, NULL, 'Nisip litoral.', 'Prădător mic.', 'apr–iun', NULL, true, false, '2025-09-09 14:17:28.861101+00', '2025-09-09 14:17:28.861101+00', false),
	('9ddb2b5b-a15e-4a22-aa0b-6382aa75a56c', 'Guvid de mâl (round goby)', 'Neogobius melanostomus', 'amestec', 'delta', 'dobrogea', 0.02, 0.30, 6, 20, NULL, 'Dunăre/mare; invaziv.', 'Prădător.', 'apr–iun', NULL, false, false, '2025-09-09 14:17:28.861101+00', '2025-09-09 14:17:28.861101+00', false),
	('81441016-417b-4b56-b374-f24a6aa748cf', 'Guvid cu cap mare', 'Ponticola kessleri', 'amestec', 'fluviu', 'dobrogea', 0.02, 0.30, 6, 22, NULL, 'Dunăre și afluenți.', 'Prădător mic.', 'apr–iun', NULL, true, false, '2025-09-09 14:17:28.861101+00', '2025-09-09 14:17:28.861101+00', false),
	('f23422f0-5995-4b84-b6bb-e74a0e823fc6', 'Guvid străveziu', 'Aphia minuta', 'sarat', 'mare', 'dobrogea', 0.00, 0.01, 3, 6, NULL, 'Pelagic costier.', 'Plancton.', 'apr–iun', NULL, true, false, '2025-09-09 14:17:28.861101+00', '2025-09-09 14:17:28.861101+00', false),
	('b339c1d7-dd20-42bc-91ba-2fea27f93f8e', 'Guvid mic (revizuire)', NULL, 'amestec', 'delta', 'dobrogea', NULL, NULL, NULL, NULL, NULL, 'Guvid foarte mic (lagune deltaice).', '', '', NULL, true, false, '2025-09-09 14:17:28.861101+00', '2025-09-09 14:17:28.861101+00', true),
	('42b3e955-72b5-4327-b8d6-5f4587be47a9', 'Guvid cu coada lungă (revizuire)', NULL, 'sarat', 'mare', 'dobrogea', NULL, NULL, NULL, NULL, NULL, 'Probabil gobiid pelagic.', '', '', NULL, true, false, '2025-09-09 14:17:28.861101+00', '2025-09-09 14:17:28.861101+00', true),
	('c39cecf9-aa5c-4059-ab36-47168becf52e', 'Guvid de baltă (revizuire)', NULL, 'amestec', 'delta', 'dobrogea', NULL, NULL, NULL, NULL, NULL, 'Gobiid din lacuri interioare.', '', '', NULL, true, false, '2025-09-09 14:17:28.861101+00', '2025-09-09 14:17:28.861101+00', true),
	('771f6575-09e1-4bc8-a987-410fd7caf357', 'Guvid de Razelm (revizuire)', NULL, 'amestec', 'delta', 'dobrogea', NULL, NULL, NULL, NULL, NULL, 'Gobiid specific complexului Razim-Sinoe.', '', '', NULL, true, false, '2025-09-09 14:17:28.861101+00', '2025-09-09 14:17:28.861101+00', true),
	('48a973ca-b5be-44a7-975c-a183b332a0d7', 'Anghilă europeană (țipar)', 'Anguilla anguilla', 'amestec', 'lac', 'muntenia', 0.20, 4.00, 40, 120, NULL, 'Râuri/lacuri; se reproduce în Atlantic (Sargasso).', 'Prădător nocturn.', '—', NULL, true, true, '2025-09-09 14:17:28.861101+00', '2025-09-09 14:17:28.861101+00', false),
	('128b66f2-8a65-4a44-b93e-f32b711439c9', 'Mihalț (burbot)', 'Lota lota', 'dulce', 'rau', 'transilvania', 0.30, 5.00, 30, 80, NULL, 'Râuri reci; activ iarna.', 'Prădător.', 'dec–feb', NULL, true, true, '2025-09-09 14:17:28.861101+00', '2025-09-09 14:17:28.861101+00', false),
	('73f3968e-94d9-4270-84cc-8e3c955c3edc', 'Scrumbie de mare (revizuire)', NULL, 'sarat', 'mare', 'dobrogea', NULL, NULL, NULL, NULL, NULL, 'Termen popular pentru specii marine (ex. macrou).', '', '', NULL, true, false, '2025-09-09 14:17:28.861101+00', '2025-09-09 14:17:28.861101+00', true),
	('1c3c9b17-facb-4140-b06d-f03a6b1241ac', 'Scrumbie albastră (revizuire)', NULL, 'sarat', 'mare', 'dobrogea', NULL, NULL, NULL, NULL, NULL, '', '', '', NULL, true, false, '2025-09-09 14:17:28.861101+00', '2025-09-09 14:17:28.861101+00', true),
	('7eeafb67-1e36-44c1-9769-0ea6f3c799cc', 'Gingirică', 'Atherina boyeri', 'sarat', 'mare', 'dobrogea', 0.01, 0.02, 5, 12, NULL, 'Lagune/mare; bancuri.', 'Plancton.', 'mai–iul', NULL, true, false, '2025-09-09 14:17:28.861101+00', '2025-09-09 14:17:28.861101+00', false),
	('1477950b-877d-4361-ab34-65d297d83d69', 'Clean dungat (revizuire)', NULL, 'dulce', 'rau', 'muntenia', NULL, NULL, NULL, NULL, NULL, '', '', '', NULL, true, false, '2025-09-09 14:17:28.861101+00', '2025-09-09 14:17:28.861101+00', true),
	('5a326dc6-86e7-4053-b307-12fe3f8763b1', 'Tarancă (revizuire)', NULL, 'dulce', 'lac', 'muntenia', NULL, NULL, NULL, NULL, NULL, '', '', '', NULL, true, false, '2025-09-09 14:17:28.861101+00', '2025-09-09 14:17:28.861101+00', true),
	('eed92890-958a-42d4-954d-d1b320b7c815', 'Șip (revizuire)', NULL, 'dulce', 'lac', 'muntenia', NULL, NULL, NULL, NULL, NULL, '', '', '', NULL, true, false, '2025-09-09 14:17:28.861101+00', '2025-09-09 14:17:28.861101+00', true),
	('eb3e62b3-8352-4ccf-8db6-6fea57a88b78', 'Răspăr (alias ghiborț, revizuire)', NULL, 'dulce', 'lac', 'muntenia', NULL, NULL, NULL, NULL, NULL, '', '', '', NULL, true, false, '2025-09-09 14:17:28.861101+00', '2025-09-09 14:17:28.861101+00', true),
	('369e0151-d2bb-4e5d-9d39-f03a63af05bb', 'Umflătură (revizuire)', NULL, 'dulce', 'lac', 'muntenia', NULL, NULL, NULL, NULL, NULL, '', '', '', NULL, true, false, '2025-09-09 14:17:28.861101+00', '2025-09-09 14:17:28.861101+00', true),
	('15cfa321-a721-485d-bf83-a71a9ae43e91', 'Cosaș cu bot turtit (revizuire)', NULL, 'dulce', 'lac', 'muntenia', NULL, NULL, NULL, NULL, NULL, '', '', '', NULL, true, false, '2025-09-09 14:17:28.861101+00', '2025-09-09 14:17:28.861101+00', true),
	('684fb874-64fd-4264-b2f8-ddca7f51aff2', 'Zimbraș (prob. Vimba vimba)', 'Vimba vimba', 'dulce', 'fluviu', 'muntenia', 0.20, 1.50, 20, 50, NULL, 'Râuri mari (Dunăre și afluenți).', 'Omnivor.', 'apr–iun', NULL, true, false, '2025-09-09 14:17:28.861101+00', '2025-09-09 14:17:28.861101+00', true),
	('1ded3f11-b7a9-4998-adb6-d8003c3781b3', 'Porcușor de nisip', 'Gobio gobio', 'dulce', 'rau', 'muntenia', 0.02, 0.15, 6, 14, NULL, 'Râuri mici/medii.', 'Bentivor.', 'apr–iun', NULL, true, false, '2025-09-09 14:17:28.861101+00', '2025-09-09 14:17:28.861101+00', false),
	('c6be91ca-c1f7-44bc-a4f9-506a684c9c99', 'Porcușor de vad (revizuire)', NULL, 'dulce', 'rau', 'muntenia', NULL, NULL, NULL, NULL, NULL, '', '', '', NULL, true, false, '2025-09-09 14:17:28.861101+00', '2025-09-09 14:17:28.861101+00', true),
	('5074c927-9449-4d3a-99ae-b386bc210693', 'Porcușorul lui Antipa', 'Romanogobio antipa', 'dulce', 'fluviu', 'dobrogea', 0.02, 0.20, 6, 14, NULL, 'Sectorul inferior al Dunării.', 'Bentivor.', 'apr–iun', NULL, true, true, '2025-09-09 14:17:28.861101+00', '2025-09-09 14:17:28.861101+00', false),
	('62aac00e-47f3-4598-a372-91d6422407b1', 'Gambuzie', 'Gambusia holbrooki', 'dulce', 'lac', 'dobrogea', 0.00, 0.01, 3, 6, NULL, 'Ape mici, invazivă.', 'Insectivor (larve).', 'mai–aug', NULL, false, false, '2025-09-09 14:17:28.861101+00', '2025-09-09 14:17:28.861101+00', false),
	('7bf312cc-b954-4aca-a11d-065c6c5dbd59', 'Caras auriu', 'Carassius auratus', 'dulce', 'lac', 'muntenia', 0.10, 3.00, 10, 45, NULL, 'Bălți/iazuri.', 'Omnivor.', 'mai–iun', NULL, false, false, '2025-09-09 14:17:28.861101+00', '2025-09-09 14:17:28.861101+00', false),
	('1fddf623-5fdf-4e78-b8cf-6e025152007b', 'Pește spatulă (paddlefish)', 'Polyodon spathula', 'dulce', 'lac', 'muntenia', 1.00, 40.00, 50, 200, NULL, 'Cresă/amenajări piscicole; introdus.', 'Planctonofag.', '—', NULL, false, false, '2025-09-09 14:17:28.861101+00', '2025-09-09 14:17:28.861101+00', true);


--
-- Data for Name: fish_species_bait; Type: TABLE DATA; Schema: public; Owner: postgres
--

INSERT INTO "public"."fish_species_bait" ("species_id", "bait_id") VALUES
	('99b62e7f-4bbe-4316-8689-cb13f85f3b7f', '26a2d077-7479-4946-bb7c-329b4f7cb394'),
	('29305291-3655-4faf-b33d-31b8d451be07', 'e9c4bcc9-858f-4070-8b0f-d28b22de587b'),
	('8290de42-44bd-4240-ad2e-7ae45d35a4bc', 'd45220c5-2086-4e83-a4bf-938e46a43766'),
	('4d1c483d-6ec3-4f0d-af7e-18e4e037451e', '4719fb8c-4863-4593-9cc8-e32ea46f427d'),
	('90b0b5e9-04c0-4953-b627-f9c2ed19f838', '4719fb8c-4863-4593-9cc8-e32ea46f427d'),
	('29305291-3655-4faf-b33d-31b8d451be07', '4719fb8c-4863-4593-9cc8-e32ea46f427d'),
	('29305291-3655-4faf-b33d-31b8d451be07', '142e3c30-b9df-40d8-a51c-cd78faa4a4fd'),
	('99b62e7f-4bbe-4316-8689-cb13f85f3b7f', 'c143a00d-5002-4331-9d12-630261811b77'),
	('7a5cd7ce-88b5-4fc9-a0b9-824e9281bd6d', '3971d4fc-cdaa-44e2-a5dc-fb511fb5bada'),
	('a488b859-8ab0-4c39-ad50-51aae8593480', '3971d4fc-cdaa-44e2-a5dc-fb511fb5bada'),
	('c2314796-5ec7-4578-bd61-48d87f04f844', '3971d4fc-cdaa-44e2-a5dc-fb511fb5bada'),
	('27e11690-c4e5-49a7-9242-910ed7a2e19a', '3971d4fc-cdaa-44e2-a5dc-fb511fb5bada'),
	('8f1283c9-7cba-4061-84ae-ba31459d4475', '3971d4fc-cdaa-44e2-a5dc-fb511fb5bada'),
	('8290de42-44bd-4240-ad2e-7ae45d35a4bc', 'f528745b-b107-4645-8e55-7622670412e6'),
	('4d1c483d-6ec3-4f0d-af7e-18e4e037451e', 'f528745b-b107-4645-8e55-7622670412e6'),
	('1e77413f-6694-4082-bc75-35f231d66033', 'f528745b-b107-4645-8e55-7622670412e6'),
	('29305291-3655-4faf-b33d-31b8d451be07', 'f528745b-b107-4645-8e55-7622670412e6'),
	('c2314796-5ec7-4578-bd61-48d87f04f844', '8f3421d8-8580-42ab-889b-6a2fcb5534e6'),
	('27e11690-c4e5-49a7-9242-910ed7a2e19a', '8f3421d8-8580-42ab-889b-6a2fcb5534e6'),
	('7a5cd7ce-88b5-4fc9-a0b9-824e9281bd6d', '8f3421d8-8580-42ab-889b-6a2fcb5534e6'),
	('a488b859-8ab0-4c39-ad50-51aae8593480', '8f3421d8-8580-42ab-889b-6a2fcb5534e6'),
	('8f1283c9-7cba-4061-84ae-ba31459d4475', '8f3421d8-8580-42ab-889b-6a2fcb5534e6'),
	('b0d95bb0-34c1-4145-8937-3c364277a969', 'e6a5f860-7852-4114-afdd-5ad668ab79f6'),
	('2f245583-78f7-4e74-b23f-7904aaea9666', 'e6a5f860-7852-4114-afdd-5ad668ab79f6'),
	('b7eb7fcc-951e-4683-ad94-25297e3acc6f', 'e6a5f860-7852-4114-afdd-5ad668ab79f6'),
	('99b62e7f-4bbe-4316-8689-cb13f85f3b7f', 'e6a5f860-7852-4114-afdd-5ad668ab79f6'),
	('2b522b11-9590-41d0-9310-ad5513c8fca7', 'e6a5f860-7852-4114-afdd-5ad668ab79f6'),
	('0ca26c8f-ab08-4cba-9820-7870f3bd69de', 'e6a5f860-7852-4114-afdd-5ad668ab79f6'),
	('3e553a71-54b4-48fe-870e-bdd1a35c505e', 'e6a5f860-7852-4114-afdd-5ad668ab79f6'),
	('ee70f7b0-17e2-44f8-b780-c098d73bd8eb', 'e6a5f860-7852-4114-afdd-5ad668ab79f6'),
	('99b62e7f-4bbe-4316-8689-cb13f85f3b7f', '28c5bc17-a9fc-4b05-bf4a-071781e5029b'),
	('8290de42-44bd-4240-ad2e-7ae45d35a4bc', '119088dd-bc41-4626-9a4a-512755ad9d18'),
	('4d1c483d-6ec3-4f0d-af7e-18e4e037451e', '119088dd-bc41-4626-9a4a-512755ad9d18'),
	('29305291-3655-4faf-b33d-31b8d451be07', '119088dd-bc41-4626-9a4a-512755ad9d18'),
	('2f245583-78f7-4e74-b23f-7904aaea9666', '4474e792-7d26-4b7f-9072-876caa8163c7'),
	('b0d95bb0-34c1-4145-8937-3c364277a969', '4474e792-7d26-4b7f-9072-876caa8163c7'),
	('0ca26c8f-ab08-4cba-9820-7870f3bd69de', '4474e792-7d26-4b7f-9072-876caa8163c7'),
	('99b62e7f-4bbe-4316-8689-cb13f85f3b7f', '4474e792-7d26-4b7f-9072-876caa8163c7'),
	('b7eb7fcc-951e-4683-ad94-25297e3acc6f', '4474e792-7d26-4b7f-9072-876caa8163c7'),
	('ee70f7b0-17e2-44f8-b780-c098d73bd8eb', '4474e792-7d26-4b7f-9072-876caa8163c7'),
	('2b522b11-9590-41d0-9310-ad5513c8fca7', '4474e792-7d26-4b7f-9072-876caa8163c7'),
	('3e553a71-54b4-48fe-870e-bdd1a35c505e', '4474e792-7d26-4b7f-9072-876caa8163c7'),
	('29305291-3655-4faf-b33d-31b8d451be07', '9e179809-0d01-41bf-aaad-4f8d663a83c5'),
	('1e77413f-6694-4082-bc75-35f231d66033', '9e179809-0d01-41bf-aaad-4f8d663a83c5'),
	('2b522b11-9590-41d0-9310-ad5513c8fca7', '9e179809-0d01-41bf-aaad-4f8d663a83c5'),
	('0ca26c8f-ab08-4cba-9820-7870f3bd69de', '9e179809-0d01-41bf-aaad-4f8d663a83c5'),
	('ee70f7b0-17e2-44f8-b780-c098d73bd8eb', '9e179809-0d01-41bf-aaad-4f8d663a83c5'),
	('2f245583-78f7-4e74-b23f-7904aaea9666', '9e179809-0d01-41bf-aaad-4f8d663a83c5'),
	('b7eb7fcc-951e-4683-ad94-25297e3acc6f', '9e179809-0d01-41bf-aaad-4f8d663a83c5'),
	('3e553a71-54b4-48fe-870e-bdd1a35c505e', '9e179809-0d01-41bf-aaad-4f8d663a83c5'),
	('b0d95bb0-34c1-4145-8937-3c364277a969', '9e179809-0d01-41bf-aaad-4f8d663a83c5'),
	('4d1c483d-6ec3-4f0d-af7e-18e4e037451e', 'adc61f14-1fc3-4462-94ce-7b60cfbd7ae5'),
	('8f1283c9-7cba-4061-84ae-ba31459d4475', 'adc61f14-1fc3-4462-94ce-7b60cfbd7ae5'),
	('c2314796-5ec7-4578-bd61-48d87f04f844', 'adc61f14-1fc3-4462-94ce-7b60cfbd7ae5'),
	('a488b859-8ab0-4c39-ad50-51aae8593480', 'adc61f14-1fc3-4462-94ce-7b60cfbd7ae5'),
	('27e11690-c4e5-49a7-9242-910ed7a2e19a', 'adc61f14-1fc3-4462-94ce-7b60cfbd7ae5'),
	('1e77413f-6694-4082-bc75-35f231d66033', 'adc61f14-1fc3-4462-94ce-7b60cfbd7ae5'),
	('90b0b5e9-04c0-4953-b627-f9c2ed19f838', 'adc61f14-1fc3-4462-94ce-7b60cfbd7ae5'),
	('7a5cd7ce-88b5-4fc9-a0b9-824e9281bd6d', 'adc61f14-1fc3-4462-94ce-7b60cfbd7ae5'),
	('29305291-3655-4faf-b33d-31b8d451be07', 'adc61f14-1fc3-4462-94ce-7b60cfbd7ae5'),
	('a488b859-8ab0-4c39-ad50-51aae8593480', 'b0431290-6c9a-4430-993b-fcd8c411e18f'),
	('8f1283c9-7cba-4061-84ae-ba31459d4475', 'b0431290-6c9a-4430-993b-fcd8c411e18f'),
	('7a5cd7ce-88b5-4fc9-a0b9-824e9281bd6d', 'b0431290-6c9a-4430-993b-fcd8c411e18f'),
	('27e11690-c4e5-49a7-9242-910ed7a2e19a', 'b0431290-6c9a-4430-993b-fcd8c411e18f'),
	('c2314796-5ec7-4578-bd61-48d87f04f844', 'b0431290-6c9a-4430-993b-fcd8c411e18f'),
	('2f245583-78f7-4e74-b23f-7904aaea9666', 'aa1c8592-e925-4632-843f-d742e5813b27'),
	('0ca26c8f-ab08-4cba-9820-7870f3bd69de', 'aa1c8592-e925-4632-843f-d742e5813b27'),
	('b7eb7fcc-951e-4683-ad94-25297e3acc6f', 'aa1c8592-e925-4632-843f-d742e5813b27'),
	('99b62e7f-4bbe-4316-8689-cb13f85f3b7f', 'aa1c8592-e925-4632-843f-d742e5813b27'),
	('b0d95bb0-34c1-4145-8937-3c364277a969', 'aa1c8592-e925-4632-843f-d742e5813b27'),
	('1e77413f-6694-4082-bc75-35f231d66033', 'aa1c8592-e925-4632-843f-d742e5813b27'),
	('2b522b11-9590-41d0-9310-ad5513c8fca7', 'aa1c8592-e925-4632-843f-d742e5813b27'),
	('3e553a71-54b4-48fe-870e-bdd1a35c505e', 'aa1c8592-e925-4632-843f-d742e5813b27'),
	('ee70f7b0-17e2-44f8-b780-c098d73bd8eb', 'aa1c8592-e925-4632-843f-d742e5813b27'),
	('4d1c483d-6ec3-4f0d-af7e-18e4e037451e', 'fb9317fd-ac51-4c3e-b124-b044260df7a3'),
	('8290de42-44bd-4240-ad2e-7ae45d35a4bc', 'fb9317fd-ac51-4c3e-b124-b044260df7a3'),
	('29305291-3655-4faf-b33d-31b8d451be07', 'fb9317fd-ac51-4c3e-b124-b044260df7a3'),
	('90b0b5e9-04c0-4953-b627-f9c2ed19f838', 'fb9317fd-ac51-4c3e-b124-b044260df7a3'),
	('eb3e62b3-8352-4ccf-8db6-6fea57a88b78', '9e179809-0d01-41bf-aaad-4f8d663a83c5'),
	('eb3e62b3-8352-4ccf-8db6-6fea57a88b78', 'aa1c8592-e925-4632-843f-d742e5813b27'),
	('eed92890-958a-42d4-954d-d1b320b7c815', '9e179809-0d01-41bf-aaad-4f8d663a83c5'),
	('eed92890-958a-42d4-954d-d1b320b7c815', 'aa1c8592-e925-4632-843f-d742e5813b27'),
	('eed92890-958a-42d4-954d-d1b320b7c815', '4474e792-7d26-4b7f-9072-876caa8163c7'),
	('1477950b-877d-4361-ab34-65d297d83d69', '9e179809-0d01-41bf-aaad-4f8d663a83c5'),
	('1477950b-877d-4361-ab34-65d297d83d69', 'aa1c8592-e925-4632-843f-d742e5813b27'),
	('684fb874-64fd-4264-b2f8-ddca7f51aff2', '9e179809-0d01-41bf-aaad-4f8d663a83c5'),
	('684fb874-64fd-4264-b2f8-ddca7f51aff2', 'aa1c8592-e925-4632-843f-d742e5813b27'),
	('c39cecf9-aa5c-4059-ab36-47168becf52e', '9e179809-0d01-41bf-aaad-4f8d663a83c5'),
	('c39cecf9-aa5c-4059-ab36-47168becf52e', 'aa1c8592-e925-4632-843f-d742e5813b27'),
	('1c3c9b17-facb-4140-b06d-f03a6b1241ac', 'fb9317fd-ac51-4c3e-b124-b044260df7a3'),
	('1c3c9b17-facb-4140-b06d-f03a6b1241ac', '4719fb8c-4863-4593-9cc8-e32ea46f427d'),
	('c6be91ca-c1f7-44bc-a4f9-506a684c9c99', '9e179809-0d01-41bf-aaad-4f8d663a83c5'),
	('c6be91ca-c1f7-44bc-a4f9-506a684c9c99', 'aa1c8592-e925-4632-843f-d742e5813b27');


--
-- Data for Name: fish_species_method; Type: TABLE DATA; Schema: public; Owner: postgres
--

INSERT INTO "public"."fish_species_method" ("species_id", "method_id") VALUES
	('4d1c483d-6ec3-4f0d-af7e-18e4e037451e', '2782cdc2-e4b3-49ce-a0a2-7cce6b31af45'),
	('4d1c483d-6ec3-4f0d-af7e-18e4e037451e', '62109981-9f16-465a-a73c-0be5451254eb'),
	('4d1c483d-6ec3-4f0d-af7e-18e4e037451e', 'bfce17d2-2f9d-4eb9-bdae-b7691378e3a9'),
	('8290de42-44bd-4240-ad2e-7ae45d35a4bc', '2782cdc2-e4b3-49ce-a0a2-7cce6b31af45'),
	('8290de42-44bd-4240-ad2e-7ae45d35a4bc', 'b708881c-c39b-44fc-88d7-044d07d0a083'),
	('8290de42-44bd-4240-ad2e-7ae45d35a4bc', '62109981-9f16-465a-a73c-0be5451254eb'),
	('1e77413f-6694-4082-bc75-35f231d66033', '2782cdc2-e4b3-49ce-a0a2-7cce6b31af45'),
	('1e77413f-6694-4082-bc75-35f231d66033', '056720b2-8a1f-46d6-96e9-733b6bd53684'),
	('90b0b5e9-04c0-4953-b627-f9c2ed19f838', '2782cdc2-e4b3-49ce-a0a2-7cce6b31af45'),
	('29305291-3655-4faf-b33d-31b8d451be07', '2782cdc2-e4b3-49ce-a0a2-7cce6b31af45'),
	('29305291-3655-4faf-b33d-31b8d451be07', '09c7b38f-687a-4016-99c9-d6118ea8c28b'),
	('29305291-3655-4faf-b33d-31b8d451be07', '62109981-9f16-465a-a73c-0be5451254eb'),
	('99b62e7f-4bbe-4316-8689-cb13f85f3b7f', '9a56b457-997e-4e73-8daa-69a01bace43d'),
	('99b62e7f-4bbe-4316-8689-cb13f85f3b7f', '056720b2-8a1f-46d6-96e9-733b6bd53684'),
	('2b522b11-9590-41d0-9310-ad5513c8fca7', '9a56b457-997e-4e73-8daa-69a01bace43d'),
	('2b522b11-9590-41d0-9310-ad5513c8fca7', '056720b2-8a1f-46d6-96e9-733b6bd53684'),
	('0ca26c8f-ab08-4cba-9820-7870f3bd69de', '9a56b457-997e-4e73-8daa-69a01bace43d'),
	('0ca26c8f-ab08-4cba-9820-7870f3bd69de', '056720b2-8a1f-46d6-96e9-733b6bd53684'),
	('ee70f7b0-17e2-44f8-b780-c098d73bd8eb', '9a56b457-997e-4e73-8daa-69a01bace43d'),
	('ee70f7b0-17e2-44f8-b780-c098d73bd8eb', '056720b2-8a1f-46d6-96e9-733b6bd53684'),
	('2f245583-78f7-4e74-b23f-7904aaea9666', '9a56b457-997e-4e73-8daa-69a01bace43d'),
	('2f245583-78f7-4e74-b23f-7904aaea9666', '056720b2-8a1f-46d6-96e9-733b6bd53684'),
	('b7eb7fcc-951e-4683-ad94-25297e3acc6f', '9a56b457-997e-4e73-8daa-69a01bace43d'),
	('b7eb7fcc-951e-4683-ad94-25297e3acc6f', '056720b2-8a1f-46d6-96e9-733b6bd53684'),
	('3e553a71-54b4-48fe-870e-bdd1a35c505e', '9a56b457-997e-4e73-8daa-69a01bace43d'),
	('3e553a71-54b4-48fe-870e-bdd1a35c505e', '056720b2-8a1f-46d6-96e9-733b6bd53684'),
	('b0d95bb0-34c1-4145-8937-3c364277a969', '9a56b457-997e-4e73-8daa-69a01bace43d'),
	('b0d95bb0-34c1-4145-8937-3c364277a969', '056720b2-8a1f-46d6-96e9-733b6bd53684'),
	('8f1283c9-7cba-4061-84ae-ba31459d4475', '1dba8e5a-95f3-4baf-a91a-88a9b8a0b968'),
	('8f1283c9-7cba-4061-84ae-ba31459d4475', '2782cdc2-e4b3-49ce-a0a2-7cce6b31af45'),
	('7a5cd7ce-88b5-4fc9-a0b9-824e9281bd6d', '1dba8e5a-95f3-4baf-a91a-88a9b8a0b968'),
	('7a5cd7ce-88b5-4fc9-a0b9-824e9281bd6d', '2782cdc2-e4b3-49ce-a0a2-7cce6b31af45'),
	('27e11690-c4e5-49a7-9242-910ed7a2e19a', '1dba8e5a-95f3-4baf-a91a-88a9b8a0b968'),
	('27e11690-c4e5-49a7-9242-910ed7a2e19a', '2782cdc2-e4b3-49ce-a0a2-7cce6b31af45'),
	('c2314796-5ec7-4578-bd61-48d87f04f844', '1dba8e5a-95f3-4baf-a91a-88a9b8a0b968'),
	('c2314796-5ec7-4578-bd61-48d87f04f844', '2782cdc2-e4b3-49ce-a0a2-7cce6b31af45'),
	('a488b859-8ab0-4c39-ad50-51aae8593480', '1dba8e5a-95f3-4baf-a91a-88a9b8a0b968'),
	('a488b859-8ab0-4c39-ad50-51aae8593480', '2782cdc2-e4b3-49ce-a0a2-7cce6b31af45'),
	('eb3e62b3-8352-4ccf-8db6-6fea57a88b78', '056720b2-8a1f-46d6-96e9-733b6bd53684'),
	('eb3e62b3-8352-4ccf-8db6-6fea57a88b78', '09c7b38f-687a-4016-99c9-d6118ea8c28b'),
	('eed92890-958a-42d4-954d-d1b320b7c815', '2782cdc2-e4b3-49ce-a0a2-7cce6b31af45'),
	('eed92890-958a-42d4-954d-d1b320b7c815', '9a56b457-997e-4e73-8daa-69a01bace43d'),
	('eed92890-958a-42d4-954d-d1b320b7c815', '056720b2-8a1f-46d6-96e9-733b6bd53684'),
	('1477950b-877d-4361-ab34-65d297d83d69', '9a56b457-997e-4e73-8daa-69a01bace43d'),
	('1477950b-877d-4361-ab34-65d297d83d69', '056720b2-8a1f-46d6-96e9-733b6bd53684'),
	('684fb874-64fd-4264-b2f8-ddca7f51aff2', '9a56b457-997e-4e73-8daa-69a01bace43d'),
	('684fb874-64fd-4264-b2f8-ddca7f51aff2', '056720b2-8a1f-46d6-96e9-733b6bd53684'),
	('c39cecf9-aa5c-4059-ab36-47168becf52e', '056720b2-8a1f-46d6-96e9-733b6bd53684'),
	('c39cecf9-aa5c-4059-ab36-47168becf52e', '09c7b38f-687a-4016-99c9-d6118ea8c28b'),
	('1c3c9b17-facb-4140-b06d-f03a6b1241ac', '2782cdc2-e4b3-49ce-a0a2-7cce6b31af45'),
	('1c3c9b17-facb-4140-b06d-f03a6b1241ac', '62109981-9f16-465a-a73c-0be5451254eb'),
	('c6be91ca-c1f7-44bc-a4f9-506a684c9c99', '056720b2-8a1f-46d6-96e9-733b6bd53684'),
	('c6be91ca-c1f7-44bc-a4f9-506a684c9c99', '09c7b38f-687a-4016-99c9-d6118ea8c28b');


--
-- Data for Name: fish_species_region; Type: TABLE DATA; Schema: public; Owner: postgres
--



--
-- Data for Name: fishing_locations; Type: TABLE DATA; Schema: public; Owner: postgres
--

INSERT INTO "public"."fishing_locations" ("id", "name", "type", "county", "region", "latitude", "longitude", "description", "facilities", "access_type", "access_fee", "best_season", "best_time", "parking_available", "parking_fee", "boat_rental", "boat_rental_fee", "image_url", "created_at", "updated_at", "subtitle", "administrare") VALUES
	('9d475842-d746-402d-ab50-b7ee4575f1f1', 'Acumulare Agrement', 'lac', 'BC', 'moldova', 46.54605553, 26.97735801, NULL, NULL, NULL, NULL, NULL, NULL, false, NULL, false, NULL, 'NEEDS_REAL_COORDINATES', '2025-09-09 14:01:31.590241+00', '2025-09-09 14:01:31.590241+00', 'Lac în județul Bacău', 'Administrat de AJVPS BACĂU'),
	('b1cd8c32-fb4b-456d-bd22-2f10bb567ab8', 'Acumulare Bacău II', 'lac', 'BC', 'moldova', 46.55577886, 26.82252944, NULL, NULL, NULL, NULL, NULL, NULL, false, NULL, false, NULL, 'NEEDS_REAL_COORDINATES', '2025-09-09 14:01:31.590241+00', '2025-09-09 14:01:31.590241+00', 'Lac în județul Bacău', 'Administrat de Centrul Regional de Ecologie Bacău'),
	('26c967d9-fe10-4b07-9f53-717031655727', 'Acumulare Berești', 'lac', 'BC', 'moldova', 46.46928459, 26.85123730, NULL, NULL, NULL, NULL, NULL, NULL, false, NULL, false, NULL, 'NEEDS_REAL_COORDINATES', '2025-09-09 14:01:31.590241+00', '2025-09-09 14:01:31.590241+00', 'Lac în județul Bacău', 'Administrat de AJVPS BACĂU'),
	('cd436ef8-2a6f-4668-b24e-12603fc9ff64', 'Acumulare Canciu', 'lac', 'AB', 'transilvania', 46.16627778, 23.50992301, NULL, NULL, NULL, NULL, NULL, NULL, false, NULL, false, NULL, 'NEEDS_REAL_COORDINATES', '2025-09-09 14:01:31.590241+00', '2025-09-09 14:01:31.590241+00', 'Lac în județul Alba', 'Administrat de Direcția Silvică Alba'),
	('65dce898-6986-45c8-9c84-fc513ae13fc8', 'Acumulare Gârleni', 'lac', 'BC', 'moldova', 46.66407033, 26.95457486, NULL, NULL, NULL, NULL, NULL, NULL, false, NULL, false, NULL, 'NEEDS_REAL_COORDINATES', '2025-09-09 14:01:31.590241+00', '2025-09-09 14:01:31.590241+00', 'Lac în județul Bacău', 'Administrat de AJVPS BACĂU'),
	('467190ef-e568-4d26-8ea8-6d14e2cbb844', 'Acumulare Lilieci', 'lac', 'BC', 'moldova', 46.55057262, 26.86964924, NULL, NULL, NULL, NULL, NULL, NULL, false, NULL, false, NULL, 'NEEDS_REAL_COORDINATES', '2025-09-09 14:01:31.590241+00', '2025-09-09 14:01:31.590241+00', 'Lac în județul Bacău', 'Administrat de AJVPS BACĂU'),
	('ad990662-9669-401d-8316-5d81f0ee5bf1', 'Acumulare Mihoesti', 'lac', 'AB', 'transilvania', 46.10031578, 23.57026496, NULL, NULL, NULL, NULL, NULL, NULL, false, NULL, false, NULL, 'NEEDS_REAL_COORDINATES', '2025-09-09 14:01:31.590241+00', '2025-09-09 14:01:31.590241+00', 'Lac în județul Alba', 'Administrat de AJVPS ALBA'),
	('cd0e7059-57d6-423f-b790-6df7aef69d3b', 'Acumulare Petrești', 'lac', 'AB', 'transilvania', 46.05620841, 23.56890758, NULL, NULL, NULL, NULL, NULL, NULL, false, NULL, false, NULL, 'NEEDS_REAL_COORDINATES', '2025-09-09 14:01:31.590241+00', '2025-09-09 14:01:31.590241+00', 'Lac în județul Alba', 'Administrat de Direcția Silvică Alba'),
	('621b4afd-a8e0-489e-9ed2-b3753d0a0e40', 'Acumulare Răcăciuni', 'lac', 'BC', 'moldova', 46.55454942, 26.82579575, NULL, NULL, NULL, NULL, NULL, NULL, false, NULL, false, NULL, 'NEEDS_REAL_COORDINATES', '2025-09-09 14:01:31.590241+00', '2025-09-09 14:01:31.590241+00', 'Lac în județul Bacău', 'Administrat de AJVPS BACĂU'),
	('7a45e485-fb37-40a9-8026-1c980be60505', 'Acumularea Băbeni', 'lac', 'VL', 'oltenia', 45.04072580, 24.45527488, NULL, NULL, NULL, NULL, NULL, NULL, false, NULL, false, NULL, 'NEEDS_REAL_COORDINATES', '2025-09-09 14:01:31.590241+00', '2025-09-09 14:01:31.590241+00', 'Lac în județul Vâlcea', 'Administrat de AJVPS VÂLCEA'),
	('49d1ae97-ee8d-4e18-8e0e-b713b567d734', 'Acumularea Cornetu', 'lac', 'VL', 'oltenia', 45.00621925, 24.33441179, NULL, NULL, NULL, NULL, NULL, NULL, false, NULL, false, NULL, 'NEEDS_REAL_COORDINATES', '2025-09-09 14:01:31.590241+00', '2025-09-09 14:01:31.590241+00', 'Lac în județul Vâlcea', 'Administrat de AJVPS VÂLCEA'),
	('bf6cb82f-c4bc-46b3-90d4-8906933d54ff', 'Acumularea Curtești (Rai)', 'balti_salbatic', 'BT', 'moldova', 47.80590628, 26.60843166, NULL, NULL, NULL, NULL, NULL, NULL, false, NULL, false, NULL, 'NEEDS_REAL_COORDINATES', '2025-09-09 14:01:31.590241+00', '2025-09-09 14:01:31.590241+00', 'Lac în județul Botoșani', 'Administrat de ANPA - Ape Necontractate'),
	('88cc6e9c-274a-4d83-8707-854c91fb0a84', 'Acumularea Câineni', 'lac', 'VL', 'oltenia', 45.00531968, 24.44051875, NULL, NULL, NULL, NULL, NULL, NULL, false, NULL, false, NULL, 'NEEDS_REAL_COORDINATES', '2025-09-09 14:01:31.590241+00', '2025-09-09 14:01:31.590241+00', 'Lac în județul Vâlcea', 'Administrat de AJVPS VÂLCEA'),
	('a951e74b-fd27-4e5f-933d-f8bda7b0681e', 'Acumularea Călimănești cu bălțile adiacente', 'lac', 'VL', 'oltenia', 45.12834591, 24.36681517, NULL, NULL, NULL, NULL, NULL, NULL, false, NULL, false, NULL, 'NEEDS_REAL_COORDINATES', '2025-09-09 14:01:31.590241+00', '2025-09-09 14:01:31.590241+00', 'Lac în județul Vâlcea', 'Administrat de AJVPS VÂLCEA'),
	('e776c792-0243-4695-b558-8952e9840120', 'Acumularea Cătămărăști- Baraj Sitna', 'balti_private', 'BT', 'moldova', 47.75946892, 26.66806740, NULL, NULL, NULL, NULL, NULL, NULL, false, NULL, false, NULL, 'NEEDS_REAL_COORDINATES', '2025-09-09 14:01:31.590241+00', '2025-09-09 14:01:31.590241+00', 'Botoșani, Botoșani', 'Lac administrat privat'),
	('e56855f8-db0a-4081-a4f1-aa10fdc406bd', 'Acumularea Drăgășani', 'lac', 'VL', 'oltenia', 45.06694726, 24.32628609, NULL, NULL, NULL, NULL, NULL, NULL, false, NULL, false, NULL, 'NEEDS_REAL_COORDINATES', '2025-09-09 14:01:31.590241+00', '2025-09-09 14:01:31.590241+00', 'Lac în județul Vâlcea', 'Administrat de AJVPS VÂLCEA'),
	('d8253b6b-063d-4a9c-aa82-04c6e0ff9dd7', 'Acumularea Dăești cu bălțile adiacente', 'lac', 'VL', 'oltenia', 45.02928828, 24.38195990, NULL, NULL, NULL, NULL, NULL, NULL, false, NULL, false, NULL, 'NEEDS_REAL_COORDINATES', '2025-09-09 14:01:31.590241+00', '2025-09-09 14:01:31.590241+00', 'Lac în județul Vâlcea', 'Administrat de AJVPS VÂLCEA'),
	('e67cfd4c-7055-4111-be9f-e38b0a68d051', 'Acumularea Govora', 'lac', 'VL', 'oltenia', 45.12558742, 24.39202950, NULL, NULL, NULL, NULL, NULL, NULL, false, NULL, false, NULL, 'NEEDS_REAL_COORDINATES', '2025-09-09 14:01:31.590241+00', '2025-09-09 14:01:31.590241+00', 'Lac în județul Vâlcea', 'Administrat de AJVPS VÂLCEA'),
	('c7b27c0a-203e-4909-b7f8-78c41654899b', 'Acumularea Gura Lotrului cu balta adiacenta Proieni', 'balti_salbatic', 'VL', 'oltenia', 45.01966255, 24.43189635, NULL, NULL, NULL, NULL, NULL, NULL, false, NULL, false, NULL, 'NEEDS_REAL_COORDINATES', '2025-09-09 14:01:31.590241+00', '2025-09-09 14:01:31.590241+00', 'Lac în județul Vâlcea', 'Administrat de AJVPS VÂLCEA'),
	('9de58356-ce30-4f35-a113-f852cb2f627c', 'Acumularea Ionești', 'lac', 'VL', 'oltenia', 45.16186358, 24.47396228, NULL, NULL, NULL, NULL, NULL, NULL, false, NULL, false, NULL, 'NEEDS_REAL_COORDINATES', '2025-09-09 14:01:31.590241+00', '2025-09-09 14:01:31.590241+00', 'Lac în județul Vâlcea', 'Administrat de AJVPS VÂLCEA'),
	('84cb808f-baca-44c5-861d-0fcbd6160a36', 'Acumularea Negreni', 'balti_salbatic', 'BT', 'moldova', 47.70272925, 26.70211898, NULL, NULL, NULL, NULL, NULL, NULL, false, NULL, false, NULL, 'NEEDS_REAL_COORDINATES', '2025-09-09 14:01:31.590241+00', '2025-09-09 14:01:31.590241+00', 'Lac în județul Botoșani', 'Administrat de ANPA - Ape Necontractate'),
	('6af66a11-e1f6-40be-b54b-85fce5970ea9', 'Acumularea Robești', 'lac', 'VL', 'oltenia', 45.01591768, 24.44915345, NULL, NULL, NULL, NULL, NULL, NULL, false, NULL, false, NULL, 'NEEDS_REAL_COORDINATES', '2025-09-09 14:01:31.590241+00', '2025-09-09 14:01:31.590241+00', 'Lac în județul Vâlcea', 'Administrat de AJVPS VÂLCEA'),
	('d37fb548-f108-4819-b232-2361a3bbbc77', 'Acumularea Râmnicu Vâlcea', 'lac', 'VL', 'oltenia', 45.16932709, 24.29494848, NULL, NULL, NULL, NULL, NULL, NULL, false, NULL, false, NULL, 'NEEDS_REAL_COORDINATES', '2025-09-09 14:01:31.590241+00', '2025-09-09 14:01:31.590241+00', 'Lac în județul Vâlcea', 'Administrat de AJVPS VÂLCEA'),
	('aacf23a0-02a3-4ad2-9559-eddab4d7fde1', 'Acumularea Râureni', 'rau', 'VL', 'oltenia', 45.04057499, 24.44224242, NULL, NULL, NULL, NULL, NULL, NULL, false, NULL, false, NULL, 'NEEDS_REAL_COORDINATES', '2025-09-09 14:01:31.590241+00', '2025-09-09 14:01:31.590241+00', 'Lac în județul Vâlcea', 'Administrat de AJVPS VÂLCEA'),
	('7f234b43-dc81-49cd-b717-3e8e46a590b0', 'Acumularea Satchinez', 'balti_salbatic', 'TM', 'banat', 45.80471228, 21.26913590, NULL, NULL, NULL, NULL, NULL, NULL, false, NULL, false, NULL, 'NEEDS_REAL_COORDINATES', '2025-09-09 14:01:31.590241+00', '2025-09-09 14:01:31.590241+00', 'Lac în județul Timiș', 'Administrat de ANPA - Ape Necontractate'),
	('5c8a0b8d-7f02-4f13-88ab-1f574ef70d9d', 'Acumularea Surduc', 'balti_salbatic', 'TM', 'banat', 45.67923572, 21.21544837, NULL, NULL, NULL, NULL, NULL, NULL, false, NULL, false, NULL, 'NEEDS_REAL_COORDINATES', '2025-09-09 14:01:31.590241+00', '2025-09-09 14:01:31.590241+00', 'Lac în județul Timiș', 'Administrat de ANPA - Ape Necontractate'),
	('1ac4fae8-b731-4905-b62d-98aae888c99d', 'Acumulare Galbeni', 'lac', 'BC', 'moldova', 46.55860000, 26.88250000, NULL, NULL, NULL, NULL, NULL, NULL, false, NULL, false, NULL, NULL, '2025-09-09 14:01:31.590241+00', '2025-09-09 20:30:58.806907+00', 'Lac în județul Bacău', 'Administrat de Centrul Regional de Ecologie Bacău'),
	('20dde796-d314-40e1-8180-68518dcd58ba', 'Acumulare Căpâlna', 'lac', 'AB', 'transilvania', 46.14590000, 23.62740000, NULL, NULL, NULL, NULL, NULL, NULL, false, NULL, false, NULL, NULL, '2025-09-09 14:01:31.590241+00', '2025-09-09 20:30:58.806907+00', 'Lac în județul Alba', 'Administrat de Direcția Silvică Alba'),
	('b5f96062-c15b-486a-9b1a-e32238e35a5b', 'Acumularea Turnu', 'lac', 'VL', 'oltenia', 45.16441079, 24.35061420, NULL, NULL, NULL, NULL, NULL, NULL, false, NULL, false, NULL, 'NEEDS_REAL_COORDINATES', '2025-09-09 14:01:31.590241+00', '2025-09-09 14:01:31.590241+00', 'Lac în județul Vâlcea', 'Administrat de AJVPS VÂLCEA'),
	('a79e90f5-252c-41cf-84a8-0d3446ba098e', 'Acumularea Zăvideni', 'lac', 'VL', 'oltenia', 45.03775608, 24.31015924, NULL, NULL, NULL, NULL, NULL, NULL, false, NULL, false, NULL, 'NEEDS_REAL_COORDINATES', '2025-09-09 14:01:31.590241+00', '2025-09-09 14:01:31.590241+00', 'Lac în județul Vâlcea', 'Administrat de AJVPS VÂLCEA'),
	('563da28f-8b3f-4fe7-85f4-215e76caa20a', 'Addams Fishing & Camping', 'balti_private', 'GR', 'muntenia', 43.99365426, 25.93411309, NULL, NULL, NULL, NULL, NULL, NULL, false, NULL, false, NULL, 'NEEDS_REAL_COORDINATES', '2025-09-09 14:01:31.590241+00', '2025-09-09 14:01:31.590241+00', 'Valter Maracineanu, Iepurești, Giurgiu', 'Lac administrat privat'),
	('282b475d-6c35-41e8-a0c7-585ab251bd11', 'Ana', 'lac', 'HD', 'muntenia', 45.85627850, 22.96543538, NULL, NULL, NULL, NULL, NULL, NULL, false, NULL, false, NULL, 'NEEDS_REAL_COORDINATES', '2025-09-09 14:01:31.590241+00', '2025-09-09 14:01:31.590241+00', 'Lac în județul Hunedoara', 'Administrat de Direcția Silvică Hunedoara'),
	('d7bd9536-222f-4b9d-bc1a-17c8a549c988', 'Balindru', 'lac', 'VL', 'oltenia', 45.14237031, 24.31356544, NULL, NULL, NULL, NULL, NULL, NULL, false, NULL, false, NULL, 'NEEDS_REAL_COORDINATES', '2025-09-09 14:01:31.590241+00', '2025-09-09 14:01:31.590241+00', 'Lac în județul Vâlcea', 'Administrat de Direcția Silvică Vâlcea'),
	('0ee57822-e2c7-4679-9fcb-e06d45fd3c7a', 'Balindru', 'lac', 'VL', 'oltenia', 45.17878687, 24.36216027, NULL, NULL, NULL, NULL, NULL, NULL, false, NULL, false, NULL, 'NEEDS_REAL_COORDINATES', '2025-09-09 14:01:31.590241+00', '2025-09-09 14:01:31.590241+00', 'Lac în județul Vâlcea', 'Administrat de Direcția Silvică Vâlcea'),
	('8785a0f3-b5db-4928-bf04-59c9a654928a', 'Balota', 'lac', 'VL', 'oltenia', 45.15764970, 24.41111739, NULL, NULL, NULL, NULL, NULL, NULL, false, NULL, false, NULL, 'NEEDS_REAL_COORDINATES', '2025-09-09 14:01:31.590241+00', '2025-09-09 14:01:31.590241+00', 'Lac în județul Vâlcea', 'Administrat de Direcția Silvică Vâlcea'),
	('a4bff7c0-9335-4578-a2df-8fcb4533be20', 'Balta 2- Pescaria Radesti', 'balti_private', 'AB', 'transilvania', 46.00329306, 23.56922511, NULL, NULL, NULL, NULL, NULL, NULL, false, NULL, false, NULL, 'NEEDS_REAL_COORDINATES', '2025-09-09 14:01:31.590241+00', '2025-09-09 14:01:31.590241+00', 'Rădești, Alba', 'Lac administrat privat'),
	('dc877979-2660-42df-93ae-eedfe2c09a7f', 'Balta Adjudu Vechi', 'balti_private', 'VN', 'muntenia', 45.60734424, 27.11673842, NULL, NULL, NULL, NULL, NULL, NULL, false, NULL, false, NULL, 'NEEDS_REAL_COORDINATES', '2025-09-09 14:01:31.590241+00', '2025-09-09 14:01:31.590241+00', 'Adjudu Vechi, Vrancea', 'Lac administrat privat'),
	('56d1db1c-f977-4da8-982e-794feb23a6c5', 'Balta Babaroaga', 'balti_private', 'AG', 'muntenia', 44.91988394, 24.92006669, NULL, NULL, NULL, NULL, NULL, NULL, false, NULL, false, NULL, 'NEEDS_REAL_COORDINATES', '2025-09-09 14:01:31.590241+00', '2025-09-09 14:01:31.590241+00', 'Mozăceni, Argeș', 'Lac administrat privat'),
	('ce33f27e-6536-4178-9d36-8553c1fdfd57', 'Balta Balc Teleorman', 'balti_private', 'TR', 'muntenia', 43.97120329, 25.03503780, NULL, NULL, NULL, NULL, NULL, NULL, false, NULL, false, NULL, 'NEEDS_REAL_COORDINATES', '2025-09-09 14:01:31.590241+00', '2025-09-09 14:01:31.590241+00', 'Moșteni, Teleorman', 'Lac administrat privat'),
	('2b985a66-d240-4218-96ce-ce61d176058c', 'Balta Baraj Solești', 'balti_private', 'VS', 'moldova', 46.61861268, 27.77894286, NULL, NULL, NULL, NULL, NULL, NULL, false, NULL, false, NULL, 'NEEDS_REAL_COORDINATES', '2025-09-09 14:01:31.590241+00', '2025-09-09 14:01:31.590241+00', 'Solești, Vaslui', 'Lac administrat privat'),
	('6cee3ca0-5048-4207-aa58-3ea1fd86d70b', 'Balta Bitina', 'balti_private', 'IL', 'muntenia', 44.59157483, 26.91414147, NULL, NULL, NULL, NULL, NULL, NULL, false, NULL, false, NULL, 'NEEDS_REAL_COORDINATES', '2025-09-09 14:01:31.590241+00', '2025-09-09 14:01:31.590241+00', 'Bițina-Ungureni, Ialomița', 'Lac administrat privat'),
	('9a25e412-557c-44d4-9a16-e312f27ff771', 'Balta Boldești Grădiștea', 'balti_private', 'PH', 'muntenia', 44.94205207, 25.98148431, NULL, NULL, NULL, NULL, NULL, NULL, false, NULL, false, NULL, 'NEEDS_REAL_COORDINATES', '2025-09-09 14:01:31.590241+00', '2025-09-09 14:01:31.590241+00', 'Boldești, Prahova', 'Lac administrat privat'),
	('aac73a2e-846d-46d0-b3c8-dff6555ae54d', 'Balta Bunget 1', 'balti_private', 'DB', 'muntenia', 45.01659368, 25.41911280, NULL, NULL, NULL, NULL, NULL, NULL, false, NULL, false, NULL, 'NEEDS_REAL_COORDINATES', '2025-09-09 14:01:31.590241+00', '2025-09-09 14:01:31.590241+00', 'Văcărești, Dâmbovița', 'Lac administrat privat'),
	('8a28cf7f-1039-4515-9b70-7841ad6d2715', 'Balta Bunget 2', 'balti_private', 'DB', 'muntenia', 44.94419208, 25.42800359, NULL, NULL, NULL, NULL, NULL, NULL, false, NULL, false, NULL, 'NEEDS_REAL_COORDINATES', '2025-09-09 14:01:31.590241+00', '2025-09-09 14:01:31.590241+00', 'Văcărești, Dâmbovița', 'Lac administrat privat'),
	('b0c4ac64-d8d9-435d-90a3-508e26bc840f', 'Balta Buzoești', 'balti_private', 'AG', 'muntenia', 44.86523700, 24.97072872, NULL, NULL, NULL, NULL, NULL, NULL, false, NULL, false, NULL, 'NEEDS_REAL_COORDINATES', '2025-09-09 14:01:31.590241+00', '2025-09-09 14:01:31.590241+00', 'Buzoești, Argeș', 'Lac administrat privat'),
	('f812c03c-4e3e-4ed2-a833-f623e4286ff7', 'Balta Bărbuceanu Șerifu', 'balti_private', 'DB', 'muntenia', 44.97212805, 25.48678453, NULL, NULL, NULL, NULL, NULL, NULL, false, NULL, false, NULL, 'NEEDS_REAL_COORDINATES', '2025-09-09 14:01:31.590241+00', '2025-09-09 14:01:31.590241+00', 'Bărbuceanu, Dâmbovița', 'Lac administrat privat'),
	('4118772c-4f60-4328-b328-0fd76c065e25', 'Balta Carol', 'balti_private', 'TM', 'banat', 45.73874458, 21.30694687, NULL, NULL, NULL, NULL, NULL, NULL, false, NULL, false, NULL, 'NEEDS_REAL_COORDINATES', '2025-09-09 14:01:31.590241+00', '2025-09-09 14:01:31.590241+00', 'Săcălaz, Timiș', 'Lac administrat privat'),
	('6ddb4f96-b798-4230-b4b9-04be4a664e8d', 'Balta Cheresig', 'balti_private', 'BH', 'crisana', 47.10996036, 22.00832197, NULL, NULL, NULL, NULL, NULL, NULL, false, NULL, false, NULL, 'NEEDS_REAL_COORDINATES', '2025-09-09 14:01:31.590241+00', '2025-09-09 14:01:31.590241+00', 'Toboliu, Bihor', 'Lac administrat privat'),
	('f5aa2366-d4a2-40e4-bd8f-da7abf9a9f33', 'Balta Chita 3', 'balti_private', 'GR', 'muntenia', 43.89449346, 25.86843496, NULL, NULL, NULL, NULL, NULL, NULL, false, NULL, false, NULL, 'NEEDS_REAL_COORDINATES', '2025-09-09 14:01:31.590241+00', '2025-09-09 14:01:31.590241+00', 'Răsuceni, Giurgiu', 'Lac administrat privat'),
	('ce603fd4-9fcf-48ff-9f8d-7e852a6fa20b', 'Balta Cicir', 'balti_salbatic', 'AR', 'banat', 46.21271506, 21.38679585, NULL, NULL, NULL, NULL, NULL, NULL, false, NULL, false, NULL, 'NEEDS_REAL_COORDINATES', '2025-09-09 14:01:31.590241+00', '2025-09-09 14:01:31.590241+00', 'Lac în județul Arad', 'Administrat de AJVPS ARAD'),
	('b9e8116d-66d6-454e-8670-2fd476595fe2', 'Balta Ciocarlia 4', 'balti_private', 'IL', 'muntenia', 44.48292834, 26.93994051, NULL, NULL, NULL, NULL, NULL, NULL, false, NULL, false, NULL, 'NEEDS_REAL_COORDINATES', '2025-09-09 14:01:31.590241+00', '2025-09-09 14:01:31.590241+00', 'Ciocârlia, Ialomița', 'Lac administrat privat'),
	('2b85136a-999e-44f3-b8e9-3b68c754918c', 'Balta Clinceni', 'balti_private', 'IF', 'muntenia', 44.49096813, 25.91038044, NULL, NULL, NULL, NULL, NULL, NULL, false, NULL, false, NULL, 'NEEDS_REAL_COORDINATES', '2025-09-09 14:01:31.590241+00', '2025-09-09 14:01:31.590241+00', 'Clinceni, Ilfov', 'Lac administrat privat'),
	('cdd3da17-05a6-47be-8e2b-1d9de8bc6bfd', 'Balta Cocorenilor', 'balti_private', 'GJ', 'oltenia', 45.05130421, 23.29361014, NULL, NULL, NULL, NULL, NULL, NULL, false, NULL, false, NULL, 'NEEDS_REAL_COORDINATES', '2025-09-09 14:01:31.590241+00', '2025-09-09 14:01:31.590241+00', 'Cocoreni, Gorj', 'Lac administrat privat'),
	('ff2eaeee-b7f7-45bf-8e39-7d698770d300', 'Balta Colceag 2', 'balti_private', 'IL', 'muntenia', 44.45383153, 27.06468879, NULL, NULL, NULL, NULL, NULL, NULL, false, NULL, false, NULL, 'NEEDS_REAL_COORDINATES', '2025-09-09 14:01:31.590241+00', '2025-09-09 14:01:31.590241+00', 'Movilița, Ialomița', 'Lac administrat privat'),
	('c2820eb5-b673-4511-a8d7-27e3612eefed', 'Balta Colceag 3', 'balti_private', 'IL', 'muntenia', 44.48239653, 26.99645605, NULL, NULL, NULL, NULL, NULL, NULL, false, NULL, false, NULL, 'NEEDS_REAL_COORDINATES', '2025-09-09 14:01:31.590241+00', '2025-09-09 14:01:31.590241+00', 'Movilița, Ialomița', 'Lac administrat privat'),
	('5741a004-1129-488e-b8dd-1dc0d6bbee61', 'Balta Colonești', 'balti_private', 'OT', 'oltenia', 44.34113988, 24.51386861, NULL, NULL, NULL, NULL, NULL, NULL, false, NULL, false, NULL, 'NEEDS_REAL_COORDINATES', '2025-09-09 14:01:31.590241+00', '2025-09-09 14:01:31.590241+00', 'Colonești, Olt', 'Lac administrat privat'),
	('b937db3f-8406-4be1-b45f-1aae0521f590', 'Balta Contesti', 'balti_private', 'DB', 'muntenia', 44.85977039, 25.36422597, NULL, NULL, NULL, NULL, NULL, NULL, false, NULL, false, NULL, 'NEEDS_REAL_COORDINATES', '2025-09-09 14:01:31.590241+00', '2025-09-09 14:01:31.590241+00', 'Cornățelu, Dâmbovița', 'Lac administrat privat'),
	('e676ddc5-1339-4c39-a53c-4bf95e46a521', 'Balta Corni', 'balti_private', 'GL', 'muntenia', 45.47366467, 27.95802181, NULL, NULL, NULL, NULL, NULL, NULL, false, NULL, false, NULL, 'NEEDS_REAL_COORDINATES', '2025-09-09 14:01:31.590241+00', '2025-09-09 14:01:31.590241+00', 'Corni, Galați', 'Lac administrat privat'),
	('388aa376-298f-478e-9d95-de18728444e2', 'Balta Cosmești', 'balti_private', 'TR', 'muntenia', 43.91248093, 24.95544107, NULL, NULL, NULL, NULL, NULL, NULL, false, NULL, false, NULL, 'NEEDS_REAL_COORDINATES', '2025-09-09 14:01:31.590241+00', '2025-09-09 14:01:31.590241+00', 'Cosmești, Teleorman', 'Lac administrat privat'),
	('b00ee155-2144-43a1-99fc-ea85689afda4', 'Balta Cristian', 'balti_private', 'BV', 'muntenia', 45.65948643, 25.61797736, NULL, NULL, NULL, NULL, NULL, NULL, false, NULL, false, NULL, 'NEEDS_REAL_COORDINATES', '2025-09-09 14:01:31.590241+00', '2025-09-09 14:01:31.590241+00', 'Cristian, Brașov', 'Lac administrat privat'),
	('332a342b-fed3-436d-bad1-7d5f501279e1', 'Balta Călăreți', 'balti_private', 'CL', 'muntenia', 44.33459265, 24.45817219, NULL, NULL, NULL, NULL, NULL, NULL, false, NULL, false, NULL, 'NEEDS_REAL_COORDINATES', '2025-09-09 14:01:31.590241+00', '2025-09-09 14:01:31.590241+00', 'Sărulești-Sat, Călărași', 'Lac administrat privat'),
	('6facaeb9-62ed-4509-8850-b38ecb3beb5d', 'Balta Căpâlnaș', 'balti_salbatic', 'AR', 'banat', 46.14124193, 21.24756365, NULL, NULL, NULL, NULL, NULL, NULL, false, NULL, false, NULL, 'NEEDS_REAL_COORDINATES', '2025-09-09 14:01:31.590241+00', '2025-09-09 14:01:31.590241+00', 'Lac în județul Arad', 'Administrat de ANPA - Ape Necontractate'),
	('dc548555-6b69-4e71-831f-0c4cc248e1b5', 'Balta EYA', 'balti_private', 'DB', 'muntenia', 44.96899620, 25.38959011, NULL, NULL, NULL, NULL, NULL, NULL, false, NULL, false, NULL, 'NEEDS_REAL_COORDINATES', '2025-09-09 14:01:31.590241+00', '2025-09-09 14:01:31.590241+00', 'Găești, Dâmbovița', 'Lac administrat privat'),
	('a36b0ade-2703-4a3c-97d5-4d6172686845', 'Balta Floarea Popeștiului', 'balti_private', 'IF', 'muntenia', 44.48417468, 26.09055800, NULL, NULL, NULL, NULL, NULL, NULL, false, NULL, false, NULL, 'NEEDS_REAL_COORDINATES', '2025-09-09 14:01:31.590241+00', '2025-09-09 14:01:31.590241+00', 'Popești-Leordeni, Ilfov', 'Lac administrat privat'),
	('ad1a59a7-7081-404e-899c-d42a6cdc8b7b', 'Balta Frăsinet', 'balti_private', 'OT', 'oltenia', 44.16543112, 24.42907476, NULL, NULL, NULL, NULL, NULL, NULL, false, NULL, false, NULL, 'NEEDS_REAL_COORDINATES', '2025-09-09 14:01:31.590241+00', '2025-09-09 14:01:31.590241+00', 'Dobrosloveni, Olt', 'Lac administrat privat'),
	('992d834a-fea3-4cd5-9af5-130ea3542af3', 'Balta Ghilin I', 'balti_salbatic', 'AR', 'banat', 46.15870171, 21.39047288, NULL, NULL, NULL, NULL, NULL, NULL, false, NULL, false, NULL, 'NEEDS_REAL_COORDINATES', '2025-09-09 14:01:31.590241+00', '2025-09-09 14:01:31.590241+00', 'Lac în județul Arad', 'Administrat de AJVPS ARAD'),
	('1c7a7266-db68-40c7-963d-3ab9332b4aa0', 'Balta Ghilin II', 'balti_salbatic', 'AR', 'banat', 46.15089420, 21.30051012, NULL, NULL, NULL, NULL, NULL, NULL, false, NULL, false, NULL, 'NEEDS_REAL_COORDINATES', '2025-09-09 14:01:31.590241+00', '2025-09-09 14:01:31.590241+00', 'Lac în județul Arad', 'Administrat de AJVPS ARAD'),
	('ecae93b5-a61b-499a-9fa9-4d1f9ecb2d54', 'Balta Green Paradise 1', 'balti_private', 'PH', 'muntenia', 45.03154716, 25.92458329, NULL, NULL, NULL, NULL, NULL, NULL, false, NULL, false, NULL, 'NEEDS_REAL_COORDINATES', '2025-09-09 14:01:31.590241+00', '2025-09-09 14:01:31.590241+00', 'Mehedinţa, Prahova', 'Lac administrat privat'),
	('72016ae2-45ec-4ff3-bd49-865dc25adf17', 'Balta Green Paradise 2', 'balti_private', 'PH', 'muntenia', 44.99252513, 25.90889767, NULL, NULL, NULL, NULL, NULL, NULL, false, NULL, false, NULL, 'NEEDS_REAL_COORDINATES', '2025-09-09 14:01:31.590241+00', '2025-09-09 14:01:31.590241+00', 'Mehedinţa, Prahova', 'Lac administrat privat'),
	('e8a24b06-55c1-4436-bc8b-5a34d0a61846', 'Balta Gruiu', 'balti_private', 'CL', 'muntenia', 44.44679452, 24.31830628, NULL, NULL, NULL, NULL, NULL, NULL, false, NULL, false, NULL, 'NEEDS_REAL_COORDINATES', '2025-09-09 14:01:31.590241+00', '2025-09-09 14:01:31.590241+00', 'Gruiu, Călărași', 'Lac administrat privat'),
	('f1a7b9e6-9791-4fa3-9a9f-edf534c03809', 'Balta Ileana Razoare', 'balti_private', 'CL', 'muntenia', 44.34147159, 24.40359310, NULL, NULL, NULL, NULL, NULL, NULL, false, NULL, false, NULL, 'NEEDS_REAL_COORDINATES', '2025-09-09 14:01:31.590241+00', '2025-09-09 14:01:31.590241+00', 'Ileana, Călărași', 'Lac administrat privat'),
	('53005ef1-7dfa-4fb1-8e6d-33696c003aa5', 'Balta La Firel', 'balti_private', 'AG', 'muntenia', 44.84605142, 24.92988351, NULL, NULL, NULL, NULL, NULL, NULL, false, NULL, false, NULL, 'NEEDS_REAL_COORDINATES', '2025-09-09 14:01:31.590241+00', '2025-09-09 14:01:31.590241+00', 'Odăeni, Argeș', 'Lac administrat privat'),
	('5c01c7c4-601e-42c5-bcd8-5b500c0ae055', 'Balta lui Otto', 'balti_private', 'BN', 'transilvania', 47.11658246, 24.46250422, NULL, NULL, NULL, NULL, NULL, NULL, false, NULL, false, NULL, 'NEEDS_REAL_COORDINATES', '2025-09-09 14:01:31.590241+00', '2025-09-09 14:01:31.590241+00', 'Uriu, Bistrița-Năsăud', 'Lac administrat privat'),
	('5f0eaf8f-9814-4006-8fb2-0d2ae846e801', 'Balta Lunca Mihăilești', 'balti_private', 'BZ', 'muntenia', 45.18763714, 26.78438845, NULL, NULL, NULL, NULL, NULL, NULL, false, NULL, false, NULL, 'NEEDS_REAL_COORDINATES', '2025-09-09 14:01:31.590241+00', '2025-09-09 14:01:31.590241+00', 'Colţăneni, Buzău', 'Lac administrat privat'),
	('ac2ecd44-a264-4794-a2cf-546700f12a70', 'Balta Maioru', 'balti_private', 'CL', 'muntenia', 44.33994098, 24.32518931, NULL, NULL, NULL, NULL, NULL, NULL, false, NULL, false, NULL, 'NEEDS_REAL_COORDINATES', '2025-09-09 14:01:31.590241+00', '2025-09-09 14:01:31.590241+00', 'Belciugatele, Călărași', 'Lac administrat privat'),
	('9e6557e3-b512-4615-9585-a9c9d59a07f3', 'Balta Mircea', 'balti_private', 'MM', 'maramures', 47.72938074, 23.67678846, NULL, NULL, NULL, NULL, NULL, NULL, false, NULL, false, NULL, 'NEEDS_REAL_COORDINATES', '2025-09-09 14:01:31.590241+00', '2025-09-09 14:01:31.590241+00', 'Remetea Chioarului, Maramureș', 'Lac administrat privat'),
	('ae26b93d-5e59-4460-a740-149ae41c8ce4', 'Balta Moara Vlăsiei 1', 'balti_private', 'IF', 'muntenia', 44.54798779, 25.93863859, NULL, NULL, NULL, NULL, NULL, NULL, false, NULL, false, NULL, 'NEEDS_REAL_COORDINATES', '2025-09-09 14:01:31.590241+00', '2025-09-09 14:01:31.590241+00', 'Moara Vlăsiei, Ilfov', 'Lac administrat privat'),
	('fc13cf57-9da6-4bb0-8344-9ddb99f6cc2d', 'Balta Moara Vlăsiei 2', 'balti_private', 'IF', 'muntenia', 44.40008633, 26.08923005, NULL, NULL, NULL, NULL, NULL, NULL, false, NULL, false, NULL, 'NEEDS_REAL_COORDINATES', '2025-09-09 14:01:31.590241+00', '2025-09-09 14:01:31.590241+00', 'Moara Vlăsiei, Ilfov', 'Lac administrat privat'),
	('e31b2c83-fa10-4a16-bc56-cba5b52683fe', 'Balta Mălina', 'balti_private', 'GL', 'muntenia', 45.41347993, 28.06115320, NULL, NULL, NULL, NULL, NULL, NULL, false, NULL, false, NULL, 'NEEDS_REAL_COORDINATES', '2025-09-09 14:01:31.590241+00', '2025-09-09 14:01:31.590241+00', 'Smardan, Galați', 'Lac administrat privat'),
	('de1a6314-f619-4271-b0d1-5e6eb0d207cf', 'Balta Nadăș', 'balti_private', 'AR', 'banat', 46.18379642, 21.22350644, NULL, NULL, NULL, NULL, NULL, NULL, false, NULL, false, NULL, 'NEEDS_REAL_COORDINATES', '2025-09-09 14:01:31.590241+00', '2025-09-09 14:01:31.590241+00', 'Nadăș, Arad', 'Lac administrat privat'),
	('f51d8d54-1aba-4830-bb3c-3a9172d3e860', 'Balta Paradisul Verde', 'balti_private', 'IS', 'moldova', 47.08556935, 27.58580835, NULL, NULL, NULL, NULL, NULL, NULL, false, NULL, false, NULL, 'NEEDS_REAL_COORDINATES', '2025-09-09 14:01:31.590241+00', '2025-09-09 14:01:31.590241+00', 'Iepureni, Iași', 'Lac administrat privat'),
	('c794f68b-5a0a-4599-8bb9-04ce8b54a8f6', 'Balta Parepa 1', 'balti_private', 'PH', 'muntenia', 44.95844556, 25.96593548, NULL, NULL, NULL, NULL, NULL, NULL, false, NULL, false, NULL, 'NEEDS_REAL_COORDINATES', '2025-09-09 14:01:31.590241+00', '2025-09-09 14:01:31.590241+00', 'Parepa-Rușani, Prahova', 'Lac administrat privat'),
	('3bde953e-d4e1-4f3e-8fad-85497204de56', 'Balta Pescuit Șindrilița', 'balti_private', 'IF', 'muntenia', 44.49019800, 26.05484385, NULL, NULL, NULL, NULL, NULL, NULL, false, NULL, false, NULL, 'NEEDS_REAL_COORDINATES', '2025-09-09 14:01:31.590241+00', '2025-09-09 14:01:31.590241+00', 'Șindrilița, Ilfov', 'Lac administrat privat'),
	('bcb96b4c-7eb6-471f-98ff-c9bb2349e12f', 'Balta Piteasca 3', 'balti_private', 'IF', 'muntenia', 44.43754358, 25.96067857, NULL, NULL, NULL, NULL, NULL, NULL, false, NULL, false, NULL, 'NEEDS_REAL_COORDINATES', '2025-09-09 14:01:31.590241+00', '2025-09-09 14:01:31.590241+00', 'Brănești, Ilfov', 'Lac administrat privat'),
	('30e33fff-733b-4a3d-9e41-7f3c0768ce5b', 'Balta Plină', 'balti_private', 'IL', 'muntenia', 44.59536335, 26.91373302, NULL, NULL, NULL, NULL, NULL, NULL, false, NULL, false, NULL, 'NEEDS_REAL_COORDINATES', '2025-09-09 14:01:31.590241+00', '2025-09-09 14:01:31.590241+00', 'Movilița, Ialomița', 'Lac administrat privat'),
	('44726581-30aa-4ffb-bb44-87cde320ca7c', 'Balta Porumbeşti', 'balti_private', 'SM', 'crisana', 47.74129954, 22.79411363, NULL, NULL, NULL, NULL, NULL, NULL, false, NULL, false, NULL, 'NEEDS_REAL_COORDINATES', '2025-09-09 14:01:31.590241+00', '2025-09-09 14:01:31.590241+00', 'Porumbești, Satu Mare', 'Lac administrat privat'),
	('7f074704-083c-48f0-97b1-767af2b91925', 'Balta Pădureni Sud', 'balti_private', 'VN', 'muntenia', 45.70834635, 27.09883520, NULL, NULL, NULL, NULL, NULL, NULL, false, NULL, false, NULL, 'NEEDS_REAL_COORDINATES', '2025-09-09 14:01:31.590241+00', '2025-09-09 14:01:31.590241+00', 'Pădureni, Vrancea', 'Lac administrat privat'),
	('34c588d3-b3ba-48d4-afcc-3d614941aa7b', 'Balta Sacoșu Turcesc - Balta 2', 'balti_private', 'TM', 'banat', 45.65326455, 21.21568700, NULL, NULL, NULL, NULL, NULL, NULL, false, NULL, false, NULL, 'NEEDS_REAL_COORDINATES', '2025-09-09 14:01:31.590241+00', '2025-09-09 14:01:31.590241+00', 'Sacoșu Turcesc, Timiș', 'Lac administrat privat'),
	('e91ca632-2bce-4363-853f-e940d09057bf', 'Balta Sinești 1', 'balti_private', 'IL', 'muntenia', 44.49980046, 27.00413009, NULL, NULL, NULL, NULL, NULL, NULL, false, NULL, false, NULL, 'NEEDS_REAL_COORDINATES', '2025-09-09 14:01:31.590241+00', '2025-09-09 14:01:31.590241+00', 'Sinești, Ialomița', 'Lac administrat privat'),
	('630c0edf-6ca0-4833-9dd3-ff151e039fe4', 'Balta Solacolu', 'balti_private', 'CL', 'muntenia', 44.39286443, 24.29352757, NULL, NULL, NULL, NULL, NULL, NULL, false, NULL, false, NULL, 'NEEDS_REAL_COORDINATES', '2025-09-09 14:01:31.590241+00', '2025-09-09 14:01:31.590241+00', 'Sat Solacolu, Călărași', 'Lac administrat privat'),
	('dcfbed86-bb85-4eaf-98ae-74c37a5e2656', 'Balta Sâncraiu', 'balti_private', 'CJ', 'transilvania', 46.74257259, 23.55058031, NULL, NULL, NULL, NULL, NULL, NULL, false, NULL, false, NULL, 'NEEDS_REAL_COORDINATES', '2025-09-09 14:01:31.590241+00', '2025-09-09 14:01:31.590241+00', 'Sâncraiu, Cluj', 'Lac administrat privat'),
	('7bb13b95-878e-4b5a-b8c8-02e2a9008d90', 'Balta Sărată', 'balti_private', 'TR', 'muntenia', 44.09064545, 25.06187747, NULL, NULL, NULL, NULL, NULL, NULL, false, NULL, false, NULL, 'NEEDS_REAL_COORDINATES', '2025-09-09 14:01:31.590241+00', '2025-09-09 14:01:31.590241+00', 'Balta Sărată, Teleorman', 'Lac administrat privat'),
	('ceb3f4b4-a899-4107-b101-7dc983ca8b4f', 'Balta Sărături', 'balti_private', 'IL', 'muntenia', 44.59331628, 27.08555783, NULL, NULL, NULL, NULL, NULL, NULL, false, NULL, false, NULL, 'NEEDS_REAL_COORDINATES', '2025-09-09 14:01:31.590241+00', '2025-09-09 14:01:31.590241+00', 'Drăgoești, Ialomița', 'Lac administrat privat'),
	('9a720536-480a-40a3-9f4f-9c8b881b5a99', 'Balta Teslui', 'balti_private', 'DJ', 'oltenia', 44.26893295, 23.76448682, NULL, NULL, NULL, NULL, NULL, NULL, false, NULL, false, NULL, 'NEEDS_REAL_COORDINATES', '2025-09-09 14:01:31.590241+00', '2025-09-09 14:01:31.590241+00', 'Teslui, Dolj', 'Lac administrat privat'),
	('9679154f-7ddc-45a9-a236-eaacd98f6c73', 'Balta Trofee Păușești', 'balti_private', 'IS', 'moldova', 47.24677181, 27.57026058, NULL, NULL, NULL, NULL, NULL, NULL, false, NULL, false, NULL, 'NEEDS_REAL_COORDINATES', '2025-09-09 14:01:31.590241+00', '2025-09-09 14:01:31.590241+00', 'Păușești, Iași', 'Lac administrat privat'),
	('d79a2960-beee-41e0-9cff-e782807988ee', 'Balta Valea Ciorii', 'balti_private', 'AB', 'transilvania', 46.13457262, 23.50033076, NULL, NULL, NULL, NULL, NULL, NULL, false, NULL, false, NULL, 'NEEDS_REAL_COORDINATES', '2025-09-09 14:01:31.590241+00', '2025-09-09 14:01:31.590241+00', 'Tartaria, Alba', 'Lac administrat privat'),
	('59f2c4fe-dab5-4afd-8157-11c6d610cf7d', 'Balta Valea Cireșului', 'balti_private', 'TR', 'muntenia', 43.90965225, 24.97326895, NULL, NULL, NULL, NULL, NULL, NULL, false, NULL, false, NULL, 'NEEDS_REAL_COORDINATES', '2025-09-09 14:01:31.590241+00', '2025-09-09 14:01:31.590241+00', 'Valea Cireșului, Teleorman', 'Lac administrat privat'),
	('e472c542-7ff9-4a43-9caf-de9b5b8febd6', 'Balta Valea Dragnei', 'balti_private', 'GR', 'muntenia', 43.88855183, 25.95542326, NULL, NULL, NULL, NULL, NULL, NULL, false, NULL, false, NULL, 'NEEDS_REAL_COORDINATES', '2025-09-09 14:01:31.590241+00', '2025-09-09 14:01:31.590241+00', 'Chiriacu, Giurgiu', 'Lac administrat privat'),
	('f152ab8e-600a-403b-8da2-c02b6e441d5f', 'Balta Valea Liliecilor', 'balti_private', 'TR', 'muntenia', 44.06514147, 25.02454682, NULL, NULL, NULL, NULL, NULL, NULL, false, NULL, false, NULL, 'NEEDS_REAL_COORDINATES', '2025-09-09 14:01:31.590241+00', '2025-09-09 14:01:31.590241+00', 'Siliștea, Teleorman', 'Lac administrat privat'),
	('a5e788f1-07f8-40a8-b8ba-b80c964e2e91', 'Balta Valea Mare', 'balti_private', 'CV', 'transilvania', 45.76691380, 26.13444526, NULL, NULL, NULL, NULL, NULL, NULL, false, NULL, false, NULL, 'NEEDS_REAL_COORDINATES', '2025-09-09 14:01:31.590241+00', '2025-09-09 14:01:31.590241+00', 'Valea Mare, Covasna', 'Lac administrat privat'),
	('cf69d65c-8a67-4ab9-bb49-bc5c9c364385', 'Balta Vie - Movilita', 'balti_private', 'IL', 'muntenia', 44.41939711, 27.09625660, NULL, NULL, NULL, NULL, NULL, NULL, false, NULL, false, NULL, 'NEEDS_REAL_COORDINATES', '2025-09-09 14:01:31.590241+00', '2025-09-09 14:01:31.590241+00', 'Movilița, Ialomița', 'Lac administrat privat'),
	('390dee9c-e060-43a6-bb5e-88dbc2d9af85', 'Balta Vitan 3', 'balti_private', 'IF', 'muntenia', 44.49875144, 26.06036899, NULL, NULL, NULL, NULL, NULL, NULL, false, NULL, false, NULL, 'NEEDS_REAL_COORDINATES', '2025-09-09 14:01:31.590241+00', '2025-09-09 14:01:31.590241+00', 'Popești-Leordeni, Ilfov', 'Lac administrat privat'),
	('15f06949-4365-43a9-ba16-ec04f8e52936', 'Balta Zau', 'balti_private', 'MS', 'transilvania', 46.48460571, 24.53662216, NULL, NULL, NULL, NULL, NULL, NULL, false, NULL, false, NULL, 'NEEDS_REAL_COORDINATES', '2025-09-09 14:01:31.590241+00', '2025-09-09 14:01:31.590241+00', 'Zau de Câmpie, Mureș', 'Lac administrat privat'),
	('646501a1-df09-467a-842b-1c7b61c8d52a', 'Balta Zătun', 'balti_private', 'GL', 'muntenia', 45.46807388, 28.12629887, NULL, NULL, NULL, NULL, NULL, NULL, false, NULL, false, NULL, 'NEEDS_REAL_COORDINATES', '2025-09-09 14:01:31.590241+00', '2025-09-09 14:01:31.590241+00', 'Galați, Galați', 'Lac administrat privat'),
	('912bfdf8-14f8-409d-8252-76731ba5f6ea', 'Baraj Pușcași', 'balti_private', 'VS', 'moldova', 46.64479478, 27.78752576, NULL, NULL, NULL, NULL, NULL, NULL, false, NULL, false, NULL, 'NEEDS_REAL_COORDINATES', '2025-09-09 14:01:31.590241+00', '2025-09-09 14:01:31.590241+00', 'Pușcași, Vaslui', 'Lac administrat privat'),
	('e080949a-1f73-4c62-ada1-d1c9003c1301', 'Bazinul Piscicol Creata 3', 'balti_private', 'IF', 'muntenia', 44.51498697, 26.04985181, NULL, NULL, NULL, NULL, NULL, NULL, false, NULL, false, NULL, 'NEEDS_REAL_COORDINATES', '2025-09-09 14:01:31.590241+00', '2025-09-09 14:01:31.590241+00', 'Vânători, Ilfov', 'Lac administrat privat'),
	('354ca434-41e1-4488-9d59-76c05c680dd3', 'Bistra Aurie II', 'lac', 'SV', 'moldova', 47.57036816, 26.15128226, NULL, NULL, NULL, NULL, NULL, NULL, false, NULL, false, NULL, 'NEEDS_REAL_COORDINATES', '2025-09-09 14:01:31.590241+00', '2025-09-09 14:01:31.590241+00', 'Râu în județul Suceava', 'Administrat de APS AQUA CRISIUS'),
	('587c6810-86df-4c62-b61e-3d693be9cae2', 'Blejesti-Sericu', 'balti_private', 'TR', 'muntenia', 44.02951291, 25.06404931, NULL, NULL, NULL, NULL, NULL, NULL, false, NULL, false, NULL, 'NEEDS_REAL_COORDINATES', '2025-09-09 14:01:31.590241+00', '2025-09-09 14:01:31.590241+00', 'Sericu, Teleorman', 'Lac administrat privat'),
	('25bda0fd-c6b5-4593-9712-326e84add036', 'Bodi', 'lac', 'MM', 'maramures', 47.70109304, 23.66466710, NULL, NULL, NULL, NULL, NULL, NULL, false, NULL, false, NULL, 'NEEDS_REAL_COORDINATES', '2025-09-09 14:01:31.590241+00', '2025-09-09 14:01:31.590241+00', 'Lac în județul Maramureș', 'Administrat de Direcția Silvica Maramureș'),
	('8ec90feb-435f-4718-a774-66db843cd9b1', 'Breazova', 'lac', 'CS', 'banat', 45.43001590, 22.26529658, NULL, NULL, NULL, NULL, NULL, NULL, false, NULL, false, NULL, 'NEEDS_REAL_COORDINATES', '2025-09-09 14:01:31.590241+00', '2025-09-09 14:01:31.590241+00', 'Lac în județul Caraș-Severin', 'Administrat de Direcția Silvică Caraș-Severin'),
	('6542642d-11fb-474d-b689-e6d5951b8ecf', 'Bucura', 'lac', 'HD', 'muntenia', 45.67647604, 22.99825513, NULL, NULL, NULL, NULL, NULL, NULL, false, NULL, false, NULL, 'NEEDS_REAL_COORDINATES', '2025-09-09 14:01:31.590241+00', '2025-09-09 14:01:31.590241+00', 'Lac în județul Hunedoara', 'Administrat de Direcția Silvică Hunedoara'),
	('a41135f2-3251-41f5-9ed9-86a5e1861ee0', 'Buhui', 'lac', 'CS', 'banat', 45.45590131, 22.25517584, NULL, NULL, NULL, NULL, NULL, NULL, false, NULL, false, NULL, 'NEEDS_REAL_COORDINATES', '2025-09-09 14:01:31.590241+00', '2025-09-09 14:01:31.590241+00', 'Lac în județul Caraș-Severin', 'Administrat de Direcția Silvică Caraș-Severin'),
	('adcb63c9-d57f-47ff-bdc6-ea29a78f19e0', 'Bâlea', 'lac', 'SB', 'transilvania', 45.80148219, 24.17511865, NULL, NULL, NULL, NULL, NULL, NULL, false, NULL, false, NULL, 'NEEDS_REAL_COORDINATES', '2025-09-09 14:01:31.590241+00', '2025-09-09 14:01:31.590241+00', 'Lac în județul Sibiu', 'Administrat de Direcția Silvică Sibiu'),
	('1269c9ed-c9c0-46cc-9139-71a3b33f3edd', 'Cabana Pescarului JIM', 'balti_private', 'CS', 'banat', 45.51287713, 22.28942840, NULL, NULL, NULL, NULL, NULL, NULL, false, NULL, false, NULL, 'NEEDS_REAL_COORDINATES', '2025-09-09 14:01:31.590241+00', '2025-09-09 14:01:31.590241+00', 'Cuptoare, Caraș-Severin', 'Lac administrat privat'),
	('9f9aab4f-9763-466a-a81a-2852953bd3dc', 'Canalul colector Criș', 'rau', 'BH', 'crisana', 47.13084248, 22.00652279, NULL, NULL, NULL, NULL, NULL, NULL, false, NULL, false, NULL, 'NEEDS_REAL_COORDINATES', '2025-09-09 14:01:31.590241+00', '2025-09-09 14:01:31.590241+00', 'Râu în județul Bihor', 'Administrat de AJVPS BIHOR'),
	('4f07f1fe-0ee7-4744-8850-03a7e9023e14', 'Canalul Morilor', 'rau', 'AR', 'banat', 46.13718919, 21.28998784, NULL, NULL, NULL, NULL, NULL, NULL, false, NULL, false, NULL, 'NEEDS_REAL_COORDINATES', '2025-09-09 14:01:31.590241+00', '2025-09-09 14:01:31.590241+00', 'Râu în județul Arad', 'Administrat de AJVPS ARAD'),
	('e448ca55-2df8-4be6-8c9b-72a17560f5f3', 'Carpodrom Transilvania', 'balti_private', 'MS', 'transilvania', 46.56222246, 24.50043781, NULL, NULL, NULL, NULL, NULL, NULL, false, NULL, false, NULL, 'NEEDS_REAL_COORDINATES', '2025-09-09 14:01:31.590241+00', '2025-09-09 14:01:31.590241+00', 'Toldal, Mureș', 'Lac administrat privat'),
	('2aa60a71-b8c0-473d-b58f-8aa22c769cd2', 'Cele Două Lacuri', 'balti_private', 'MS', 'transilvania', 46.59023664, 24.62026555, NULL, NULL, NULL, NULL, NULL, NULL, false, NULL, false, NULL, 'NEEDS_REAL_COORDINATES', '2025-09-09 14:01:31.590241+00', '2025-09-09 14:01:31.590241+00', 'Reghin, Mureș', 'Lac administrat privat'),
	('f58c4768-ddb4-478c-aea2-5012eca2d634', 'Chita Lake', 'balti_private', 'GR', 'muntenia', 43.87417933, 25.91712325, NULL, NULL, NULL, NULL, NULL, NULL, false, NULL, false, NULL, 'NEEDS_REAL_COORDINATES', '2025-09-09 14:01:31.590241+00', '2025-09-09 14:01:31.590241+00', 'Răsuceni, Giurgiu', 'Lac administrat privat'),
	('acecfaa3-ce44-43b4-8577-24624c60e606', 'Clubul de pescuit sportiv Năvodul Star', 'balti_private', 'BT', 'moldova', 47.79991538, 26.65141490, NULL, NULL, NULL, NULL, NULL, NULL, false, NULL, false, NULL, 'NEEDS_REAL_COORDINATES', '2025-09-09 14:01:31.590241+00', '2025-09-09 14:01:31.590241+00', 'Răchiți, Botoșani', 'Lac administrat privat'),
	('39d13bbc-0b63-47f9-9315-f615f243fa35', 'Conacul Lacurilor', 'balti_private', 'CS', 'banat', 45.39923087, 22.29519471, NULL, NULL, NULL, NULL, NULL, NULL, false, NULL, false, NULL, 'NEEDS_REAL_COORDINATES', '2025-09-09 14:01:31.590241+00', '2025-09-09 14:01:31.590241+00', 'Mehadia, Caraș-Severin', 'Lac administrat privat'),
	('ca1bdd6d-943f-4cab-b8fd-e01d24adf6cd', 'Crișul Repede Mijlociu', 'lac', 'CJ', 'transilvania', 46.81569575, 23.59835379, NULL, NULL, NULL, NULL, NULL, NULL, false, NULL, false, NULL, 'NEEDS_REAL_COORDINATES', '2025-09-09 14:01:31.590241+00', '2025-09-09 14:01:31.590241+00', 'Râu în județul Cluj', 'Administrat de D.S. Cluj'),
	('377e59ae-22e6-41e2-8e06-466267276b96', 'Crișul Repede Superior', 'lac', 'CJ', 'transilvania', 46.75532676, 23.68188975, NULL, NULL, NULL, NULL, NULL, NULL, false, NULL, false, NULL, 'NEEDS_REAL_COORDINATES', '2025-09-09 14:01:31.590241+00', '2025-09-09 14:01:31.590241+00', 'Râu în județul Cluj', 'Administrat de D.S. Cluj'),
	('cf1f5ed5-2087-4c64-bae8-4dff96396d0c', 'Cuiejdel', 'lac', 'NT', 'moldova', 46.83897762, 26.36633368, NULL, NULL, NULL, NULL, NULL, NULL, false, NULL, false, NULL, 'NEEDS_REAL_COORDINATES', '2025-09-09 14:01:31.590241+00', '2025-09-09 14:01:31.590241+00', 'Lac în județul Neamț', 'Administrat de Direcția Silvică Neamț'),
	('669be419-6b03-4ae4-bb7b-49aaeb32abe3', 'Culișer', 'lac', 'BH', 'crisana', 47.02616293, 21.84635056, NULL, NULL, NULL, NULL, NULL, NULL, false, NULL, false, NULL, 'NEEDS_REAL_COORDINATES', '2025-09-09 14:01:31.590241+00', '2025-09-09 14:01:31.590241+00', 'Râu în județul Bihor', 'Administrat de AJVPS BIHOR'),
	('4030b143-2ffe-4f5f-8343-dd0f4704fd18', 'Custura Mare', 'lac', 'HD', 'muntenia', 45.68094175, 22.83655391, NULL, NULL, NULL, NULL, NULL, NULL, false, NULL, false, NULL, 'NEEDS_REAL_COORDINATES', '2025-09-09 14:01:31.590241+00', '2025-09-09 14:01:31.590241+00', 'Lac în județul Hunedoara', 'Administrat de Direcția Silvică Hunedoara'),
	('a2c91e8d-6c54-4ba8-92d0-9ae47aafd9eb', 'Custura Mică', 'lac', 'HD', 'muntenia', 45.78376548, 22.84467016, NULL, NULL, NULL, NULL, NULL, NULL, false, NULL, false, NULL, 'NEEDS_REAL_COORDINATES', '2025-09-09 14:01:31.590241+00', '2025-09-09 14:01:31.590241+00', 'Lac în județul Hunedoara', 'Administrat de Direcția Silvică Hunedoara'),
	('e9b649fc-103e-4656-860e-7bce96dbe417', 'Cândeasca Lakes Bazinul 0', 'balti_private', 'CL', 'muntenia', 44.41771342, 24.33363415, NULL, NULL, NULL, NULL, NULL, NULL, false, NULL, false, NULL, 'NEEDS_REAL_COORDINATES', '2025-09-09 14:01:31.590241+00', '2025-09-09 14:01:31.590241+00', 'Belciugatele, Călărași', 'Lac administrat privat'),
	('799ed232-92ed-45da-a465-7d99c41f7aea', 'Cândeasca Lakes Bazinul 1', 'balti_private', 'CL', 'muntenia', 44.47194292, 24.35600184, NULL, NULL, NULL, NULL, NULL, NULL, false, NULL, false, NULL, 'NEEDS_REAL_COORDINATES', '2025-09-09 14:01:31.590241+00', '2025-09-09 14:01:31.590241+00', 'Belciugatele, Călărași', 'Lac administrat privat'),
	('25f88ae0-9291-4abb-85a8-df8f5741a460', 'Cârja Conac', 'balti_private', 'VS', 'moldova', 46.53890183, 27.82910822, NULL, NULL, NULL, NULL, NULL, NULL, false, NULL, false, NULL, 'NEEDS_REAL_COORDINATES', '2025-09-09 14:01:31.590241+00', '2025-09-09 14:01:31.590241+00', 'Murgeni, Vaslui', 'Lac administrat privat'),
	('e618731b-0cab-4c33-8496-879f0a03b104', 'Delta Gruiului', 'balti_private', 'CL', 'muntenia', 44.34326400, 24.46030121, NULL, NULL, NULL, NULL, NULL, NULL, false, NULL, false, NULL, 'NEEDS_REAL_COORDINATES', '2025-09-09 14:01:31.590241+00', '2025-09-09 14:01:31.590241+00', 'Budești, Călărași', 'Lac administrat privat'),
	('2a0f4578-0bbf-459b-96b9-d94491709896', 'Domeniul ValDan', 'balti_private', 'TM', 'banat', 45.83013348, 21.11321781, NULL, NULL, NULL, NULL, NULL, NULL, false, NULL, false, NULL, 'NEEDS_REAL_COORDINATES', '2025-09-09 14:01:31.590241+00', '2025-09-09 14:01:31.590241+00', 'Peciu Nou, Timiș', 'Lac administrat privat'),
	('d079df47-e150-4535-8c98-8a1e596c7a02', 'Dopca', 'lac', 'BV', 'muntenia', 45.65919002, 25.61935081, NULL, NULL, NULL, NULL, NULL, NULL, false, NULL, false, NULL, 'NEEDS_REAL_COORDINATES', '2025-09-09 14:01:31.590241+00', '2025-09-09 14:01:31.590241+00', 'Râu în județul Brașov', 'Administrat de AJPS Brașov'),
	('0e957e61-2c5d-470b-9d37-80944f8cf0cd', 'Dărvăstău', 'balti_private', 'CJ', 'transilvania', 46.81403779, 23.56431062, NULL, NULL, NULL, NULL, NULL, NULL, false, NULL, false, NULL, 'NEEDS_REAL_COORDINATES', '2025-09-09 14:01:31.590241+00', '2025-09-09 14:01:31.590241+00', 'Cojocna, Cluj', 'Lac administrat privat'),
	('db852745-d048-43a0-aaff-42d80abe2a2c', 'EVELIN Lake', 'balti_private', 'SB', 'transilvania', 45.88936089, 24.16010643, NULL, NULL, NULL, NULL, NULL, NULL, false, NULL, false, NULL, 'NEEDS_REAL_COORDINATES', '2025-09-09 14:01:31.590241+00', '2025-09-09 14:01:31.590241+00', 'Orlat, Sibiu', 'Lac administrat privat'),
	('0d4b34d4-516b-4c09-957f-e816603b0609', 'Farlow Pike Arena', 'balti_private', 'DB', 'muntenia', 44.91216605, 25.50174483, NULL, NULL, NULL, NULL, NULL, NULL, false, NULL, false, NULL, 'NEEDS_REAL_COORDINATES', '2025-09-09 14:01:31.590241+00', '2025-09-09 14:01:31.590241+00', 'Găești, Dâmbovița', 'Lac administrat privat'),
	('5bb8903e-3c51-47c0-87dd-8db9e3361697', 'Ferma de Crap', 'balti_private', 'BH', 'crisana', 47.13693017, 21.93009616, NULL, NULL, NULL, NULL, NULL, NULL, false, NULL, false, NULL, 'NEEDS_REAL_COORDINATES', '2025-09-09 14:01:31.590241+00', '2025-09-09 14:01:31.590241+00', 'Diosig, Bihor', 'Lac administrat privat'),
	('46fce36b-161e-43de-a7ab-7b82f9dab59e', 'Ferma Piscicola Podisului', 'balti_private', 'IS', 'moldova', 47.21898055, 27.55425031, NULL, NULL, NULL, NULL, NULL, NULL, false, NULL, false, NULL, 'NEEDS_REAL_COORDINATES', '2025-09-09 14:01:31.590241+00', '2025-09-09 14:01:31.590241+00', 'Bălțați, Iași', 'Lac administrat privat'),
	('bbdf40f7-903b-49d5-95e4-69f71ba52ebb', 'Firiza', 'lac', 'MM', 'maramures', 47.58349490, 23.60530703, NULL, NULL, NULL, NULL, NULL, NULL, false, NULL, false, NULL, 'NEEDS_REAL_COORDINATES', '2025-09-09 14:01:31.590241+00', '2025-09-09 14:01:31.590241+00', 'Lac în județul Maramureș', 'Administrat de Direcția Silvica Maramureș'),
	('d3428d53-f5ee-4aac-977f-948f07635711', 'Fish Zone Coaș', 'balti_private', 'MM', 'maramures', 47.68228228, 23.58816542, NULL, NULL, NULL, NULL, NULL, NULL, false, NULL, false, NULL, 'NEEDS_REAL_COORDINATES', '2025-09-09 14:01:31.590241+00', '2025-09-09 14:01:31.590241+00', 'Coaș, Maramureș', 'Lac administrat privat'),
	('6bad8746-d741-4d99-b125-d538f82ff9ba', 'Florica', 'lac', 'HD', 'muntenia', 45.68149121, 22.90715983, NULL, NULL, NULL, NULL, NULL, NULL, false, NULL, false, NULL, 'NEEDS_REAL_COORDINATES', '2025-09-09 14:01:31.590241+00', '2025-09-09 14:01:31.590241+00', 'Lac în județul Hunedoara', 'Administrat de Direcția Silvică Hunedoara'),
	('db6f67d8-86aa-4be8-b8e1-bb9f591c5089', 'Galeşul', 'lac', 'HD', 'muntenia', 45.83093543, 22.84050804, NULL, NULL, NULL, NULL, NULL, NULL, false, NULL, false, NULL, 'NEEDS_REAL_COORDINATES', '2025-09-09 14:01:31.590241+00', '2025-09-09 14:01:31.590241+00', 'Lac în județul Hunedoara', 'Administrat de Direcția Silvică Hunedoara'),
	('853f0276-bfee-4598-aa81-6e2ddfb35afb', 'Ghereşul', 'lac', 'HD', 'muntenia', 45.72059377, 22.99207189, NULL, NULL, NULL, NULL, NULL, NULL, false, NULL, false, NULL, 'NEEDS_REAL_COORDINATES', '2025-09-09 14:01:31.590241+00', '2025-09-09 14:01:31.590241+00', 'Lac în județul Hunedoara', 'Administrat de Direcția Silvică Hunedoara'),
	('c2fde025-2902-433f-9edb-4596db9baae7', 'Ghimpele (Peleguţa)', 'lac', 'HD', 'muntenia', 45.75947413, 22.90055580, NULL, NULL, NULL, NULL, NULL, NULL, false, NULL, false, NULL, 'NEEDS_REAL_COORDINATES', '2025-09-09 14:01:31.590241+00', '2025-09-09 14:01:31.590241+00', 'Lac în județul Hunedoara', 'Administrat de Direcția Silvică Hunedoara'),
	('dd449ddf-f5a0-46d5-8c67-16f1311b13e5', 'Gold Fish', 'balti_private', 'CJ', 'transilvania', 46.79826626, 23.65646579, NULL, NULL, NULL, NULL, NULL, NULL, false, NULL, false, NULL, 'NEEDS_REAL_COORDINATES', '2025-09-09 14:01:31.590241+00', '2025-09-09 14:01:31.590241+00', 'Cuzdrioara, Cluj', 'Lac administrat privat'),
	('974c3255-fde9-42d9-a487-9475cdb6cc75', 'Gozna', 'lac', 'CS', 'banat', 45.47082784, 22.24296174, NULL, NULL, NULL, NULL, NULL, NULL, false, NULL, false, NULL, 'NEEDS_REAL_COORDINATES', '2025-09-09 14:01:31.590241+00', '2025-09-09 14:01:31.590241+00', 'Lac în județul Caraș-Severin', 'Administrat de Direcția Silvică Caraș-Severin'),
	('37259254-2d63-40e8-b4a0-6369b61f641e', 'Gura Apei', 'lac', 'HD', 'muntenia', 45.76380169, 22.81771834, NULL, NULL, NULL, NULL, NULL, NULL, false, NULL, false, NULL, 'NEEDS_REAL_COORDINATES', '2025-09-09 14:01:31.590241+00', '2025-09-09 14:01:31.590241+00', 'Lac în județul Hunedoara', 'Administrat de Direcția Silvică Hunedoara'),
	('2ca1a265-7e65-4dd1-8c02-b9e7de8e97ae', 'Gârla Huțani', 'lac', 'BT', 'moldova', 47.83611202, 26.60381154, NULL, NULL, NULL, NULL, NULL, NULL, false, NULL, false, NULL, 'NEEDS_REAL_COORDINATES', '2025-09-09 14:01:31.590241+00', '2025-09-09 14:01:31.590241+00', 'Râu în județul Botoșani', 'Administrat de AJVPS BOTOȘANI'),
	('dc6d868c-fea0-481f-b397-3a9f59a13a8d', 'Hanul Pescarilor Garofița', 'balti_private', 'MS', 'transilvania', 46.55128713, 24.62063542, NULL, NULL, NULL, NULL, NULL, NULL, false, NULL, false, NULL, 'NEEDS_REAL_COORDINATES', '2025-09-09 14:01:31.590241+00', '2025-09-09 14:01:31.590241+00', 'Sâncraiu de Mureș, Mureș', 'Lac administrat privat'),
	('52b096b5-5c1f-4f41-92b1-84e6435c0e3a', 'Iaz Butea', 'balti_private', 'IS', 'moldova', 47.07841314, 27.58115705, NULL, NULL, NULL, NULL, NULL, NULL, false, NULL, false, NULL, 'NEEDS_REAL_COORDINATES', '2025-09-09 14:01:31.590241+00', '2025-09-09 14:01:31.590241+00', 'Miclăușeni, Iași', 'Lac administrat privat'),
	('b34c9882-672a-4abb-b5b9-903fbfdba5f6', 'Iaz Căbănuțele Pescarilor', 'balti_private', 'IS', 'moldova', 47.07547142, 27.67144048, NULL, NULL, NULL, NULL, NULL, NULL, false, NULL, false, NULL, 'NEEDS_REAL_COORDINATES', '2025-09-09 14:01:31.590241+00', '2025-09-09 14:01:31.590241+00', 'Chilișoaia, Iași', 'Lac administrat privat'),
	('afea5ce1-9d74-4cc3-a38a-878c3835412f', 'Iaz Ruginoasa', 'balti_private', 'NT', 'moldova', 47.00343045, 26.27613695, NULL, NULL, NULL, NULL, NULL, NULL, false, NULL, false, NULL, 'NEEDS_REAL_COORDINATES', '2025-09-09 14:01:31.590241+00', '2025-09-09 14:01:31.590241+00', 'Ruginoasa, Neamț', 'Lac administrat privat'),
	('6b655d7e-9da6-4a6f-8e62-698677f75885', 'Iaz Totoești', 'balti_private', 'IS', 'moldova', 47.17647811, 27.66874293, NULL, NULL, NULL, NULL, NULL, NULL, false, NULL, false, NULL, 'NEEDS_REAL_COORDINATES', '2025-09-09 14:01:31.590241+00', '2025-09-09 14:01:31.590241+00', 'Totoești, Iași', 'Lac administrat privat'),
	('e6aea805-dd65-4667-a462-3f6da67975da', 'Iazul Botez', 'balti_private', 'IS', 'moldova', 47.19805656, 27.66350127, NULL, NULL, NULL, NULL, NULL, NULL, false, NULL, false, NULL, 'NEEDS_REAL_COORDINATES', '2025-09-09 14:01:31.590241+00', '2025-09-09 14:01:31.590241+00', 'Mihail Kogalniceanu, Iași', 'Lac administrat privat'),
	('b7267ff2-7891-4c46-a533-4a99f9ab5fb0', 'Iazul Brehuiești', 'balti_private', 'BT', 'moldova', 47.84818524, 26.65136881, NULL, NULL, NULL, NULL, NULL, NULL, false, NULL, false, NULL, 'NEEDS_REAL_COORDINATES', '2025-09-09 14:01:31.590241+00', '2025-09-09 14:01:31.590241+00', 'Brehuiești, Botoșani', 'Lac administrat privat'),
	('fc616e71-e6e5-4c7d-b5d5-92f57213b52f', 'Iazul Codreni', 'balti_private', 'BT', 'moldova', 47.76037434, 26.74313051, NULL, NULL, NULL, NULL, NULL, NULL, false, NULL, false, NULL, 'NEEDS_REAL_COORDINATES', '2025-09-09 14:01:31.590241+00', '2025-09-09 14:01:31.590241+00', 'Codreni, Botoșani', 'Lac administrat privat'),
	('c16b7c33-db38-4271-b6df-601372d29ab3', 'Iazul Dumești', 'balti_private', 'IS', 'moldova', 47.24741670, 27.61790270, NULL, NULL, NULL, NULL, NULL, NULL, false, NULL, false, NULL, 'NEEDS_REAL_COORDINATES', '2025-09-09 14:01:31.590241+00', '2025-09-09 14:01:31.590241+00', 'Dumești, Iași', 'Lac administrat privat'),
	('2b28bca1-ba5c-452f-92f8-d64deaa4df8e', 'Iazul Ivascoaia', 'balti_private', 'BT', 'moldova', 47.72555894, 26.67829179, NULL, NULL, NULL, NULL, NULL, NULL, false, NULL, false, NULL, 'NEEDS_REAL_COORDINATES', '2025-09-09 14:01:31.590241+00', '2025-09-09 14:01:31.590241+00', 'Flămânzi, Botoșani', 'Lac administrat privat'),
	('bae2af7d-0710-43fb-83c2-95ed29ebe15a', 'Iazul La Doi Peri', 'balti_private', 'IS', 'moldova', 47.11676707, 27.56940929, NULL, NULL, NULL, NULL, NULL, NULL, false, NULL, false, NULL, 'NEEDS_REAL_COORDINATES', '2025-09-09 14:01:31.590241+00', '2025-09-09 14:01:31.590241+00', 'Vișan, Iași', 'Lac administrat privat'),
	('b6654584-a411-4036-8af7-4b18347745b6', 'Iazul Loești', 'balti_private', 'BT', 'moldova', 47.66618139, 26.60818021, NULL, NULL, NULL, NULL, NULL, NULL, false, NULL, false, NULL, 'NEEDS_REAL_COORDINATES', '2025-09-09 14:01:31.590241+00', '2025-09-09 14:01:31.590241+00', 'Cucorăni, Botoșani', 'Lac administrat privat'),
	('c5b7db52-c21f-4c27-b2f8-7716af1d4207', 'Iazul lui Dumnezeu - Mihaila', 'balti_private', 'IS', 'moldova', 47.16061716, 27.59558944, NULL, NULL, NULL, NULL, NULL, NULL, false, NULL, false, NULL, 'NEEDS_REAL_COORDINATES', '2025-09-09 14:01:31.590241+00', '2025-09-09 14:01:31.590241+00', 'Probota, Iași', 'Lac administrat privat'),
	('5edcdf88-52ef-4bd4-aecb-a4ccdd8560ac', 'Iazul Luizoaia', 'balti_private', 'BT', 'moldova', 47.66716808, 26.70709029, NULL, NULL, NULL, NULL, NULL, NULL, false, NULL, false, NULL, 'NEEDS_REAL_COORDINATES', '2025-09-09 14:01:31.590241+00', '2025-09-09 14:01:31.590241+00', 'Botoșani, Botoșani', 'Lac administrat privat'),
	('f8e12145-51e9-4188-abee-e1bbe02bd8c3', 'Iazul Poseidon', 'balti_private', 'IS', 'moldova', 47.10296014, 27.69195386, NULL, NULL, NULL, NULL, NULL, NULL, false, NULL, false, NULL, 'NEEDS_REAL_COORDINATES', '2025-09-09 14:01:31.590241+00', '2025-09-09 14:01:31.590241+00', 'Strunga, Iași', 'Lac administrat privat'),
	('355a1185-5767-4e4f-8983-4170141dbf08', 'Iazul Suharău', 'balti_private', 'BT', 'moldova', 47.76075840, 26.63911129, NULL, NULL, NULL, NULL, NULL, NULL, false, NULL, false, NULL, 'NEEDS_REAL_COORDINATES', '2025-09-09 14:01:31.590241+00', '2025-09-09 14:01:31.590241+00', 'Suharău, Botoșani', 'Lac administrat privat'),
	('f06b3ecb-9fc9-45e3-93d2-5e4043a49a7f', 'Iazul Tăutești', 'balti_private', 'IS', 'moldova', 47.19370151, 27.52967088, NULL, NULL, NULL, NULL, NULL, NULL, false, NULL, false, NULL, 'NEEDS_REAL_COORDINATES', '2025-09-09 14:01:31.590241+00', '2025-09-09 14:01:31.590241+00', 'Tăutești, Iași', 'Lac administrat privat'),
	('a34e05c7-a349-4909-b300-7fad5067939c', 'Iezer', 'lac', 'HR', 'transilvania', 46.33968458, 25.81421265, NULL, NULL, NULL, NULL, NULL, NULL, false, NULL, false, NULL, 'NEEDS_REAL_COORDINATES', '2025-09-09 14:01:31.590241+00', '2025-09-09 14:01:31.590241+00', 'Lac în județul Harghita', 'Administrat de Direcția Silvică Harghita'),
	('ce3728e8-1238-442a-9c87-c1002908c778', 'Iezer – Ighel', 'lac', 'AB', 'transilvania', 46.13953359, 23.52841390, NULL, NULL, NULL, NULL, NULL, NULL, false, NULL, false, NULL, 'NEEDS_REAL_COORDINATES', '2025-09-09 14:01:31.590241+00', '2025-09-09 14:01:31.590241+00', 'Lac în județul Alba', 'Administrat de Direcția Silvică Alba'),
	('d1e147e3-cd82-42d6-a62e-c5c750b3a3b1', 'Iezer – Șurianu', 'lac', 'AB', 'transilvania', 46.09886046, 23.67363015, NULL, NULL, NULL, NULL, NULL, NULL, false, NULL, false, NULL, 'NEEDS_REAL_COORDINATES', '2025-09-09 14:01:31.590241+00', '2025-09-09 14:01:31.590241+00', 'Lac în județul Alba', 'Administrat de Direcția Silvică Alba'),
	('84f53211-8c80-495e-80b6-fea72e68dbde', 'Iezerul Bistriței', 'lac', 'MM', 'maramures', 47.60741421, 23.52898798, NULL, NULL, NULL, NULL, NULL, NULL, false, NULL, false, NULL, 'NEEDS_REAL_COORDINATES', '2025-09-09 14:01:31.590241+00', '2025-09-09 14:01:31.590241+00', 'Lac în județul Maramureș', 'Administrat de Direcția Silvica Maramureș'),
	('b156043e-0002-4536-a15d-6d44a15b08e6', 'Iezerul Pietrosu', 'lac', 'MM', 'maramures', 47.57679077, 23.68306611, NULL, NULL, NULL, NULL, NULL, NULL, false, NULL, false, NULL, 'NEEDS_REAL_COORDINATES', '2025-09-09 14:01:31.590241+00', '2025-09-09 14:01:31.590241+00', 'Lac în județul Maramureș', 'Administrat de Direcția Silvica Maramureș'),
	('c6fd7922-b740-4bb6-966a-e8aea44bf8b4', 'Izvoare – conf. pârâul Bumbului', 'rau', 'BN', 'transilvania', 47.13586107, 24.42309486, NULL, NULL, NULL, NULL, NULL, NULL, false, NULL, false, NULL, 'NEEDS_REAL_COORDINATES', '2025-09-09 14:01:31.590241+00', '2025-09-09 14:01:31.590241+00', 'Râu în județul Bistrița-Năsăud', 'Administrat de AJVPS BISTRIŢA NĂSĂUD'),
	('1b4b6727-c02f-4992-8895-724fce06be57', 'Jelna', 'lac', 'BN', 'transilvania', 47.08622030, 24.54182067, NULL, NULL, NULL, NULL, NULL, NULL, false, NULL, false, NULL, 'NEEDS_REAL_COORDINATES', '2025-09-09 14:01:31.590241+00', '2025-09-09 14:01:31.590241+00', 'Râu în județul Bistrița-Năsăud', 'Administrat de AJVPS BISTRIŢA NĂSĂUD'),
	('4e351a80-202b-4404-919c-8e9cb1ca3a82', 'King Lake', 'balti_private', 'IL', 'muntenia', 44.44919258, 26.91615217, NULL, NULL, NULL, NULL, NULL, NULL, false, NULL, false, NULL, 'NEEDS_REAL_COORDINATES', '2025-09-09 14:01:31.590241+00', '2025-09-09 14:01:31.590241+00', 'Ciocârlia, Ialomița', 'Lac administrat privat'),
	('a9564c92-1f6a-445f-a8e4-0110c761cf6b', 'La 3 lacuri', 'balti_private', 'CJ', 'transilvania', 46.76067519, 23.64920260, NULL, NULL, NULL, NULL, NULL, NULL, false, NULL, false, NULL, 'NEEDS_REAL_COORDINATES', '2025-09-09 14:01:31.590241+00', '2025-09-09 14:01:31.590241+00', 'Luna, Cluj', 'Lac administrat privat'),
	('1458b51a-5cfc-40c3-af57-003005254e0f', 'La Găvrila', 'balti_private', 'CJ', 'transilvania', 46.74916606, 23.52101695, NULL, NULL, NULL, NULL, NULL, NULL, false, NULL, false, NULL, 'NEEDS_REAL_COORDINATES', '2025-09-09 14:01:31.590241+00', '2025-09-09 14:01:31.590241+00', 'Beliș, Cluj', 'Lac administrat privat'),
	('2f8f87e7-32ac-4880-811b-07a53dff8eb9', 'La Lac Maleia', 'balti_private', 'HD', 'muntenia', 45.70820916, 22.85334517, NULL, NULL, NULL, NULL, NULL, NULL, false, NULL, false, NULL, 'NEEDS_REAL_COORDINATES', '2025-09-09 14:01:31.590241+00', '2025-09-09 14:01:31.590241+00', 'Petrila, Hunedoara', 'Lac administrat privat'),
	('2e1c0cf7-ff17-44a8-80d6-e6ce53ad007c', 'La Timbuș', 'balti_private', 'AB', 'transilvania', 46.07235862, 23.61406156, NULL, NULL, NULL, NULL, NULL, NULL, false, NULL, false, NULL, 'NEEDS_REAL_COORDINATES', '2025-09-09 14:01:31.590241+00', '2025-09-09 14:01:31.590241+00', 'Găbud, Alba', 'Lac administrat privat'),
	('64c0e1a8-1bc1-4607-b48f-b5c22436ac65', 'Lac acumulare Arcești cu  bălțile adiacente', 'lac', 'OT', 'oltenia', 44.26673553, 24.51818976, NULL, NULL, NULL, NULL, NULL, NULL, false, NULL, false, NULL, 'NEEDS_REAL_COORDINATES', '2025-09-09 14:01:31.590241+00', '2025-09-09 14:01:31.590241+00', 'Lac în județul Olt', 'Administrat de AJVPS OLT'),
	('32fd421a-b6cf-42e4-a882-3751550f6ceb', 'Lac acumulare Arpașu', 'lac', 'SB', 'transilvania', 45.80056978, 24.19395851, NULL, NULL, NULL, NULL, NULL, NULL, false, NULL, false, NULL, 'NEEDS_REAL_COORDINATES', '2025-09-09 14:01:31.590241+00', '2025-09-09 14:01:31.590241+00', 'Lac în județul Sibiu', 'Administrat de AJVPS SIBIU'),
	('bd4d7398-18a9-4ad3-baea-33b2c9ebba6b', 'Lac acumulare Avrig', 'lac', 'SB', 'transilvania', 45.76055261, 24.18345046, NULL, NULL, NULL, NULL, NULL, NULL, false, NULL, false, NULL, 'NEEDS_REAL_COORDINATES', '2025-09-09 14:01:31.590241+00', '2025-09-09 14:01:31.590241+00', 'Lac în județul Sibiu', 'Administrat de AJVPS SIBIU'),
	('7fbd4d35-62d3-4e9d-a4b2-9089849c5d31', 'Lac acumulare Bascov', 'lac', 'AG', 'muntenia', 44.89587422, 24.83535055, NULL, NULL, NULL, NULL, NULL, NULL, false, NULL, false, NULL, 'NEEDS_REAL_COORDINATES', '2025-09-09 14:01:31.590241+00', '2025-09-09 14:01:31.590241+00', 'Lac în județul Argeș', 'Administrat de AJVPS ARGEȘ'),
	('67ca3e5c-d886-4108-92e3-715734b9e28e', 'Lac acumulare Bezid', 'lac', 'MS', 'transilvania', 46.47133916, 24.64875624, NULL, NULL, NULL, NULL, NULL, NULL, false, NULL, false, NULL, 'NEEDS_REAL_COORDINATES', '2025-09-09 14:01:31.590241+00', '2025-09-09 14:01:31.590241+00', 'Lac în județul Mureș', 'Administrat de AJVPS MUREȘ'),
	('4d524529-ca0a-4338-bdc1-cc65fddcae4d', 'Lac acumulare Cerbureni', 'balti_salbatic', 'AG', 'muntenia', 44.93829510, 24.92894791, NULL, NULL, NULL, NULL, NULL, NULL, false, NULL, false, NULL, 'NEEDS_REAL_COORDINATES', '2025-09-09 14:01:31.590241+00', '2025-09-09 14:01:31.590241+00', 'Lac în județul Argeș', 'Administrat de ANPA - Ape Necontractate'),
	('669be76d-1f7c-4601-a42a-2e193377a11f', 'Lac acumulare Curtea de Argeș', 'lac', 'AG', 'muntenia', 45.01338468, 24.84161529, NULL, NULL, NULL, NULL, NULL, NULL, false, NULL, false, NULL, 'NEEDS_REAL_COORDINATES', '2025-09-09 14:01:31.590241+00', '2025-09-09 14:01:31.590241+00', 'Lac în județul Argeș', 'Administrat de AJVPS ARGEȘ'),
	('1ce8bb87-6317-4fde-9657-5d9f4dab9ac8', 'Lac acumulare Drăgănești cu bălțile adiacente', 'lac', 'OT', 'oltenia', 44.33751425, 24.55284823, NULL, NULL, NULL, NULL, NULL, NULL, false, NULL, false, NULL, 'NEEDS_REAL_COORDINATES', '2025-09-09 14:01:31.590241+00', '2025-09-09 14:01:31.590241+00', 'Lac în județul Olt', 'Administrat de AJVPS OLT'),
	('5a06219a-9b4c-41fa-a8a9-2f6da542c7ea', 'Lac acumulare Frunzaru', 'lac', 'OT', 'oltenia', 44.24746013, 24.58471295, NULL, NULL, NULL, NULL, NULL, NULL, false, NULL, false, NULL, 'NEEDS_REAL_COORDINATES', '2025-09-09 14:01:31.590241+00', '2025-09-09 14:01:31.590241+00', 'Lac în județul Olt', 'Administrat de AJVPS OLT'),
	('d7b2506d-42aa-4ca4-9a72-fa59119273db', 'Lac acumulare Golești', 'lac', 'AG', 'muntenia', 44.89771500, 24.83080765, NULL, NULL, NULL, NULL, NULL, NULL, false, NULL, false, NULL, 'NEEDS_REAL_COORDINATES', '2025-09-09 14:01:31.590241+00', '2025-09-09 14:01:31.590241+00', 'Lac în județul Argeș', 'Administrat de AJVPS ARGEȘ'),
	('5de04b9c-f26d-4490-afe1-65b48702aee7', 'Lac acumulare Ipotești cu bălțile adiacente', 'lac', 'OT', 'oltenia', 44.29675916, 24.50551203, NULL, NULL, NULL, NULL, NULL, NULL, false, NULL, false, NULL, 'NEEDS_REAL_COORDINATES', '2025-09-09 14:01:31.590241+00', '2025-09-09 14:01:31.590241+00', 'Lac în județul Olt', 'Administrat de AJVPS OLT'),
	('50b5b31a-c134-4fc9-a01b-295237d205e3', 'Lac acumulare Izbiceni', 'lac', 'OT', 'oltenia', 44.15634119, 24.48135701, NULL, NULL, NULL, NULL, NULL, NULL, false, NULL, false, NULL, 'NEEDS_REAL_COORDINATES', '2025-09-09 14:01:31.590241+00', '2025-09-09 14:01:31.590241+00', 'Lac în județul Olt', 'Administrat de AJVPS OLT'),
	('536e76f8-d85f-4ad3-8bc8-57478545cb97', 'Lac acumulare Olteț', 'lac', 'BV', 'muntenia', 45.73938127, 25.51352439, NULL, NULL, NULL, NULL, NULL, NULL, false, NULL, false, NULL, 'NEEDS_REAL_COORDINATES', '2025-09-09 14:01:31.590241+00', '2025-09-09 14:01:31.590241+00', 'Lac în județul Brașov', 'Administrat de AVPS FĂGĂRAȘ'),
	('b835ad62-01eb-4e33-85ea-64f9a241ee14', 'Lac acumulare Pecineagu', 'lac', 'AG', 'muntenia', 44.92393022, 24.84693275, NULL, NULL, NULL, NULL, NULL, NULL, false, NULL, false, NULL, 'NEEDS_REAL_COORDINATES', '2025-09-09 14:01:31.590241+00', '2025-09-09 14:01:31.590241+00', 'Lac în județul Argeș', 'Administrat de APS AQUA CRISIUS'),
	('c1fbac92-77ba-4454-9377-531ee1a4ab38', 'Lac acumulare Pitești', 'lac', 'AG', 'muntenia', 44.89349258, 24.82702205, NULL, NULL, NULL, NULL, NULL, NULL, false, NULL, false, NULL, 'NEEDS_REAL_COORDINATES', '2025-09-09 14:01:31.590241+00', '2025-09-09 14:01:31.590241+00', 'Lac în județul Argeș', 'Administrat de AJVPS ARGEȘ'),
	('71f6e9be-59cf-4dfb-8898-494e2a46a751', 'Lac acumulare Racovița', 'lac', 'SB', 'transilvania', 45.84446637, 24.18108285, NULL, NULL, NULL, NULL, NULL, NULL, false, NULL, false, NULL, 'NEEDS_REAL_COORDINATES', '2025-09-09 14:01:31.590241+00', '2025-09-09 14:01:31.590241+00', 'Lac în județul Sibiu', 'Administrat de AJVPS SIBIU'),
	('92d49ba0-fe1e-4e15-b4e1-29af0c9e56ee', 'Lac acumulare Rusănești cu bălțile adiacente', 'lac', 'OT', 'oltenia', 44.16937266, 24.41058025, NULL, NULL, NULL, NULL, NULL, NULL, false, NULL, false, NULL, 'NEEDS_REAL_COORDINATES', '2025-09-09 14:01:31.590241+00', '2025-09-09 14:01:31.590241+00', 'Lac în județul Olt', 'Administrat de AJVPS OLT'),
	('9def9ffe-02ab-4eab-8b0b-bf2a6b975ebb', 'Lac acumulare Râușor', 'rau', 'AG', 'muntenia', 44.87634798, 24.87276292, NULL, NULL, NULL, NULL, NULL, NULL, false, NULL, false, NULL, 'NEEDS_REAL_COORDINATES', '2025-09-09 14:01:31.590241+00', '2025-09-09 14:01:31.590241+00', 'Lac în județul Argeș', 'Administrat de AJVPS ARGEȘ'),
	('6f53846c-45d6-47af-85d6-ae9d0a9f1235', 'Lac acumulare Scoreiu', 'lac', 'SB', 'transilvania', 45.89783638, 24.14527897, NULL, NULL, NULL, NULL, NULL, NULL, false, NULL, false, NULL, 'NEEDS_REAL_COORDINATES', '2025-09-09 14:01:31.590241+00', '2025-09-09 14:01:31.590241+00', 'Lac în județul Sibiu', 'Administrat de AJVPS SIBIU'),
	('98e1788b-d561-4862-aee5-a759dbd22ca6', 'Lac acumulare Siriu', 'lac', 'BZ', 'muntenia', 45.17235950, 26.74205222, NULL, NULL, NULL, NULL, NULL, NULL, false, NULL, false, NULL, 'NEEDS_REAL_COORDINATES', '2025-09-09 14:01:31.590241+00', '2025-09-09 14:01:31.590241+00', 'Lac în județul Buzău', 'Administrat de AJVPS BUZĂU'),
	('454099e1-2a92-44ac-b209-063d2ff05101', 'Lac acumulare Slatina cu bălțile adiacente', 'lac', 'OT', 'oltenia', 44.16027214, 24.54496673, NULL, NULL, NULL, NULL, NULL, NULL, false, NULL, false, NULL, 'NEEDS_REAL_COORDINATES', '2025-09-09 14:01:31.590241+00', '2025-09-09 14:01:31.590241+00', 'Lac în județul Olt', 'Administrat de AJVPS OLT'),
	('b51c996f-a9af-4aff-9dbc-4d55c6077e43', 'Lac acumulare Sălățig', 'lac', 'SJ', 'transilvania', 47.28640977, 23.07639025, NULL, NULL, NULL, NULL, NULL, NULL, false, NULL, false, NULL, 'NEEDS_REAL_COORDINATES', '2025-09-09 14:01:31.590241+00', '2025-09-09 14:01:31.590241+00', 'Lac în județul Sălaj', 'Administrat de AJVPS SĂLAJ'),
	('5ff0f383-370a-4ea7-942b-6aa2453fb6a6', 'Lac acumulare Voila', 'lac', 'BV', 'muntenia', 45.67204186, 25.60873434, NULL, NULL, NULL, NULL, NULL, NULL, false, NULL, false, NULL, 'NEEDS_REAL_COORDINATES', '2025-09-09 14:01:31.590241+00', '2025-09-09 14:01:31.590241+00', 'Lac în județul Brașov', 'Administrat de AVPS FĂGĂRAȘ'),
	('624eb7a4-205f-4460-a3fe-61b3052a2c06', 'Lac acumulare Vâlcele', 'lac', 'AG', 'muntenia', 44.84670334, 24.93001213, NULL, NULL, NULL, NULL, NULL, NULL, false, NULL, false, NULL, 'NEEDS_REAL_COORDINATES', '2025-09-09 14:01:31.590241+00', '2025-09-09 14:01:31.590241+00', 'Lac în județul Argeș', 'Administrat de AJVPS ARGEȘ'),
	('febc3a3b-20c5-4b8b-a568-f0ca389d8643', 'Lac acumulare Vârșolț', 'lac', 'SJ', 'transilvania', 47.12378626, 23.01346626, NULL, NULL, NULL, NULL, NULL, NULL, false, NULL, false, NULL, 'NEEDS_REAL_COORDINATES', '2025-09-09 14:01:31.590241+00', '2025-09-09 14:01:31.590241+00', 'Lac în județul Sălaj', 'Administrat de AJVPS SĂLAJ'),
	('70baa639-5f58-465c-9d32-50e7d17f6828', 'Lac acumulare Zigoneni', 'lac', 'AG', 'muntenia', 44.83185034, 24.84466539, NULL, NULL, NULL, NULL, NULL, NULL, false, NULL, false, NULL, 'NEEDS_REAL_COORDINATES', '2025-09-09 14:01:31.590241+00', '2025-09-09 14:01:31.590241+00', 'Lac în județul Argeș', 'Administrat de AJVPS ARGEȘ'),
	('67cf6218-41dd-407d-92ed-45448092787b', 'Lac Alcatraz Câmpenești - EC 6', 'balti_private', 'CJ', 'transilvania', 46.77265750, 23.55790419, NULL, NULL, NULL, NULL, NULL, NULL, false, NULL, false, NULL, 'NEEDS_REAL_COORDINATES', '2025-09-09 14:01:31.590241+00', '2025-09-09 14:01:31.590241+00', 'Câmpenești, Cluj', 'Lac administrat privat'),
	('a22329b9-99fb-4584-9f01-4b7bd241a21b', 'Lac Balta Gării', 'balti_salbatic', 'OT', 'oltenia', 44.22899385, 24.59907009, NULL, NULL, NULL, NULL, NULL, NULL, false, NULL, false, NULL, 'NEEDS_REAL_COORDINATES', '2025-09-09 14:01:31.590241+00', '2025-09-09 14:01:31.590241+00', 'Lac în județul Olt', 'Administrat de ANPA - Ape Necontractate'),
	('c4caec78-6d3c-43b4-818d-1daa20f91c57', 'Lac baraj Gura Râului', 'rau', 'SB', 'transilvania', 45.78718437, 24.07490892, NULL, NULL, NULL, NULL, NULL, NULL, false, NULL, false, NULL, 'NEEDS_REAL_COORDINATES', '2025-09-09 14:01:31.590241+00', '2025-09-09 14:01:31.590241+00', 'Lac în județul Sibiu', 'Administrat de FLY FISHING CLUB SIBIU'),
	('ae7f8f9d-3fed-46e9-a59f-25cf222886b9', 'Lac Bicaz', 'lac', 'NT', 'moldova', 46.87825678, 26.34206987, NULL, NULL, NULL, NULL, NULL, NULL, false, NULL, false, NULL, 'NEEDS_REAL_COORDINATES', '2025-09-09 14:01:31.590241+00', '2025-09-09 14:01:31.590241+00', 'Lac în județul Neamț', 'Administrat de AJVPS NEAMȚ'),
	('66d820ec-a50f-4a3d-ab17-ceb18f466278', 'Lac Biharia', 'balti_private', 'BH', 'crisana', 47.06315138, 21.96656392, NULL, NULL, NULL, NULL, NULL, NULL, false, NULL, false, NULL, 'NEEDS_REAL_COORDINATES', '2025-09-09 14:01:31.590241+00', '2025-09-09 14:01:31.590241+00', 'Biharia, Bihor', 'Lac administrat privat'),
	('b515f3b9-164d-472b-8886-ed15658424f6', 'Lac Bodi Ferneziu', 'lac', 'MM', 'maramures', 47.57357107, 23.61545108, NULL, NULL, NULL, NULL, NULL, NULL, false, NULL, false, NULL, 'NEEDS_REAL_COORDINATES', '2025-09-09 14:01:31.590241+00', '2025-09-09 14:01:31.590241+00', 'Lac în județul Maramureș', 'Administrat de Direcția Silvica Maramureș'),
	('e58ba0ca-e4a9-46cc-803f-da128048dd76', 'Lac Bolboci', 'lac', 'DB', 'muntenia', 44.97875592, 25.39125462, NULL, NULL, NULL, NULL, NULL, NULL, false, NULL, false, NULL, 'NEEDS_REAL_COORDINATES', '2025-09-09 14:01:31.590241+00', '2025-09-09 14:01:31.590241+00', 'Lac în județul Dâmbovița', 'Administrat de Direcția Silvică Dâmbovița'),
	('b63726e5-fef5-4746-8822-aa2383914e5c', 'Lac Bâtca Doamnei', 'lac', 'NT', 'moldova', 46.91038186, 26.24373588, NULL, NULL, NULL, NULL, NULL, NULL, false, NULL, false, NULL, 'NEEDS_REAL_COORDINATES', '2025-09-09 14:01:31.590241+00', '2025-09-09 14:01:31.590241+00', 'Lac în județul Neamț', 'Administrat de AJVPS NEAMȚ'),
	('b83be19a-f833-40cb-aba8-d2c3e7f1bdc0', 'Lac Bărăi', 'balti_private', 'CJ', 'transilvania', 46.84976282, 23.53103120, NULL, NULL, NULL, NULL, NULL, NULL, false, NULL, false, NULL, 'NEEDS_REAL_COORDINATES', '2025-09-09 14:01:31.590241+00', '2025-09-09 14:01:31.590241+00', 'Bărăi, Cluj', 'Lac administrat privat'),
	('79d7bfd5-c08e-40ea-89ef-36c50f1a1160', 'Lac Chișineu-Criș', 'lac', 'AR', 'banat', 46.09720319, 21.28549519, NULL, NULL, NULL, NULL, NULL, NULL, false, NULL, false, NULL, 'NEEDS_REAL_COORDINATES', '2025-09-09 14:01:31.590241+00', '2025-09-09 14:01:31.590241+00', 'Lac în județul Arad', 'Administrat de AJVPS ARAD'),
	('2e30ae87-9a19-4af6-ad0e-d7c4bd66fe89', 'Lac Cilieni I,II,III', 'lac', 'DJ', 'oltenia', 44.30064778, 23.87757138, NULL, NULL, NULL, NULL, NULL, NULL, false, NULL, false, NULL, 'NEEDS_REAL_COORDINATES', '2025-09-09 14:01:31.590241+00', '2025-09-09 14:01:31.590241+00', 'Lac în județul Dolj', 'Administrat de AJVPS DOLJ'),
	('1c17d8de-1adb-4f54-b6e0-10f670ecc8eb', 'Lac Copilul', 'lac', 'AR', 'banat', 46.14221770, 21.38874664, NULL, NULL, NULL, NULL, NULL, NULL, false, NULL, false, NULL, 'NEEDS_REAL_COORDINATES', '2025-09-09 14:01:31.590241+00', '2025-09-09 14:01:31.590241+00', 'Lac în județul Arad', 'Administrat de AJVPS ARAD'),
	('cc3817b9-b367-4ddf-9456-73f01a0b71ac', 'Lac Cozia', 'lac', 'HD', 'muntenia', 45.75722438, 22.98630640, NULL, NULL, NULL, NULL, NULL, NULL, false, NULL, false, NULL, 'NEEDS_REAL_COORDINATES', '2025-09-09 14:01:31.590241+00', '2025-09-09 14:01:31.590241+00', 'Lac în județul Hunedoara', 'Administrat de AJVPS HUNEDOARA'),
	('3f71144b-c981-4cab-b8b5-084bce32b44d', 'Lac Câmpenești 1', 'balti_private', 'CJ', 'transilvania', 46.70862723, 23.60418767, NULL, NULL, NULL, NULL, NULL, NULL, false, NULL, false, NULL, 'NEEDS_REAL_COORDINATES', '2025-09-09 14:01:31.590241+00', '2025-09-09 14:01:31.590241+00', 'Câmpenești, Cluj', 'Lac administrat privat'),
	('746721c0-5387-4f0a-944d-96f3a1acbb88', 'Lac Câmpenești 2', 'balti_private', 'CJ', 'transilvania', 46.73792426, 23.69961712, NULL, NULL, NULL, NULL, NULL, NULL, false, NULL, false, NULL, 'NEEDS_REAL_COORDINATES', '2025-09-09 14:01:31.590241+00', '2025-09-09 14:01:31.590241+00', 'Câmpenești, Cluj', 'Lac administrat privat'),
	('5d33faf6-cc07-438c-83e1-58b78390526a', 'Lac Câmpenești 3', 'balti_private', 'CJ', 'transilvania', 46.67022356, 23.60914770, NULL, NULL, NULL, NULL, NULL, NULL, false, NULL, false, NULL, 'NEEDS_REAL_COORDINATES', '2025-09-09 14:01:31.590241+00', '2025-09-09 14:01:31.590241+00', 'Câmpenești, Cluj', 'Lac administrat privat'),
	('ad6327d1-8d73-4d7d-b377-548b3f9c1b05', 'Lac Câmpenești 4', 'balti_private', 'CJ', 'transilvania', 46.80701169, 23.55663601, NULL, NULL, NULL, NULL, NULL, NULL, false, NULL, false, NULL, 'NEEDS_REAL_COORDINATES', '2025-09-09 14:01:31.590241+00', '2025-09-09 14:01:31.590241+00', 'Câmpenești, Cluj', 'Lac administrat privat'),
	('27973adf-9492-4389-89e1-2ca78a48650b', 'Lac de acumulare Stânca - Costești', 'lac', 'BT', 'moldova', 47.81397729, 26.57541982, NULL, NULL, NULL, NULL, NULL, NULL, false, NULL, false, NULL, 'NEEDS_REAL_COORDINATES', '2025-09-09 14:01:31.590241+00', '2025-09-09 14:01:31.590241+00', 'Lac în județul Botoșani', 'Administrat de AJVPS BOTOȘANI'),
	('f544a6f1-7450-4170-86e6-5f65f5c4ccc3', 'Lac Dognecea Mare', 'lac', 'CS', 'banat', 45.48681738, 22.17816459, NULL, NULL, NULL, NULL, NULL, NULL, false, NULL, false, NULL, 'NEEDS_REAL_COORDINATES', '2025-09-09 14:01:31.590241+00', '2025-09-09 14:01:31.590241+00', 'Lac în județul Caraș-Severin', 'Administrat de AP BANATUL'),
	('46657760-600e-4fea-ac4b-64924ee57c29', 'Lac Dognecea Mică', 'lac', 'CS', 'banat', 45.49528277, 22.27826309, NULL, NULL, NULL, NULL, NULL, NULL, false, NULL, false, NULL, 'NEEDS_REAL_COORDINATES', '2025-09-09 14:01:31.590241+00', '2025-09-09 14:01:31.590241+00', 'Lac în județul Caraș-Severin', 'Administrat de AP BANATUL'),
	('5d54e918-ae54-4e23-9796-14515e6d51cb', 'Lac Dragomirna', 'balti_private', 'SV', 'moldova', 47.58241795, 26.22372691, NULL, NULL, NULL, NULL, NULL, NULL, false, NULL, false, NULL, 'NEEDS_REAL_COORDINATES', '2025-09-09 14:01:31.590241+00', '2025-09-09 14:01:31.590241+00', 'Mitocu Dragomirnei, Suceava', 'Lac administrat privat'),
	('805f4404-5d7b-470d-9637-d551a9b23103', 'Lac Filea 1', 'balti_private', 'CJ', 'transilvania', 46.71134414, 23.66130817, NULL, NULL, NULL, NULL, NULL, NULL, false, NULL, false, NULL, 'NEEDS_REAL_COORDINATES', '2025-09-09 14:01:31.590241+00', '2025-09-09 14:01:31.590241+00', 'Comuna Ciurila, Cluj', 'Lac administrat privat'),
	('f20fe054-b234-4e39-88a2-30e48dd8eac9', 'Lac Filea 2', 'balti_private', 'CJ', 'transilvania', 46.80820194, 23.59424829, NULL, NULL, NULL, NULL, NULL, NULL, false, NULL, false, NULL, 'NEEDS_REAL_COORDINATES', '2025-09-09 14:01:31.590241+00', '2025-09-09 14:01:31.590241+00', 'Comuna Ciurila, Cluj', 'Lac administrat privat'),
	('dca1c6da-5832-4544-8603-47eb9f9d6f69', 'Lac Filea Mare', 'balti_private', 'CJ', 'transilvania', 46.86041707, 23.55570366, NULL, NULL, NULL, NULL, NULL, NULL, false, NULL, false, NULL, 'NEEDS_REAL_COORDINATES', '2025-09-09 14:01:31.590241+00', '2025-09-09 14:01:31.590241+00', 'Comuna Ciurila, Cluj', 'Lac administrat privat'),
	('9d807baf-9625-4cdf-aab4-f13773d2c94b', 'Lac Fodora', 'balti_private', 'CJ', 'transilvania', 46.71665210, 23.62783573, NULL, NULL, NULL, NULL, NULL, NULL, false, NULL, false, NULL, 'NEEDS_REAL_COORDINATES', '2025-09-09 14:01:31.590241+00', '2025-09-09 14:01:31.590241+00', 'Fodora, Cluj', 'Lac administrat privat'),
	('683d94ba-545e-4ece-8161-36cf816dc810', 'Lac Frontiera Borș Horgásztó', 'balti_private', 'BH', 'crisana', 47.12759286, 21.95639112, NULL, NULL, NULL, NULL, NULL, NULL, false, NULL, false, NULL, 'NEEDS_REAL_COORDINATES', '2025-09-09 14:01:31.590241+00', '2025-09-09 14:01:31.590241+00', 'Borș, Bihor', 'Lac administrat privat'),
	('d0df39d2-8812-4197-a532-3e773eb990e2', 'Lac Frumoasa', 'lac', 'HR', 'transilvania', 46.28987834, 25.77633292, NULL, NULL, NULL, NULL, NULL, NULL, false, NULL, false, NULL, 'NEEDS_REAL_COORDINATES', '2025-09-09 14:01:31.590241+00', '2025-09-09 14:01:31.590241+00', 'Lac în județul Harghita', 'Administrat de AVPS MIERCUREA-CIUC'),
	('b151b4d4-4725-4e01-ab7c-39b6b318cfee', 'Lac Făerag', 'lac', 'HD', 'muntenia', 45.82244593, 22.93766362, NULL, NULL, NULL, NULL, NULL, NULL, false, NULL, false, NULL, 'NEEDS_REAL_COORDINATES', '2025-09-09 14:01:31.590241+00', '2025-09-09 14:01:31.590241+00', 'Lac în județul Hunedoara', 'Administrat de APS DEVA'),
	('715e3697-14d2-49a1-831b-96471a18a251', 'Lac La Sote', 'balti_private', 'CJ', 'transilvania', 46.84499405, 23.63082465, NULL, NULL, NULL, NULL, NULL, NULL, false, NULL, false, NULL, 'NEEDS_REAL_COORDINATES', '2025-09-09 14:01:31.590241+00', '2025-09-09 14:01:31.590241+00', 'Comuna Ciurila, Cluj', 'Lac administrat privat'),
	('42ac22c3-3d74-4be9-8b2c-59e1c5c98598', 'Lac Medreș', 'lac', 'CS', 'banat', 45.38103441, 22.21728476, NULL, NULL, NULL, NULL, NULL, NULL, false, NULL, false, NULL, 'NEEDS_REAL_COORDINATES', '2025-09-09 14:01:31.590241+00', '2025-09-09 14:01:31.590241+00', 'Lac în județul Caraș-Severin', 'Administrat de AP BANATUL'),
	('3baa72f7-2d3d-4372-b516-9fff8a43bdc2', 'Lac Mesteacăn', 'balti_salbatic', 'HR', 'transilvania', 46.40421835, 25.73596314, NULL, NULL, NULL, NULL, NULL, NULL, false, NULL, false, NULL, 'NEEDS_REAL_COORDINATES', '2025-09-09 14:01:31.590241+00', '2025-09-09 14:01:31.590241+00', 'Lac în județul Harghita', 'Administrat de ANPA - Ape Necontractate'),
	('d5aa2708-ff21-4ea8-a8f2-33f39657bdec', 'Lac Mica', 'balti_private', 'CJ', 'transilvania', 46.86447819, 23.52649957, NULL, NULL, NULL, NULL, NULL, NULL, false, NULL, false, NULL, 'NEEDS_REAL_COORDINATES', '2025-09-09 14:01:31.590241+00', '2025-09-09 14:01:31.590241+00', 'Mica, Cluj', 'Lac administrat privat'),
	('cb358058-ec6d-43c6-8b6d-7ef017709742', 'Lac Mișca', 'lac', 'AR', 'banat', 46.11563931, 21.35578603, NULL, NULL, NULL, NULL, NULL, NULL, false, NULL, false, NULL, 'NEEDS_REAL_COORDINATES', '2025-09-09 14:01:31.590241+00', '2025-09-09 14:01:31.590241+00', 'Lac în județul Arad', 'Administrat de AJVPS ARAD'),
	('ab456bcf-802f-4fd9-ad48-43a73e7c4d4c', 'Lac Moby Dick', 'balti_private', 'SM', 'crisana', 47.78864079, 22.79379501, NULL, NULL, NULL, NULL, NULL, NULL, false, NULL, false, NULL, 'NEEDS_REAL_COORDINATES', '2025-09-09 14:01:31.590241+00', '2025-09-09 14:01:31.590241+00', 'Dorolț, Satu Mare', 'Lac administrat privat'),
	('f295c667-a325-4646-a85e-862d63ae5ba4', 'Lac montan Iezerul Mare', 'lac', 'SB', 'transilvania', 45.70690904, 24.11141774, NULL, NULL, NULL, NULL, NULL, NULL, false, NULL, false, NULL, 'NEEDS_REAL_COORDINATES', '2025-09-09 14:01:31.590241+00', '2025-09-09 14:01:31.590241+00', 'Lac în județul Sibiu', 'Administrat de FLY FISHING CLUB SIBIU'),
	('03641a4d-e3ec-4072-a2f8-5832f17814dd', 'Lac montan Podragu mic', 'lac', 'SB', 'transilvania', 45.89396587, 24.08583707, NULL, NULL, NULL, NULL, NULL, NULL, false, NULL, false, NULL, 'NEEDS_REAL_COORDINATES', '2025-09-09 14:01:31.590241+00', '2025-09-09 14:01:31.590241+00', 'Lac în județul Sibiu', 'Administrat de APS AQUA CRISIUS'),
	('3413e08b-ece3-48f5-862e-630c2580da84', 'Lac Paclisa', 'lac', 'HD', 'muntenia', 45.80872973, 22.86330661, NULL, NULL, NULL, NULL, NULL, NULL, false, NULL, false, NULL, 'NEEDS_REAL_COORDINATES', '2025-09-09 14:01:31.590241+00', '2025-09-09 14:01:31.590241+00', 'Lac în județul Hunedoara', 'Administrat de Pro Pescar'),
	('4c3dafa1-2c20-4597-9323-ea8ddd47522f', 'Lac Paltinu', 'lac', 'PH', 'muntenia', 44.91419647, 25.99762644, NULL, NULL, NULL, NULL, NULL, NULL, false, NULL, false, NULL, 'NEEDS_REAL_COORDINATES', '2025-09-09 14:01:31.590241+00', '2025-09-09 14:01:31.590241+00', 'Lac în județul Prahova', 'Administrat de A.PENEȘ CURCANUL'),
	('ef48ecc8-62a1-49c6-b047-65b1181ad26e', 'Lac Pangrati', 'lac', 'NT', 'moldova', 46.95835985, 26.25394861, NULL, NULL, NULL, NULL, NULL, NULL, false, NULL, false, NULL, 'NEEDS_REAL_COORDINATES', '2025-09-09 14:01:31.590241+00', '2025-09-09 14:01:31.590241+00', 'Lac în județul Neamț', 'Administrat de AJVPS NEAMȚ'),
	('92bb183f-2fa5-4ed9-aa73-0b7719481b19', 'Lac Pescuit Sportiv Câmpenești - EC 5', 'balti_private', 'CJ', 'transilvania', 46.66963875, 23.54798993, NULL, NULL, NULL, NULL, NULL, NULL, false, NULL, false, NULL, 'NEEDS_REAL_COORDINATES', '2025-09-09 14:01:31.590241+00', '2025-09-09 14:01:31.590241+00', 'Câmpenești, Cluj', 'Lac administrat privat'),
	('8ba847a0-8b3e-448b-911a-2eac34f10e66', 'Lac Poiana Corbilor - Dorolea', 'balti_private', 'BN', 'transilvania', 47.19405485, 24.49135494, NULL, NULL, NULL, NULL, NULL, NULL, false, NULL, false, NULL, 'NEEDS_REAL_COORDINATES', '2025-09-09 14:01:31.590241+00', '2025-09-09 14:01:31.590241+00', 'Livezile, Bistrița-Năsăud', 'Lac administrat privat'),
	('2c6fbd38-4de0-4390-825f-a0073e2987a3', 'Lac Poiana Uzului', 'lac', 'BC', 'moldova', 46.47215177, 26.83116982, NULL, NULL, NULL, NULL, NULL, NULL, false, NULL, false, NULL, 'NEEDS_REAL_COORDINATES', '2025-09-09 14:01:31.590241+00', '2025-09-09 14:01:31.590241+00', 'Lac în județul Bacău', 'Administrat de AJVPS BACĂU'),
	('c8e09eb3-7c56-444a-b3cf-a4bf37728c1f', 'Lac Pucioasa', 'lac', 'DB', 'muntenia', 44.88018651, 25.45688520, NULL, NULL, NULL, NULL, NULL, NULL, false, NULL, false, NULL, 'NEEDS_REAL_COORDINATES', '2025-09-09 14:01:31.590241+00', '2025-09-09 14:01:31.590241+00', 'Lac în județul Dâmbovița', 'Administrat de AJVPS DÂMBOVIȚA'),
	('ef9b603a-7db1-4870-91aa-e52ab716c459', 'Lac Pâncota', 'lac', 'AR', 'banat', 46.14176330, 21.36980801, NULL, NULL, NULL, NULL, NULL, NULL, false, NULL, false, NULL, 'NEEDS_REAL_COORDINATES', '2025-09-09 14:01:31.590241+00', '2025-09-09 14:01:31.590241+00', 'Lac în județul Arad', 'Administrat de AJVPS ARAD'),
	('aac69845-656b-4848-b545-e6cd3bc528aa', 'Lac Reconstrucția', 'lac', 'NT', 'moldova', 46.83151157, 26.34079762, NULL, NULL, NULL, NULL, NULL, NULL, false, NULL, false, NULL, 'NEEDS_REAL_COORDINATES', '2025-09-09 14:01:31.590241+00', '2025-09-09 14:01:31.590241+00', 'Lac în județul Neamț', 'Administrat de AJVPS NEAMȚ'),
	('b126df32-0a6c-4261-a059-46528ad045cd', 'Lac Roșieni', 'balti_private', 'CJ', 'transilvania', 46.86136812, 23.55786237, NULL, NULL, NULL, NULL, NULL, NULL, false, NULL, false, NULL, 'NEEDS_REAL_COORDINATES', '2025-09-09 14:01:31.590241+00', '2025-09-09 14:01:31.590241+00', 'Roșieni, Cluj', 'Lac administrat privat'),
	('f1064b23-94f0-459a-b4f1-598ba85b5cb8', 'Lac Scropoasa', 'lac', 'DB', 'muntenia', 44.88647364, 25.47186180, NULL, NULL, NULL, NULL, NULL, NULL, false, NULL, false, NULL, 'NEEDS_REAL_COORDINATES', '2025-09-09 14:01:31.590241+00', '2025-09-09 14:01:31.590241+00', 'Lac în județul Dâmbovița', 'Administrat de Direcția Silvică Dâmbovița'),
	('9b804652-8ba4-469c-a120-eb88f92edc65', 'Lac Secu', 'lac', 'CS', 'banat', 45.50491668, 22.22910755, NULL, NULL, NULL, NULL, NULL, NULL, false, NULL, false, NULL, 'NEEDS_REAL_COORDINATES', '2025-09-09 14:01:31.590241+00', '2025-09-09 14:01:31.590241+00', 'Lac în județul Caraș-Severin', 'Administrat de AP BANATUL'),
	('cec3d02b-65be-4f81-92c4-0edc32cfb870', 'Lac Sânmărghita', 'balti_private', 'CJ', 'transilvania', 46.77822418, 23.57682088, NULL, NULL, NULL, NULL, NULL, NULL, false, NULL, false, NULL, 'NEEDS_REAL_COORDINATES', '2025-09-09 14:01:31.590241+00', '2025-09-09 14:01:31.590241+00', 'Sânmărghita, Cluj', 'Lac administrat privat'),
	('d1464fab-4475-4d72-99e6-f3be7e5c7f59', 'Lac Sântioana - La Costică', 'balti_private', 'CJ', 'transilvania', 46.70554260, 23.66299426, NULL, NULL, NULL, NULL, NULL, NULL, false, NULL, false, NULL, 'NEEDS_REAL_COORDINATES', '2025-09-09 14:01:31.590241+00', '2025-09-09 14:01:31.590241+00', 'Sântioana, Cluj', 'Lac administrat privat'),
	('d91b8f8c-ecff-48d4-b7b4-3b11acfafc26', 'Lac Săliștea Veche', 'balti_private', 'CJ', 'transilvania', 46.79123147, 23.50665212, NULL, NULL, NULL, NULL, NULL, NULL, false, NULL, false, NULL, 'NEEDS_REAL_COORDINATES', '2025-09-09 14:01:31.590241+00', '2025-09-09 14:01:31.590241+00', 'Saliștea Veche, Cluj', 'Lac administrat privat'),
	('b9c6c453-0ddb-4e93-9bc4-9a7af1476b61', 'Lac Teiu Mavexim', 'balti_private', 'AG', 'muntenia', 44.94465951, 24.85910485, NULL, NULL, NULL, NULL, NULL, NULL, false, NULL, false, NULL, 'NEEDS_REAL_COORDINATES', '2025-09-09 14:01:31.590241+00', '2025-09-09 14:01:31.590241+00', 'Teiu, Argeș', 'Lac administrat privat'),
	('4a2f4444-955c-4077-bba6-13f001b85c98', 'Lac Tismana', 'balti_salbatic', 'GJ', 'oltenia', 44.94063494, 23.36234521, NULL, NULL, NULL, NULL, NULL, NULL, false, NULL, false, NULL, 'NEEDS_REAL_COORDINATES', '2025-09-09 14:01:31.590241+00', '2025-09-09 14:01:31.590241+00', 'Lac în județul Gorj', 'Administrat de ANPA - Ape Necontractate'),
	('738bf5dc-cf01-494d-b31a-7eb8b26cf20a', 'Lac Tăul Teliucului', 'lac', 'HD', 'muntenia', 45.80026164, 22.95542719, NULL, NULL, NULL, NULL, NULL, NULL, false, NULL, false, NULL, 'NEEDS_REAL_COORDINATES', '2025-09-09 14:01:31.590241+00', '2025-09-09 14:01:31.590241+00', 'Lac în județul Hunedoara', 'Administrat de APS DEVA'),
	('64cab207-5ccd-47fc-b147-ca3b93adbcd1', 'Lac Vaduri', 'lac', 'NT', 'moldova', 46.93360750, 26.30227544, NULL, NULL, NULL, NULL, NULL, NULL, false, NULL, false, NULL, 'NEEDS_REAL_COORDINATES', '2025-09-09 14:01:31.590241+00', '2025-09-09 14:01:31.590241+00', 'Lac în județul Neamț', 'Administrat de AJVPS NEAMȚ'),
	('263f91f9-c83b-497b-b25b-1e67669409a4', 'Lac Valea de Pești', 'lac', 'HD', 'muntenia', 45.84543589, 22.86609610, NULL, NULL, NULL, NULL, NULL, NULL, false, NULL, false, NULL, 'NEEDS_REAL_COORDINATES', '2025-09-09 14:01:31.590241+00', '2025-09-09 14:01:31.590241+00', 'Lac în județul Hunedoara', 'Administrat de Pro Pescar'),
	('e1cd8772-15b3-44dd-bcfc-b3809c33dbfb', 'Lac Valea Mare', 'balti_salbatic', 'GJ', 'oltenia', 44.95251768, 23.20411037, NULL, NULL, NULL, NULL, NULL, NULL, false, NULL, false, NULL, 'NEEDS_REAL_COORDINATES', '2025-09-09 14:01:31.590241+00', '2025-09-09 14:01:31.590241+00', 'Lac în județul Gorj', 'Administrat de ANPA - Ape Necontractate'),
	('92c3e4a4-e51c-499c-9596-3640cf849319', 'Lac Vâja', 'lac', 'GJ', 'oltenia', 44.93957175, 23.33035158, NULL, NULL, NULL, NULL, NULL, NULL, false, NULL, false, NULL, 'NEEDS_REAL_COORDINATES', '2025-09-09 14:01:31.590241+00', '2025-09-09 14:01:31.590241+00', 'Lac în județul Gorj', 'Administrat de Direcția Silvica Gorj'),
	('a9e17b29-1d3c-4da9-b5d8-8f92dc734ea0', 'Lac Zădăreni', 'lac', 'AR', 'banat', 46.15069450, 21.38213345, NULL, NULL, NULL, NULL, NULL, NULL, false, NULL, false, NULL, 'NEEDS_REAL_COORDINATES', '2025-09-09 14:01:31.590241+00', '2025-09-09 14:01:31.590241+00', 'Lac în județul Arad', 'Administrat de AJVPS ARAD'),
	('6b70b34f-e581-4e19-9d0a-f8c8cc12a6f3', 'Lac Zăvoiul Orbului', 'lac', 'DB', 'muntenia', 44.89300929, 25.38977372, NULL, NULL, NULL, NULL, NULL, NULL, false, NULL, false, NULL, 'NEEDS_REAL_COORDINATES', '2025-09-09 14:01:31.590241+00', '2025-09-09 14:01:31.590241+00', 'Lac în județul Dâmbovița', 'Administrat de AJVPS DÂMBOVIȚA'),
	('f8502181-1c37-45bb-b513-71f29d10cca9', 'Lac Șieu', 'balti_private', 'BN', 'transilvania', 47.09939056, 24.48544576, NULL, NULL, NULL, NULL, NULL, NULL, false, NULL, false, NULL, 'NEEDS_REAL_COORDINATES', '2025-09-09 14:01:31.590241+00', '2025-09-09 14:01:31.590241+00', 'Șieu, Bistrița-Năsăud', 'Lac administrat privat'),
	('4087754e-12e0-49f5-9a25-f045e9b40fd6', 'Lac Șutu', 'balti_private', 'CJ', 'transilvania', 46.67114334, 23.54599350, NULL, NULL, NULL, NULL, NULL, NULL, false, NULL, false, NULL, 'NEEDS_REAL_COORDINATES', '2025-09-09 14:01:31.590241+00', '2025-09-09 14:01:31.590241+00', 'Comuna Ciurila, Cluj', 'Lac administrat privat'),
	('58c46017-fcf5-4445-aa9a-d41c5f03ce3c', 'Lac Țaga Mare', 'balti_private', 'CJ', 'transilvania', 46.82739825, 23.69043838, NULL, NULL, NULL, NULL, NULL, NULL, false, NULL, false, NULL, 'NEEDS_REAL_COORDINATES', '2025-09-09 14:01:31.590241+00', '2025-09-09 14:01:31.590241+00', 'Țaga, Cluj', 'Lac administrat privat'),
	('c5444ff3-0593-477b-974f-30efede41401', 'Lac Țaga Mică', 'balti_private', 'CJ', 'transilvania', 46.72978985, 23.52842573, NULL, NULL, NULL, NULL, NULL, NULL, false, NULL, false, NULL, 'NEEDS_REAL_COORDINATES', '2025-09-09 14:01:31.590241+00', '2025-09-09 14:01:31.590241+00', 'Țaga, Cluj', 'Lac administrat privat'),
	('2cabd195-769d-4867-9333-c40d3722782b', 'Lacul 1 Gheorgheni', 'lac', 'CJ', 'transilvania', 46.74846988, 23.52530549, NULL, NULL, NULL, NULL, NULL, NULL, false, NULL, false, NULL, 'NEEDS_REAL_COORDINATES', '2025-09-09 14:01:31.590241+00', '2025-09-09 14:01:31.590241+00', 'Lac în județul Cluj', 'Administrat de AJPS Cluj'),
	('39cd4cda-f360-4b20-bd8b-b41e906e1cd1', 'Lacul 3 Gheorgheni', 'lac', 'CJ', 'transilvania', 46.77718275, 23.63642783, NULL, NULL, NULL, NULL, NULL, NULL, false, NULL, false, NULL, 'NEEDS_REAL_COORDINATES', '2025-09-09 14:01:31.590241+00', '2025-09-09 14:01:31.590241+00', 'Lac în județul Cluj', 'Administrat de AJPS Cluj'),
	('9ddfae8e-c25e-489f-9793-0477f4d93ac5', 'Lacul Aroneanu', 'balti_private', 'IS', 'moldova', 47.18508533, 27.67287035, NULL, NULL, NULL, NULL, NULL, NULL, false, NULL, false, NULL, 'NEEDS_REAL_COORDINATES', '2025-09-09 14:01:31.590241+00', '2025-09-09 14:01:31.590241+00', 'Aroneanu, Iași', 'Lac administrat privat'),
	('bcadccd0-8ba1-4188-adff-9980fe0ff681', 'Lacul Bentu lui Cotoi', 'lac', 'IL', 'muntenia', 44.44236178, 26.96397318, NULL, NULL, NULL, NULL, NULL, NULL, false, NULL, false, NULL, 'NEEDS_REAL_COORDINATES', '2025-09-09 14:01:31.590241+00', '2025-09-09 14:01:31.590241+00', 'Lac în județul Ialomița', 'Administrat de AVPS IALOMIȚA'),
	('d4de327a-9a83-462b-acda-059edf75fc8a', 'Lacul Bentu Mare Bordușani', 'lac', 'IL', 'muntenia', 44.50900807, 26.90049767, NULL, NULL, NULL, NULL, NULL, NULL, false, NULL, false, NULL, 'NEEDS_REAL_COORDINATES', '2025-09-09 14:01:31.590241+00', '2025-09-09 14:01:31.590241+00', 'Lac în județul Ialomița', 'Administrat de AVPS IALOMIȚA'),
	('64e53404-45ec-4619-9efc-7e1ddb8cce19', 'Lacul Bentu Mic Bordușani', 'lac', 'IL', 'muntenia', 44.44328171, 27.01016719, NULL, NULL, NULL, NULL, NULL, NULL, false, NULL, false, NULL, 'NEEDS_REAL_COORDINATES', '2025-09-09 14:01:31.590241+00', '2025-09-09 14:01:31.590241+00', 'Lac în județul Ialomița', 'Administrat de AVPS IALOMIȚA'),
	('20421f06-a302-45eb-bc17-84d47c5ff04b', 'Lacul Bistra Iezer', 'balti_salbatic', 'CS', 'banat', 45.37185952, 22.17633415, NULL, NULL, NULL, NULL, NULL, NULL, false, NULL, false, NULL, 'NEEDS_REAL_COORDINATES', '2025-09-09 14:01:31.590241+00', '2025-09-09 14:01:31.590241+00', 'Lac în județul Caraș-Severin', 'Administrat de ANPA - Ape Necontractate'),
	('2c747013-2f12-4817-afa0-8c80904fd404', 'Lacul Bondureasa', 'lac', 'CJ', 'transilvania', 46.82986141, 23.50858033, NULL, NULL, NULL, NULL, NULL, NULL, false, NULL, false, NULL, 'NEEDS_REAL_COORDINATES', '2025-09-09 14:01:31.590241+00', '2025-09-09 14:01:31.590241+00', 'Lac în județul Cluj', 'Administrat de D.S. Cluj'),
	('411e2b2f-66e6-4ff7-8c62-5033834f8d63', 'Lacul Brădeni', 'balti_private', 'SB', 'transilvania', 45.82538949, 24.24372569, NULL, NULL, NULL, NULL, NULL, NULL, false, NULL, false, NULL, 'NEEDS_REAL_COORDINATES', '2025-09-09 14:01:31.590241+00', '2025-09-09 14:01:31.590241+00', 'Brădeni, Sibiu', 'Lac administrat privat'),
	('5a4d5461-b918-4938-a105-d54c5a4910dd', 'Lacul Brăteni', 'balti_private', 'BN', 'transilvania', 47.20876585, 24.44932531, NULL, NULL, NULL, NULL, NULL, NULL, false, NULL, false, NULL, 'NEEDS_REAL_COORDINATES', '2025-09-09 14:01:31.590241+00', '2025-09-09 14:01:31.590241+00', 'Brăteni, Bistrița-Năsăud', 'Lac administrat privat'),
	('90050fa6-e25b-4d13-8330-7224032515b7', 'Lacul Cinciș', 'lac', 'HD', 'muntenia', 45.81879434, 22.86879245, NULL, NULL, NULL, NULL, NULL, NULL, false, NULL, false, NULL, 'NEEDS_REAL_COORDINATES', '2025-09-09 14:01:31.590241+00', '2025-09-09 14:01:31.590241+00', 'Lac în județul Hunedoara', 'Administrat de Pro Pescar'),
	('6c63bc28-513f-493c-9e47-e66f10b820bb', 'Lacul Câmpu lui Neag', 'lac', 'HD', 'muntenia', 45.78573849, 22.87755914, NULL, NULL, NULL, NULL, NULL, NULL, false, NULL, false, NULL, 'NEEDS_REAL_COORDINATES', '2025-09-09 14:01:31.590241+00', '2025-09-09 14:01:31.590241+00', 'Lac în județul Hunedoara', 'Administrat de Pro Pescar'),
	('36b488f5-396b-4f6d-81a2-9f448e1d544b', 'Lacul Căprioarelor', 'balti_private', 'CJ', 'transilvania', 46.74396272, 23.57061295, NULL, NULL, NULL, NULL, NULL, NULL, false, NULL, false, NULL, 'NEEDS_REAL_COORDINATES', '2025-09-09 14:01:31.590241+00', '2025-09-09 14:01:31.590241+00', 'Turda, Cluj', 'Lac administrat privat'),
	('2d014910-f9a9-47d0-a4cb-e24a3ef15df3', 'Lacul Darvari', 'balti_private', 'CL', 'muntenia', 44.48204177, 24.34920950, NULL, NULL, NULL, NULL, NULL, NULL, false, NULL, false, NULL, 'NEEDS_REAL_COORDINATES', '2025-09-09 14:01:31.590241+00', '2025-09-09 14:01:31.590241+00', 'Darvari, Călărași', 'Lac administrat privat'),
	('6f113c8c-e943-463e-bf5c-56825935d0f7', 'Lacul de acumulare Floroiu', 'lac', 'CJ', 'transilvania', 46.75475432, 23.66821982, NULL, NULL, NULL, NULL, NULL, NULL, false, NULL, false, NULL, 'NEEDS_REAL_COORDINATES', '2025-09-09 14:01:31.590241+00', '2025-09-09 14:01:31.590241+00', 'Lac în județul Cluj', 'Administrat de D.S. Cluj'),
	('4896838c-6563-441e-9315-3049a8627a39', 'Lacul de acumulare Gilău', 'lac', 'CJ', 'transilvania', 46.68291337, 23.52715240, NULL, NULL, NULL, NULL, NULL, NULL, false, NULL, false, NULL, 'NEEDS_REAL_COORDINATES', '2025-09-09 14:01:31.590241+00', '2025-09-09 14:01:31.590241+00', 'Lac în județul Cluj', 'Administrat de D.S. Cluj'),
	('3634e016-39fb-40b6-8158-5f9ce8126249', 'Lacul de acumulare Hațeg', 'lac', 'HD', 'muntenia', 45.69185575, 22.81898269, NULL, NULL, NULL, NULL, NULL, NULL, false, NULL, false, NULL, 'NEEDS_REAL_COORDINATES', '2025-09-09 14:01:31.590241+00', '2025-09-09 14:01:31.590241+00', 'Lac în județul Hunedoara', 'Administrat de Pro Pescar'),
	('6f347cb8-85b6-4bb3-ba05-d3e99367795a', 'Lacul de acumulare Lățunaș', 'lac', 'TM', 'banat', 45.70357555, 21.30329756, NULL, NULL, NULL, NULL, NULL, NULL, false, NULL, false, NULL, 'NEEDS_REAL_COORDINATES', '2025-09-09 14:01:31.590241+00', '2025-09-09 14:01:31.590241+00', 'Lac în județul Timiș', 'Administrat de AJVPS TIMIȘ'),
	('2e04cbe2-4124-4f20-bd1d-010ddca48e1e', 'Lacul de acumulare Someșul Cald', 'lac', 'CJ', 'transilvania', 46.70655837, 23.53050237, NULL, NULL, NULL, NULL, NULL, NULL, false, NULL, false, NULL, 'NEEDS_REAL_COORDINATES', '2025-09-09 14:01:31.590241+00', '2025-09-09 14:01:31.590241+00', 'Lac în județul Cluj', 'Administrat de D.S. Cluj'),
	('907fc737-ce32-4d2d-869d-b4499dea81cd', 'Lacul Dumbrăvița', 'lac', 'TM', 'banat', 45.77977499, 21.16463899, NULL, NULL, NULL, NULL, NULL, NULL, false, NULL, false, NULL, 'NEEDS_REAL_COORDINATES', '2025-09-09 14:01:31.590241+00', '2025-09-09 14:01:31.590241+00', 'Lac în județul Timiș', 'Administrat de AJVPS TIMIȘ'),
	('ba2683d0-e814-498f-a052-41ff65c5a80c', 'Lacul Geaca 3', 'balti_private', 'CJ', 'transilvania', 46.73329693, 23.50118683, NULL, NULL, NULL, NULL, NULL, NULL, false, NULL, false, NULL, 'NEEDS_REAL_COORDINATES', '2025-09-09 14:01:31.590241+00', '2025-09-09 14:01:31.590241+00', 'Geaca, Cluj', 'Lac administrat privat'),
	('9b82f7f1-3922-4e45-8e84-db0004fc4adc', 'Lacul Gura Golumbului', 'lac', 'CS', 'banat', 45.36941962, 22.20293093, NULL, NULL, NULL, NULL, NULL, NULL, false, NULL, false, NULL, 'NEEDS_REAL_COORDINATES', '2025-09-09 14:01:31.590241+00', '2025-09-09 14:01:31.590241+00', 'Lac în județul Caraș-Severin', 'Administrat de AJVPS CARAȘ-SEVERIN'),
	('05b5e59d-87ee-4820-869c-fcb23261d346', 'Lacul Găiceana', 'balti_private', 'BC', 'moldova', 46.64750336, 26.96703594, NULL, NULL, NULL, NULL, NULL, NULL, false, NULL, false, NULL, 'NEEDS_REAL_COORDINATES', '2025-09-09 14:01:31.590241+00', '2025-09-09 14:01:31.590241+00', 'Găiceana, Bacău', 'Lac administrat privat'),
	('75379d11-4f05-48fb-9331-6c5bdc79085c', 'Lacul Herăstrău', 'balti_private', 'B', 'muntenia', 44.36088115, 26.12224495, NULL, NULL, NULL, NULL, NULL, NULL, false, NULL, false, NULL, 'NEEDS_REAL_COORDINATES', '2025-09-09 14:01:31.590241+00', '2025-09-09 14:01:31.590241+00', 'București, București', 'Lac administrat privat'),
	('3cee599a-130d-49d0-9261-22ba77ad6919', 'Lacul Horgești', 'balti_private', 'BC', 'moldova', 46.64087403, 26.98306213, NULL, NULL, NULL, NULL, NULL, NULL, false, NULL, false, NULL, 'NEEDS_REAL_COORDINATES', '2025-09-09 14:01:31.590241+00', '2025-09-09 14:01:31.590241+00', 'Horgești, Bacău', 'Lac administrat privat'),
	('64d9de22-b0f6-4c5a-9dd3-3a1ba26da188', 'Lacul Iannis', 'balti_private', 'BH', 'crisana', 47.09582033, 21.83463469, NULL, NULL, NULL, NULL, NULL, NULL, false, NULL, false, NULL, 'NEEDS_REAL_COORDINATES', '2025-09-09 14:01:31.590241+00', '2025-09-09 14:01:31.590241+00', 'Mădăraș, Bihor', 'Lac administrat privat'),
	('dd786d37-b7e9-4048-a4c2-0c49b7484a2e', 'Lacul Ivanul', 'lac', 'MH', 'oltenia', 44.70136729, 22.64056349, NULL, NULL, NULL, NULL, NULL, NULL, false, NULL, false, NULL, 'NEEDS_REAL_COORDINATES', '2025-09-09 14:01:31.590241+00', '2025-09-09 14:01:31.590241+00', 'Lac în județul Mehedinți', 'Administrat de Direcția Silvică Mehedinți'),
	('53179594-4d28-4a55-b6f0-60d42d3f91ae', 'Lacul Izvorul (Măgurii)', 'lac', 'BN', 'transilvania', 47.05615850, 24.51990091, NULL, NULL, NULL, NULL, NULL, NULL, false, NULL, false, NULL, 'NEEDS_REAL_COORDINATES', '2025-09-09 14:01:31.590241+00', '2025-09-09 14:01:31.590241+00', 'Lac în județul Bistrița-Năsăud', 'Administrat de AJVPS BISTRIŢA NĂSĂUD'),
	('024ebe5f-a7e6-4dd2-ad63-e694ea6bfffc', 'Lacul Lazuri 5', 'balti_private', 'DB', 'muntenia', 44.94889818, 25.49592878, NULL, NULL, NULL, NULL, NULL, NULL, false, NULL, false, NULL, 'NEEDS_REAL_COORDINATES', '2025-09-09 14:01:31.590241+00', '2025-09-09 14:01:31.590241+00', 'Comișani, Dâmbovița', 'Lac administrat privat'),
	('72c06066-445f-4d67-9fb9-466e1dabdabb', 'Lacul Lighet', 'lac', 'MM', 'maramures', 47.56990335, 23.67392184, NULL, NULL, NULL, NULL, NULL, NULL, false, NULL, false, NULL, 'NEEDS_REAL_COORDINATES', '2025-09-09 14:01:31.590241+00', '2025-09-09 14:01:31.590241+00', 'Lac în județul Maramureș', 'Administrat de APS CHEILE LĂPUȘULUI'),
	('5f35ea12-8697-4731-a38c-014134c7a605', 'Lacul lui Jack', 'balti_private', 'CJ', 'transilvania', 46.85825275, 23.55705224, NULL, NULL, NULL, NULL, NULL, NULL, false, NULL, false, NULL, 'NEEDS_REAL_COORDINATES', '2025-09-09 14:01:31.590241+00', '2025-09-09 14:01:31.590241+00', 'Țaga, Cluj', 'Lac administrat privat'),
	('c6367b5c-afb8-40bb-81ad-b7bf8e05b03f', 'Lacul lui Tibi', 'balti_private', 'CJ', 'transilvania', 46.77728672, 23.67667529, NULL, NULL, NULL, NULL, NULL, NULL, false, NULL, false, NULL, 'NEEDS_REAL_COORDINATES', '2025-09-09 14:01:31.590241+00', '2025-09-09 14:01:31.590241+00', 'Sântejude-Vale, Cluj', 'Lac administrat privat'),
	('a6714869-165f-40b5-8172-84e864cfc71f', 'Lacul Malaia', 'lac', 'VL', 'oltenia', 45.00195808, 24.30434699, NULL, NULL, NULL, NULL, NULL, NULL, false, NULL, false, NULL, 'NEEDS_REAL_COORDINATES', '2025-09-09 14:01:31.590241+00', '2025-09-09 14:01:31.590241+00', 'Lac în județul Vâlcea', 'Administrat de AJVPS VÂLCEA'),
	('2993b0f7-f4e0-4d62-aab8-602573092c52', 'Lacul Micești', 'balti_private', 'CJ', 'transilvania', 46.80268466, 23.58298474, NULL, NULL, NULL, NULL, NULL, NULL, false, NULL, false, NULL, 'NEEDS_REAL_COORDINATES', '2025-09-09 14:01:31.590241+00', '2025-09-09 14:01:31.590241+00', 'Micești, Cluj', 'Lac administrat privat'),
	('f09b779c-e920-480b-be80-6f26cfcae769', 'Lacul montan Avrig', 'lac', 'SB', 'transilvania', 45.79624302, 24.13289610, NULL, NULL, NULL, NULL, NULL, NULL, false, NULL, false, NULL, 'NEEDS_REAL_COORDINATES', '2025-09-09 14:01:31.590241+00', '2025-09-09 14:01:31.590241+00', 'Lac în județul Sibiu', 'Administrat de APS AQUA CRISIUS'),
	('ff40199f-b5c3-4453-830e-663946db0280', 'Lacul montan Doamnei', 'lac', 'SB', 'transilvania', 45.73974444, 24.18515264, NULL, NULL, NULL, NULL, NULL, NULL, false, NULL, false, NULL, 'NEEDS_REAL_COORDINATES', '2025-09-09 14:01:31.590241+00', '2025-09-09 14:01:31.590241+00', 'Lac în județul Sibiu', 'Administrat de APS AQUA CRISIUS'),
	('77b0efc3-e19f-485f-abb4-98e6cbbdfef2', 'Lacul montan Iezerul Mic', 'lac', 'SB', 'transilvania', 45.70317439, 24.09752506, NULL, NULL, NULL, NULL, NULL, NULL, false, NULL, false, NULL, 'NEEDS_REAL_COORDINATES', '2025-09-09 14:01:31.590241+00', '2025-09-09 14:01:31.590241+00', 'Lac în județul Sibiu', 'Administrat de FLY FISHING CLUB SIBIU'),
	('ffae3701-3e93-4782-acce-00d4b7273c4e', 'Lacul montan Podrăgel', 'lac', 'SB', 'transilvania', 45.75837168, 24.23997065, NULL, NULL, NULL, NULL, NULL, NULL, false, NULL, false, NULL, 'NEEDS_REAL_COORDINATES', '2025-09-09 14:01:31.590241+00', '2025-09-09 14:01:31.590241+00', 'Lac în județul Sibiu', 'Administrat de APS AQUA CRISIUS'),
	('7df16832-02f7-47c4-bdae-133f8b380f3a', 'Lacul Muntinu', 'lac', 'VL', 'oltenia', 45.05909564, 24.37028237, NULL, NULL, NULL, NULL, NULL, NULL, false, NULL, false, NULL, 'NEEDS_REAL_COORDINATES', '2025-09-09 14:01:31.590241+00', '2025-09-09 14:01:31.590241+00', 'Lac în județul Vâlcea', 'Administrat de AJVPS VÂLCEA'),
	('f6f41d6b-d4d3-49d9-9721-b4a170730bff', 'Lacul Mălaia', 'balti_salbatic', 'VL', 'oltenia', 45.16554307, 24.42843703, NULL, NULL, NULL, NULL, NULL, NULL, false, NULL, false, NULL, 'NEEDS_REAL_COORDINATES', '2025-09-09 14:01:31.590241+00', '2025-09-09 14:01:31.590241+00', 'Lac în județul Vâlcea', 'Administrat de ANPA - Ape Necontractate'),
	('3a2a3877-5e78-4c00-9c52-8c3e8e629b10', 'Lacul Ostrov', 'lac', 'HD', 'muntenia', 45.67337685, 22.81117557, NULL, NULL, NULL, NULL, NULL, NULL, false, NULL, false, NULL, 'NEEDS_REAL_COORDINATES', '2025-09-09 14:01:31.590241+00', '2025-09-09 14:01:31.590241+00', 'Lac în județul Hunedoara', 'Administrat de Pro Pescar'),
	('d7e5e9df-db01-450b-a91f-086d26fba2ba', 'Lacul Paradisul Verde', 'balti_private', 'BN', 'transilvania', 47.12215496, 24.51745068, NULL, NULL, NULL, NULL, NULL, NULL, false, NULL, false, NULL, 'NEEDS_REAL_COORDINATES', '2025-09-09 14:01:31.590241+00', '2025-09-09 14:01:31.590241+00', 'Viile Tecii, Bistrița-Năsăud', 'Lac administrat privat'),
	('e286a3ec-41cc-4e98-b571-9fb17f361abc', 'Lacul Pleasa', 'balti_private', 'PH', 'muntenia', 45.01462055, 25.94607016, NULL, NULL, NULL, NULL, NULL, NULL, false, NULL, false, NULL, 'NEEDS_REAL_COORDINATES', '2025-09-09 14:01:31.590241+00', '2025-09-09 14:01:31.590241+00', 'Bucov, Prahova', 'Lac administrat privat'),
	('663b44a2-87f4-469d-bf98-224de2350c97', 'Lacul Pojorâta (Iezer)', 'balti_salbatic', 'SV', 'moldova', 47.73071939, 26.31441646, NULL, NULL, NULL, NULL, NULL, NULL, false, NULL, false, NULL, 'NEEDS_REAL_COORDINATES', '2025-09-09 14:01:31.590241+00', '2025-09-09 14:01:31.590241+00', 'Lac în județul Suceava', 'Administrat de ANPA - Ape Necontractate'),
	('4f1f6979-f08f-4104-9ede-87ac75216fed', 'Lacul Roșu', 'lac', 'HR', 'transilvania', 46.25758493, 25.78067128, NULL, NULL, NULL, NULL, NULL, NULL, false, NULL, false, NULL, 'NEEDS_REAL_COORDINATES', '2025-09-09 14:01:31.590241+00', '2025-09-09 14:01:31.590241+00', 'Lac în județul Harghita', 'Administrat de Direcția Silvică Harghita'),
	('7aa9b486-9c1a-4ef1-9cce-cd7bff666612', 'Lacul Someșul Cald', 'lac', 'CJ', 'transilvania', 46.84033876, 23.51329038, NULL, NULL, NULL, NULL, NULL, NULL, false, NULL, false, NULL, 'NEEDS_REAL_COORDINATES', '2025-09-09 14:01:31.590241+00', '2025-09-09 14:01:31.590241+00', 'Lac în județul Cluj', 'Administrat de D.S. Cluj'),
	('454dd86a-db54-413f-bdd6-bafdaf45e045', 'Lacul Sub Pădure Mărtinești', 'balti_private', 'CJ', 'transilvania', 46.84634453, 23.68994041, NULL, NULL, NULL, NULL, NULL, NULL, false, NULL, false, NULL, 'NEEDS_REAL_COORDINATES', '2025-09-09 14:01:31.590241+00', '2025-09-09 14:01:31.590241+00', 'Mărtinești, Cluj', 'Lac administrat privat'),
	('3b0b79b1-0f6e-407c-ae93-62aca4ed3a83', 'Lacul Tarnița', 'lac', 'CJ', 'transilvania', 46.83181075, 23.53657070, NULL, NULL, NULL, NULL, NULL, NULL, false, NULL, false, NULL, 'NEEDS_REAL_COORDINATES', '2025-09-09 14:01:31.590241+00', '2025-09-09 14:01:31.590241+00', 'Lac în județul Cluj', 'Administrat de D.S. Cluj'),
	('3d050d49-7cda-4071-b06a-c8512d95db35', 'Lacul Tonciu', 'balti_private', 'BN', 'transilvania', 47.14647838, 24.57865750, NULL, NULL, NULL, NULL, NULL, NULL, false, NULL, false, NULL, 'NEEDS_REAL_COORDINATES', '2025-09-09 14:01:31.590241+00', '2025-09-09 14:01:31.590241+00', 'Tonciu, Bistrița-Năsăud', 'Lac administrat privat'),
	('9c806d09-2f73-408c-a5ef-effe42713ee7', 'Lacul Toplița', 'lac', 'BH', 'crisana', 47.07564571, 21.99559222, NULL, NULL, NULL, NULL, NULL, NULL, false, NULL, false, NULL, 'NEEDS_REAL_COORDINATES', '2025-09-09 14:01:31.590241+00', '2025-09-09 14:01:31.590241+00', 'Lac în județul Bihor', 'Administrat de AV VIDA SURDUCEL DOBREȘTI'),
	('cc7aecee-86e4-42ab-8272-a2cf02205ffe', 'Lacul Topolovățul', 'lac', 'TM', 'banat', 45.67281065, 21.27629396, NULL, NULL, NULL, NULL, NULL, NULL, false, NULL, false, NULL, 'NEEDS_REAL_COORDINATES', '2025-09-09 14:01:31.590241+00', '2025-09-09 14:01:31.590241+00', 'Lac în județul Timiș', 'Administrat de AJVPS TIMIȘ'),
	('a7d60341-156c-4b18-973f-e9b84a142a5a', 'Lacul Tungujei', 'balti_private', 'IS', 'moldova', 47.21849686, 27.64224911, NULL, NULL, NULL, NULL, NULL, NULL, false, NULL, false, NULL, 'NEEDS_REAL_COORDINATES', '2025-09-09 14:01:31.590241+00', '2025-09-09 14:01:31.590241+00', 'Tungujei, Iași', 'Lac administrat privat'),
	('8a93134c-a906-4515-a965-4ab5ab8d91a6', 'Lacul Tâncăbești 2', 'balti_private', 'IF', 'muntenia', 44.43878340, 25.94459477, NULL, NULL, NULL, NULL, NULL, NULL, false, NULL, false, NULL, 'NEEDS_REAL_COORDINATES', '2025-09-09 14:01:31.590241+00', '2025-09-09 14:01:31.590241+00', 'Tâncăbești, Ilfov', 'Lac administrat privat'),
	('609d9fff-8c74-4d17-bbb5-8da7503a59b8', 'Lacul Tăul Zânelor', 'lac', 'BN', 'transilvania', 47.08700185, 24.38745582, NULL, NULL, NULL, NULL, NULL, NULL, false, NULL, false, NULL, 'NEEDS_REAL_COORDINATES', '2025-09-09 14:01:31.590241+00', '2025-09-09 14:01:31.590241+00', 'Lac în județul Bistrița-Năsăud', 'Administrat de AJVPS BISTRIŢA NĂSĂUD'),
	('97d24d90-a3e9-478c-bb65-0b822dfe0c48', 'Lacul Urlea', 'lac', 'BV', 'muntenia', 45.73220111, 25.68555187, NULL, NULL, NULL, NULL, NULL, NULL, false, NULL, false, NULL, 'NEEDS_REAL_COORDINATES', '2025-09-09 14:01:31.590241+00', '2025-09-09 14:01:31.590241+00', 'Lac în județul Brașov', 'Administrat de APS AQUA CRISIUS'),
	('93e58d22-22a9-49c6-8105-fe9cc8536fa6', 'Lacul Valea Băii', 'lac', 'CJ', 'transilvania', 46.74436661, 23.50770130, NULL, NULL, NULL, NULL, NULL, NULL, false, NULL, false, NULL, 'NEEDS_REAL_COORDINATES', '2025-09-09 14:01:31.590241+00', '2025-09-09 14:01:31.590241+00', 'Lac în județul Cluj', 'Administrat de D.S. Cluj'),
	('886f3547-79c4-4921-a0d7-28546018c16e', 'Lacul Vlădești', 'lac', 'VL', 'oltenia', 45.13234061, 24.35469751, NULL, NULL, NULL, NULL, NULL, NULL, false, NULL, false, NULL, 'NEEDS_REAL_COORDINATES', '2025-09-09 14:01:31.590241+00', '2025-09-09 14:01:31.590241+00', 'Lac în județul Vâlcea', 'Administrat de AJVPS VÂLCEA'),
	('0651005c-efb1-4a37-b3da-a77abf5972d6', 'Lacul Șoimu', 'lac', 'CJ', 'transilvania', 46.82586384, 23.54926280, NULL, NULL, NULL, NULL, NULL, NULL, false, NULL, false, NULL, 'NEEDS_REAL_COORDINATES', '2025-09-09 14:01:31.590241+00', '2025-09-09 14:01:31.590241+00', 'Lac în județul Cluj', 'Administrat de D.S. Cluj'),
	('f866657b-0c13-4dcb-93c3-160b4c9ec5ca', 'Lacul Șuica', 'balti_private', 'OT', 'oltenia', 44.17210220, 24.50771243, NULL, NULL, NULL, NULL, NULL, NULL, false, NULL, false, NULL, 'NEEDS_REAL_COORDINATES', '2025-09-09 14:01:31.590241+00', '2025-09-09 14:01:31.590241+00', 'Șuica, Olt', 'Lac administrat privat'),
	('3b725b32-9b56-4597-96cc-2810fbdfd3e8', 'Lacurile SunFish Mărtinești', 'balti_private', 'CJ', 'transilvania', 46.79490390, 23.67274010, NULL, NULL, NULL, NULL, NULL, NULL, false, NULL, false, NULL, 'NEEDS_REAL_COORDINATES', '2025-09-09 14:01:31.590241+00', '2025-09-09 14:01:31.590241+00', 'Mărtinești, Cluj', 'Lac administrat privat'),
	('680004a6-c1bb-48b4-b1c3-656230ddcbc9', 'Laguna Verde Noroieni', 'balti_private', 'SM', 'crisana', 47.79433853, 22.89452922, NULL, NULL, NULL, NULL, NULL, NULL, false, NULL, false, NULL, 'NEEDS_REAL_COORDINATES', '2025-09-09 14:01:31.590241+00', '2025-09-09 14:01:31.590241+00', 'Noroieni, Satu Mare', 'Lac administrat privat'),
	('cf47b938-c1da-440a-a5c7-fbf76ed860f2', 'Lia', 'lac', 'HD', 'muntenia', 45.74768112, 22.99205100, NULL, NULL, NULL, NULL, NULL, NULL, false, NULL, false, NULL, 'NEEDS_REAL_COORDINATES', '2025-09-09 14:01:31.590241+00', '2025-09-09 14:01:31.590241+00', 'Lac în județul Hunedoara', 'Administrat de Direcția Silvică Hunedoara'),
	('8e187844-c826-4442-8ac8-da5c374a99d2', 'Liberty Fishing & Recreation', 'balti_private', 'HR', 'transilvania', 46.34385898, 25.80841776, NULL, NULL, NULL, NULL, NULL, NULL, false, NULL, false, NULL, 'NEEDS_REAL_COORDINATES', '2025-09-09 14:01:31.590241+00', '2025-09-09 14:01:31.590241+00', 'Toplița, Harghita', 'Lac administrat privat'),
	('7068c78f-d151-4cb8-ae24-951517162eb8', 'LIN Lake', 'balti_private', 'SM', 'crisana', 47.69059463, 22.85958288, NULL, NULL, NULL, NULL, NULL, NULL, false, NULL, false, NULL, 'NEEDS_REAL_COORDINATES', '2025-09-09 14:01:31.590241+00', '2025-09-09 14:01:31.590241+00', 'Satu Mare, Satu Mare', 'Lac administrat privat'),
	('3bac81c0-ecba-4b69-a30c-0f39ad5ff6a9', 'Lunca Corbului', 'balti_private', 'AG', 'muntenia', 44.94665665, 24.89805931, NULL, NULL, NULL, NULL, NULL, NULL, false, NULL, false, NULL, 'NEEDS_REAL_COORDINATES', '2025-09-09 14:01:31.590241+00', '2025-09-09 14:01:31.590241+00', 'Lunca Corbului, Argeș', 'Lac administrat privat'),
	('7adb50d7-7e22-49fd-a8fb-0bf55d3ec10c', 'Mija', 'lac', 'HD', 'muntenia', 45.86097429, 22.90493044, NULL, NULL, NULL, NULL, NULL, NULL, false, NULL, false, NULL, 'NEEDS_REAL_COORDINATES', '2025-09-09 14:01:31.590241+00', '2025-09-09 14:01:31.590241+00', 'Lac în județul Hunedoara', 'Administrat de Direcția Silvică Hunedoara'),
	('478d2dad-ab6d-42a3-8785-4e9c27d52073', 'Monster Carp Lake', 'balti_private', 'AR', 'banat', 46.22373637, 21.40431069, NULL, NULL, NULL, NULL, NULL, NULL, false, NULL, false, NULL, 'NEEDS_REAL_COORDINATES', '2025-09-09 14:01:31.590241+00', '2025-09-09 14:01:31.590241+00', 'Zimandu Nou, Arad', 'Lac administrat privat'),
	('666c11ab-8222-4f49-b0a0-91f36dc0cd14', 'Mărghitaș', 'lac', 'CS', 'banat', 45.37610671, 22.28376174, NULL, NULL, NULL, NULL, NULL, NULL, false, NULL, false, NULL, 'NEEDS_REAL_COORDINATES', '2025-09-09 14:01:31.590241+00', '2025-09-09 14:01:31.590241+00', 'Lac în județul Caraș-Severin', 'Administrat de Direcția Silvică Caraș-Severin'),
	('a5386b23-a1f1-4039-b16c-ddbec23990c2', 'Mărtinești Iaz', 'balti_private', 'CJ', 'transilvania', 46.74323059, 23.62340873, NULL, NULL, NULL, NULL, NULL, NULL, false, NULL, false, NULL, 'NEEDS_REAL_COORDINATES', '2025-09-09 14:01:31.590241+00', '2025-09-09 14:01:31.590241+00', 'Mărtinești, Cluj', 'Lac administrat privat'),
	('32b3d680-6a91-4f27-93bd-a6c743375c1d', 'Mărul superior', 'lac', 'CS', 'banat', 45.40417518, 22.24411460, NULL, NULL, NULL, NULL, NULL, NULL, false, NULL, false, NULL, 'NEEDS_REAL_COORDINATES', '2025-09-09 14:01:31.590241+00', '2025-09-09 14:01:31.590241+00', 'Lac în județul Caraș-Severin', 'Administrat de Direcția Silvică Caraș-Severin'),
	('ebd56163-459e-4a06-80e9-c31324fa7c1e', 'Oașa', 'lac', 'SB', 'transilvania', 45.79174234, 24.23695971, NULL, NULL, NULL, NULL, NULL, NULL, false, NULL, false, NULL, 'NEEDS_REAL_COORDINATES', '2025-09-09 14:01:31.590241+00', '2025-09-09 14:01:31.590241+00', 'Lac în județul Sibiu', 'Administrat de Direcția Silvică Sibiu'),
	('f6802e2f-cf81-4dfd-bb23-8fc3c94c9e20', 'Oglinda Mândrii', 'lac', 'HD', 'muntenia', 45.68723277, 22.94501008, NULL, NULL, NULL, NULL, NULL, NULL, false, NULL, false, NULL, 'NEEDS_REAL_COORDINATES', '2025-09-09 14:01:31.590241+00', '2025-09-09 14:01:31.590241+00', 'Lac în județul Hunedoara', 'Administrat de Direcția Silvică Hunedoara'),
	('a6a92b42-a573-45e0-946d-db74382634f5', 'Orlat Lake', 'balti_private', 'SB', 'transilvania', 45.74892729, 24.05725727, NULL, NULL, NULL, NULL, NULL, NULL, false, NULL, false, NULL, 'NEEDS_REAL_COORDINATES', '2025-09-09 14:01:31.590241+00', '2025-09-09 14:01:31.590241+00', 'Orlat, Sibiu', 'Lac administrat privat'),
	('ed4cad4f-d731-419e-beb9-0253f0ffe343', 'Ozone Lake', 'balti_private', 'AG', 'muntenia', 44.95129079, 25.01053363, NULL, NULL, NULL, NULL, NULL, NULL, false, NULL, false, NULL, 'NEEDS_REAL_COORDINATES', '2025-09-09 14:01:31.590241+00', '2025-09-09 14:01:31.590241+00', 'Purcăreni, Argeș', 'Lac administrat privat'),
	('956bcded-e2f3-425d-87fc-fb4194c8aba9', 'Peleaga', 'lac', 'HD', 'muntenia', 45.82615999, 22.98410223, NULL, NULL, NULL, NULL, NULL, NULL, false, NULL, false, NULL, 'NEEDS_REAL_COORDINATES', '2025-09-09 14:01:31.590241+00', '2025-09-09 14:01:31.590241+00', 'Lac în județul Hunedoara', 'Administrat de Direcția Silvică Hunedoara'),
	('329508e5-c15d-401f-950f-318b466eafd0', 'Pescăria Balta Blondă', 'balti_private', 'SM', 'crisana', 47.75753502, 22.95584065, NULL, NULL, NULL, NULL, NULL, NULL, false, NULL, false, NULL, 'NEEDS_REAL_COORDINATES', '2025-09-09 14:01:31.590241+00', '2025-09-09 14:01:31.590241+00', 'Satu Mare, Satu Mare', 'Lac administrat privat'),
	('33094dbb-66a7-4da6-94bc-f179523531c7', 'Râul Motru', 'rau', 'GJ', 'oltenia', 45.06307397, 23.36548033, NULL, NULL, NULL, NULL, NULL, NULL, false, NULL, false, NULL, 'NEEDS_REAL_COORDINATES', '2025-09-09 14:01:31.590241+00', '2025-09-09 14:01:31.590241+00', 'Râu în județul Gorj', 'Administrat de AJVPS GORJ'),
	('9c07313a-3e33-4faa-84ce-aedd72f78758', 'Pescăria Boghiș La Stuf', 'balti_private', 'SM', 'crisana', 47.87914368, 22.84048501, NULL, NULL, NULL, NULL, NULL, NULL, false, NULL, false, NULL, 'NEEDS_REAL_COORDINATES', '2025-09-09 14:01:31.590241+00', '2025-09-09 14:01:31.590241+00', 'Boghiș, Satu Mare', 'Lac administrat privat'),
	('62113fe8-e0f3-4dc9-b50b-a367d14f49a2', 'Pescăria Eteni', 'balti_private', 'SM', 'crisana', 47.72341200, 22.97495242, NULL, NULL, NULL, NULL, NULL, NULL, false, NULL, false, NULL, 'NEEDS_REAL_COORDINATES', '2025-09-09 14:01:31.590241+00', '2025-09-09 14:01:31.590241+00', 'Halmeu, Satu Mare', 'Lac administrat privat'),
	('cadb28e2-8144-4cd8-9974-c0880a3e5fd3', 'Petrimanu', 'lac', 'VL', 'oltenia', 45.15984378, 24.37676557, NULL, NULL, NULL, NULL, NULL, NULL, false, NULL, false, NULL, 'NEEDS_REAL_COORDINATES', '2025-09-09 14:01:31.590241+00', '2025-09-09 14:01:31.590241+00', 'Lac în județul Vâlcea', 'Administrat de Direcția Silvică Vâlcea'),
	('fac9be11-0fcc-45b5-9b9b-aa362930570f', 'PlayGround Club', 'balti_private', 'AB', 'transilvania', 46.10061489, 23.55067520, NULL, NULL, NULL, NULL, NULL, NULL, false, NULL, false, NULL, 'NEEDS_REAL_COORDINATES', '2025-09-09 14:01:31.590241+00', '2025-09-09 14:01:31.590241+00', 'Șard, Alba', 'Lac administrat privat'),
	('3e9bc244-2a87-4fc6-9c76-56e03226a20f', 'Poalele Codrului - Balta Ciurea', 'balti_private', 'IS', 'moldova', 47.08131422, 27.69043912, NULL, NULL, NULL, NULL, NULL, NULL, false, NULL, false, NULL, 'NEEDS_REAL_COORDINATES', '2025-09-09 14:01:31.590241+00', '2025-09-09 14:01:31.590241+00', 'Ciurea, Iași', 'Lac administrat privat'),
	('776f07b0-c752-49cd-a983-4db6e37c2022', 'Podragu Mare', 'lac', 'SB', 'transilvania', 45.88697121, 24.16732745, NULL, NULL, NULL, NULL, NULL, NULL, false, NULL, false, NULL, 'NEEDS_REAL_COORDINATES', '2025-09-09 14:01:31.590241+00', '2025-09-09 14:01:31.590241+00', 'Lac în județul Sibiu', 'Administrat de Direcția Silvică Sibiu'),
	('8af5ffb5-589c-43fb-a26c-681c94434a7d', 'Poienita Agrotur', 'balti_private', 'BT', 'moldova', 47.82214202, 26.73314946, NULL, NULL, NULL, NULL, NULL, NULL, false, NULL, false, NULL, 'NEEDS_REAL_COORDINATES', '2025-09-09 14:01:31.590241+00', '2025-09-09 14:01:31.590241+00', 'Dracșani, Botoșani', 'Lac administrat privat'),
	('94636de2-15e5-438d-af0b-485baecfe8f8', 'Prisaca Cerna', 'lac', 'CS', 'banat', 45.40180983, 22.28610434, NULL, NULL, NULL, NULL, NULL, NULL, false, NULL, false, NULL, 'NEEDS_REAL_COORDINATES', '2025-09-09 14:01:31.590241+00', '2025-09-09 14:01:31.590241+00', 'Lac în județul Caraș-Severin', 'Administrat de Direcția Silvică Caraș-Severin'),
	('dc7cc6ea-10e9-49ce-a1c9-f23611f9da31', 'Prut– fără lacul Stânca', 'lac', 'BT', 'moldova', 47.83124489, 26.61235979, NULL, NULL, NULL, NULL, NULL, NULL, false, NULL, false, NULL, 'NEEDS_REAL_COORDINATES', '2025-09-09 14:01:31.590241+00', '2025-09-09 14:01:31.590241+00', 'Râu în județul Botoșani', 'Administrat de AJVPS BOTOȘANI'),
	('7353504c-5257-4cb4-9937-6e8ab00f5ce9', 'Pâraiele Boia Mare', 'lac', 'VL', 'oltenia', 45.02018345, 24.46349806, NULL, NULL, NULL, NULL, NULL, NULL, false, NULL, false, NULL, 'NEEDS_REAL_COORDINATES', '2025-09-09 14:01:31.590241+00', '2025-09-09 14:01:31.590241+00', 'Râu în județul Vâlcea', 'Administrat de AJVPS VÂLCEA'),
	('f9cad249-0068-438b-be32-b301b5a98d69', 'Pârâul Lesuntu', 'rau', 'BC', 'moldova', 46.57624763, 26.83465636, NULL, NULL, NULL, NULL, NULL, NULL, false, NULL, false, NULL, 'NEEDS_REAL_COORDINATES', '2025-09-09 14:01:31.590241+00', '2025-09-09 14:01:31.590241+00', 'Râu în județul Bacău', 'Administrat de AJVPS BACĂU'),
	('1530f11d-b6d1-405e-b88e-74456dedff44', 'Pârâul Lotrișor', 'rau', 'VL', 'oltenia', 45.11643655, 24.30468852, NULL, NULL, NULL, NULL, NULL, NULL, false, NULL, false, NULL, 'NEEDS_REAL_COORDINATES', '2025-09-09 14:01:31.590241+00', '2025-09-09 14:01:31.590241+00', 'Râu în județul Vâlcea', 'Administrat de AJVPS VÂLCEA'),
	('7dd015b0-384c-4af4-8744-0ab403a8ef40', 'Pârâul Murgoci', 'rau', 'VL', 'oltenia', 45.18130802, 24.33547160, NULL, NULL, NULL, NULL, NULL, NULL, false, NULL, false, NULL, 'NEEDS_REAL_COORDINATES', '2025-09-09 14:01:31.590241+00', '2025-09-09 14:01:31.590241+00', 'Râu în județul Vâlcea', 'Administrat de AJVPS VÂLCEA'),
	('86e1dc57-945a-4999-be09-cb6266db57d1', 'Pârâul Nou Roman', 'rau', 'SB', 'transilvania', 45.73517943, 24.12526959, NULL, NULL, NULL, NULL, NULL, NULL, false, NULL, false, NULL, 'NEEDS_REAL_COORDINATES', '2025-09-09 14:01:31.590241+00', '2025-09-09 14:01:31.590241+00', 'Râu în județul Sibiu', 'Administrat de FLY FISHING CLUB SIBIU'),
	('a6e88aae-64a6-4844-bbac-1c9449317a02', 'Pârâul Rosua', 'rau', 'BN', 'transilvania', 47.20872196, 24.43611084, NULL, NULL, NULL, NULL, NULL, NULL, false, NULL, false, NULL, 'NEEDS_REAL_COORDINATES', '2025-09-09 14:01:31.590241+00', '2025-09-09 14:01:31.590241+00', 'Râu în județul Bistrița-Năsăud', 'Administrat de AJVPS BISTRIŢA NĂSĂUD'),
	('910fea46-c1be-4e24-8f0e-51f6ad76449f', 'Pârâul Râul Vadului', 'rau', 'SB', 'transilvania', 45.76415334, 24.24655725, NULL, NULL, NULL, NULL, NULL, NULL, false, NULL, false, NULL, 'NEEDS_REAL_COORDINATES', '2025-09-09 14:01:31.590241+00', '2025-09-09 14:01:31.590241+00', 'Râu în județul Sibiu', 'Administrat de FLY FISHING CLUB SIBIU'),
	('68de5026-55e6-4704-92fa-8cbd0aa52a85', 'Pârâul Tălmăcuț', 'rau', 'SB', 'transilvania', 45.73857370, 24.18087951, NULL, NULL, NULL, NULL, NULL, NULL, false, NULL, false, NULL, 'NEEDS_REAL_COORDINATES', '2025-09-09 14:01:31.590241+00', '2025-09-09 14:01:31.590241+00', 'Râu în județul Sibiu', 'Administrat de FLY FISHING CLUB SIBIU'),
	('1695429a-b9c8-4a02-a23f-850b07633355', 'Pârâul Uria', 'rau', 'VL', 'oltenia', 45.09176193, 24.32489310, NULL, NULL, NULL, NULL, NULL, NULL, false, NULL, false, NULL, 'NEEDS_REAL_COORDINATES', '2025-09-09 14:01:31.590241+00', '2025-09-09 14:01:31.590241+00', 'Râu în județul Vâlcea', 'Administrat de AJVPS VÂLCEA'),
	('4b79d4a5-a0d4-47d5-ab5b-6b3e89bff1d8', 'Pârâul Valea Leșului', 'rau', 'BN', 'transilvania', 47.08696284, 24.56352054, NULL, NULL, NULL, NULL, NULL, NULL, false, NULL, false, NULL, 'NEEDS_REAL_COORDINATES', '2025-09-09 14:01:31.590241+00', '2025-09-09 14:01:31.590241+00', 'Râu în județul Bistrița-Năsăud', 'Administrat de AJVPS BISTRIŢA NĂSĂUD'),
	('226aea3d-49d0-450b-b22f-46772225daad', 'Pârâul Valea Rîndiboului', 'rau', 'SB', 'transilvania', 45.88861728, 24.16390214, NULL, NULL, NULL, NULL, NULL, NULL, false, NULL, false, NULL, 'NEEDS_REAL_COORDINATES', '2025-09-09 14:01:31.590241+00', '2025-09-09 14:01:31.590241+00', 'Râu în județul Sibiu', 'Administrat de FLY FISHING CLUB SIBIU'),
	('936b8f96-b5b7-49d5-9ced-a38f1e08668c', 'Pârâul Valea Strâmbii', 'rau', 'SB', 'transilvania', 45.76353178, 24.15012909, NULL, NULL, NULL, NULL, NULL, NULL, false, NULL, false, NULL, 'NEEDS_REAL_COORDINATES', '2025-09-09 14:01:31.590241+00', '2025-09-09 14:01:31.590241+00', 'Râu în județul Sibiu', 'Administrat de FLY FISHING CLUB SIBIU'),
	('986bea15-62e8-4ed6-8389-98124fd765d0', 'Roşiile (Tăul fără Fund)', 'lac', 'HD', 'muntenia', 45.67778423, 22.81234737, NULL, NULL, NULL, NULL, NULL, NULL, false, NULL, false, NULL, 'NEEDS_REAL_COORDINATES', '2025-09-09 14:01:31.590241+00', '2025-09-09 14:01:31.590241+00', 'Lac în județul Hunedoara', 'Administrat de Direcția Silvică Hunedoara'),
	('ab059123-ad3c-4191-827c-4d6538fd5bc7', 'Râul Amaradia', 'rau', 'GJ', 'oltenia', 45.04157627, 23.25595250, NULL, NULL, NULL, NULL, NULL, NULL, false, NULL, false, NULL, 'NEEDS_REAL_COORDINATES', '2025-09-09 14:01:31.590241+00', '2025-09-09 14:01:31.590241+00', 'Râu în județul Gorj', 'Administrat de AJVPS GORJ'),
	('b9d0d083-9432-47f7-b8c2-212e13889ce6', 'Râul Ampoi', 'rau', 'AB', 'transilvania', 45.98052538, 23.57943177, NULL, NULL, NULL, NULL, NULL, NULL, false, NULL, false, NULL, 'NEEDS_REAL_COORDINATES', '2025-09-09 14:01:31.590241+00', '2025-09-09 14:01:31.590241+00', 'Râu în județul Alba', 'Administrat de AJVPS ALBA'),
	('c6a23f44-51a2-46c5-872f-bb5fb5ee7a76', 'Râul Anieș', 'rau', 'BN', 'transilvania', 47.19981261, 24.45222214, NULL, NULL, NULL, NULL, NULL, NULL, false, NULL, false, NULL, 'NEEDS_REAL_COORDINATES', '2025-09-09 14:01:31.590241+00', '2025-09-09 14:01:31.590241+00', 'Râu în județul Bistrița-Năsăud', 'Administrat de AJVPS BISTRIŢA NĂSĂUD'),
	('6ecad829-a10b-4bc3-ad0d-7f03768cc2ce', 'Râul Aranca', 'rau', 'AR', 'banat', 46.12356430, 21.21832541, NULL, NULL, NULL, NULL, NULL, NULL, false, NULL, false, NULL, 'NEEDS_REAL_COORDINATES', '2025-09-09 14:01:31.590241+00', '2025-09-09 14:01:31.590241+00', 'Râu în județul Arad', 'Administrat de AJVPS ARAD'),
	('9d92dfad-b3c4-4a4b-8d4d-8237d0cfefea', 'Râul Argeș', 'rau', 'AG', 'muntenia', 44.94013086, 24.94376950, NULL, NULL, NULL, NULL, NULL, NULL, false, NULL, false, NULL, 'NEEDS_REAL_COORDINATES', '2025-09-09 14:01:31.590241+00', '2025-09-09 14:01:31.590241+00', 'Râu în județul Argeș', 'Administrat de AJVPS ARGEȘ'),
	('36d17d65-4c84-456f-911c-d788188f592b', 'Râul Argeș', 'rau', 'DB', 'muntenia', 44.81911839, 25.40053474, NULL, NULL, NULL, NULL, NULL, NULL, false, NULL, false, NULL, 'NEEDS_REAL_COORDINATES', '2025-09-09 14:01:31.590241+00', '2025-09-09 14:01:31.590241+00', 'Râu în județul Dâmbovița', 'Administrat de AJVPS DÂMBOVIȚA'),
	('13f28a89-1faa-47ec-8474-339ab40a5764', 'Râul Argeșel inferior', 'rau', 'AG', 'muntenia', 44.93680255, 24.99221580, NULL, NULL, NULL, NULL, NULL, NULL, false, NULL, false, NULL, 'NEEDS_REAL_COORDINATES', '2025-09-09 14:01:31.590241+00', '2025-09-09 14:01:31.590241+00', 'Râu în județul Argeș', 'Administrat de AJVPS ARGEȘ'),
	('9ac6f57c-7b3c-4502-ba37-3a0764ab7aa5', 'Râul Argeșel Superior', 'rau', 'AG', 'muntenia', 44.86448384, 24.96723857, NULL, NULL, NULL, NULL, NULL, NULL, false, NULL, false, NULL, 'NEEDS_REAL_COORDINATES', '2025-09-09 14:01:31.590241+00', '2025-09-09 14:01:31.590241+00', 'Râu în județul Argeș', 'Administrat de APS AQUA CRISIUS'),
	('451b7f79-0148-4845-936a-64f6f0d51039', 'Râul Arieș', 'rau', 'CJ', 'transilvania', 46.79071756, 23.63006090, NULL, NULL, NULL, NULL, NULL, NULL, false, NULL, false, NULL, 'NEEDS_REAL_COORDINATES', '2025-09-09 14:01:31.590241+00', '2025-09-09 14:01:31.590241+00', 'Râu în județul Cluj', 'Administrat de AJVPS CLUJ'),
	('c0f0f217-e03e-4e1a-9af3-d3f2ec2f2054', 'Râul Arieș', 'rau', 'AB', 'transilvania', 46.06240678, 23.61377384, NULL, NULL, NULL, NULL, NULL, NULL, false, NULL, false, NULL, 'NEEDS_REAL_COORDINATES', '2025-09-09 14:01:31.590241+00', '2025-09-09 14:01:31.590241+00', 'Râu în județul Alba', 'Administrat de AJVPS ALBA'),
	('e7909f4c-3be7-4fe8-b289-7379d67348d0', 'Râul Asău', 'rau', 'BC', 'moldova', 46.51908770, 26.82383784, NULL, NULL, NULL, NULL, NULL, NULL, false, NULL, false, NULL, 'NEEDS_REAL_COORDINATES', '2025-09-09 14:01:31.590241+00', '2025-09-09 14:01:31.590241+00', 'Râu în județul Bacău', 'Administrat de AJVPS BACĂU'),
	('844e3297-5e72-4af9-976a-303b26a64b4a', 'Râul Avrigul Mare', 'rau', 'SB', 'transilvania', 45.74098277, 24.10037482, NULL, NULL, NULL, NULL, NULL, NULL, false, NULL, false, NULL, 'NEEDS_REAL_COORDINATES', '2025-09-09 14:01:31.590241+00', '2025-09-09 14:01:31.590241+00', 'Râu în județul Sibiu', 'Administrat de FLY FISHING CLUB SIBIU'),
	('022c9929-6caf-4bdd-929e-6fdefc864330', 'Râul Bahna', 'rau', 'BT', 'moldova', 47.65944216, 26.67769807, NULL, NULL, NULL, NULL, NULL, NULL, false, NULL, false, NULL, 'NEEDS_REAL_COORDINATES', '2025-09-09 14:01:31.590241+00', '2025-09-09 14:01:31.590241+00', 'Râu în județul Botoșani', 'Administrat de AJVPS BOTOȘANI'),
	('a1f35e88-8723-42b3-9dc5-2575a2b3790b', 'Râul Barcău', 'rau', 'BH', 'crisana', 46.97955847, 21.97363986, NULL, NULL, NULL, NULL, NULL, NULL, false, NULL, false, NULL, 'NEEDS_REAL_COORDINATES', '2025-09-09 14:01:31.590241+00', '2025-09-09 14:01:31.590241+00', 'Râu în județul Bihor', 'Administrat de AJVPS BIHOR'),
	('da40c5b1-5617-4228-a493-553e22f5c146', 'Râul Bașeu', 'rau', 'BT', 'moldova', 47.73312476, 26.59615361, NULL, NULL, NULL, NULL, NULL, NULL, false, NULL, false, NULL, 'NEEDS_REAL_COORDINATES', '2025-09-09 14:01:31.590241+00', '2025-09-09 14:01:31.590241+00', 'Râu în județul Botoșani', 'Administrat de AJVPS BOTOȘANI'),
	('70f59922-4d66-457c-9827-affcbb782538', 'Râul Berzasca', 'rau', 'CS', 'banat', 45.48707844, 22.28990737, NULL, NULL, NULL, NULL, NULL, NULL, false, NULL, false, NULL, 'NEEDS_REAL_COORDINATES', '2025-09-09 14:01:31.590241+00', '2025-09-09 14:01:31.590241+00', 'Râu în județul Caraș-Severin', 'Administrat de AP BANATUL'),
	('570e1804-a9fc-4fa6-8a77-793840d0f48e', 'Râul Bistricioara', 'rau', 'VL', 'oltenia', 45.17437676, 24.36693317, NULL, NULL, NULL, NULL, NULL, NULL, false, NULL, false, NULL, 'NEEDS_REAL_COORDINATES', '2025-09-09 14:01:31.590241+00', '2025-09-09 14:01:31.590241+00', 'Râu în județul Vâlcea', 'Administrat de AJVPS VÂLCEA'),
	('bd6e7ce7-2127-4008-86c0-161c470b8d15', 'Râul Bistrița', 'rau', 'BN', 'transilvania', 47.22344099, 24.39893422, NULL, NULL, NULL, NULL, NULL, NULL, false, NULL, false, NULL, 'NEEDS_REAL_COORDINATES', '2025-09-09 14:01:31.590241+00', '2025-09-09 14:01:31.590241+00', 'Râu în județul Bistrița-Năsăud', 'Administrat de AJVPS BISTRIŢA NĂSĂUD'),
	('aaa720db-27ae-453b-97af-7c03ba7806d7', 'Râul Bistrița', 'rau', 'GJ', 'oltenia', 45.01780873, 23.31938317, NULL, NULL, NULL, NULL, NULL, NULL, false, NULL, false, NULL, 'NEEDS_REAL_COORDINATES', '2025-09-09 14:01:31.590241+00', '2025-09-09 14:01:31.590241+00', 'Râu în județul Gorj', 'Administrat de AJVPS GORJ'),
	('0f679415-3ab4-4352-85f0-c0136079da5d', 'Râul Bistrița Aurie II', 'rau', 'SV', 'moldova', 47.69328218, 26.23862706, NULL, NULL, NULL, NULL, NULL, NULL, false, NULL, false, NULL, 'NEEDS_REAL_COORDINATES', '2025-09-09 14:01:31.590241+00', '2025-09-09 14:01:31.590241+00', 'Râu în județul Suceava', 'Administrat de APS AQUA CRISIUS'),
	('4e28af40-141b-4203-849f-b6767685c2b6', 'Râul Blahnița', 'rau', 'GJ', 'oltenia', 45.06379675, 23.33098934, NULL, NULL, NULL, NULL, NULL, NULL, false, NULL, false, NULL, 'NEEDS_REAL_COORDINATES', '2025-09-09 14:01:31.590241+00', '2025-09-09 14:01:31.590241+00', 'Râu în județul Gorj', 'Administrat de AJVPS GORJ'),
	('52862e5c-d886-455b-8740-de0871b0b005', 'Râul Boia', 'rau', 'VL', 'oltenia', 45.17689555, 24.47135182, NULL, NULL, NULL, NULL, NULL, NULL, false, NULL, false, NULL, 'NEEDS_REAL_COORDINATES', '2025-09-09 14:01:31.590241+00', '2025-09-09 14:01:31.590241+00', 'Râu în județul Vâlcea', 'Administrat de AJVPS VÂLCEA'),
	('a4b94c27-201b-4b0c-bf83-b852b8e69521', 'Râul Boia Mică', 'rau', 'VL', 'oltenia', 45.15708975, 24.42478178, NULL, NULL, NULL, NULL, NULL, NULL, false, NULL, false, NULL, 'NEEDS_REAL_COORDINATES', '2025-09-09 14:01:31.590241+00', '2025-09-09 14:01:31.590241+00', 'Râu în județul Vâlcea', 'Administrat de AJVPS VÂLCEA'),
	('a9bc8f26-b2ce-41c8-98a6-2ae12bbdee92', 'Râul Bordușelu', 'rau', 'BN', 'transilvania', 47.05866160, 24.46278514, NULL, NULL, NULL, NULL, NULL, NULL, false, NULL, false, NULL, 'NEEDS_REAL_COORDINATES', '2025-09-09 14:01:31.590241+00', '2025-09-09 14:01:31.590241+00', 'Râu în județul Bistrița-Năsăud', 'Administrat de AJVPS BISTRIŢA NĂSĂUD'),
	('f623109d-849e-4ff4-a88b-409e6393493b', 'Râul Bratia Inferior', 'rau', 'AG', 'muntenia', 44.83149018, 24.94336659, NULL, NULL, NULL, NULL, NULL, NULL, false, NULL, false, NULL, 'NEEDS_REAL_COORDINATES', '2025-09-09 14:01:31.590241+00', '2025-09-09 14:01:31.590241+00', 'Râu în județul Argeș', 'Administrat de AJVPS ARGEȘ'),
	('d0c64d97-6de7-4c20-a2bc-670deb2eeaa4', 'Râul Bucureasa', 'rau', 'VL', 'oltenia', 45.08848775, 24.41458209, NULL, NULL, NULL, NULL, NULL, NULL, false, NULL, false, NULL, 'NEEDS_REAL_COORDINATES', '2025-09-09 14:01:31.590241+00', '2025-09-09 14:01:31.590241+00', 'Râu în județul Vâlcea', 'Administrat de AJVPS VÂLCEA'),
	('175ef16f-a556-4b6e-af76-532b0bbcb1eb', 'Râul Budacul inferior', 'rau', 'BN', 'transilvania', 47.03720327, 24.52707367, NULL, NULL, NULL, NULL, NULL, NULL, false, NULL, false, NULL, 'NEEDS_REAL_COORDINATES', '2025-09-09 14:01:31.590241+00', '2025-09-09 14:01:31.590241+00', 'Râu în județul Bistrița-Năsăud', 'Administrat de AJVPS BISTRIŢA NĂSĂUD'),
	('2cddcf24-a015-48e5-b08d-0ccf4ed62444', 'Râul Budacul superior', 'rau', 'BN', 'transilvania', 47.05059200, 24.51775124, NULL, NULL, NULL, NULL, NULL, NULL, false, NULL, false, NULL, 'NEEDS_REAL_COORDINATES', '2025-09-09 14:01:31.590241+00', '2025-09-09 14:01:31.590241+00', 'Râu în județul Bistrița-Năsăud', 'Administrat de AJVPS BISTRIŢA NĂSĂUD'),
	('5920f9b5-c12f-4e6c-8c0f-e2b343318cee', 'Râul Bughea', 'rau', 'AG', 'muntenia', 45.00636054, 24.90007916, NULL, NULL, NULL, NULL, NULL, NULL, false, NULL, false, NULL, 'NEEDS_REAL_COORDINATES', '2025-09-09 14:01:31.590241+00', '2025-09-09 14:01:31.590241+00', 'Râu în județul Argeș', 'Administrat de APS AQUA CRISIUS'),
	('85f262f6-1476-4bc8-9214-494f18193aa6', 'Râul Buzău', 'rau', 'UNKNOWN', 'muntenia', 45.04484023, 24.99954109, NULL, NULL, NULL, NULL, NULL, NULL, false, NULL, false, NULL, 'NEEDS_REAL_COORDINATES', '2025-09-09 14:01:31.590241+00', '2025-09-09 14:01:31.590241+00', 'Râu în județul Brăila', 'Administrat de AJVPS Brăila'),
	('2456f43c-7717-45ee-972f-c0062257b95d', 'Râul Bârzava', 'rau', 'CS', 'banat', 45.44321272, 22.13258602, NULL, NULL, NULL, NULL, NULL, NULL, false, NULL, false, NULL, 'NEEDS_REAL_COORDINATES', '2025-09-09 14:01:31.590241+00', '2025-09-09 14:01:31.590241+00', 'Râu în județul Caraș-Severin', 'Administrat de AP BANATUL'),
	('13e369aa-1202-481a-9dbb-629f446a84a4', 'Râul Casinul inferior', 'rau', 'BC', 'moldova', 46.62047612, 26.82080427, NULL, NULL, NULL, NULL, NULL, NULL, false, NULL, false, NULL, 'NEEDS_REAL_COORDINATES', '2025-09-09 14:01:31.590241+00', '2025-09-09 14:01:31.590241+00', 'Râu în județul Bacău', 'Administrat de AJVPS BACĂU'),
	('45bea13a-92b5-4cf9-9a57-a49132098851', 'Râul Cerna', 'rau', 'VL', 'oltenia', 45.03802945, 24.39587669, NULL, NULL, NULL, NULL, NULL, NULL, false, NULL, false, NULL, 'NEEDS_REAL_COORDINATES', '2025-09-09 14:01:31.590241+00', '2025-09-09 14:01:31.590241+00', 'Râu în județul Vâlcea', 'Administrat de AJVPS VÂLCEA'),
	('03c74caa-bab2-47df-bed6-ddf4e2926828', 'Râul Cheia', 'rau', 'VL', 'oltenia', 45.07799153, 24.33954973, NULL, NULL, NULL, NULL, NULL, NULL, false, NULL, false, NULL, 'NEEDS_REAL_COORDINATES', '2025-09-09 14:01:31.590241+00', '2025-09-09 14:01:31.590241+00', 'Râu în județul Vâlcea', 'Administrat de AJVPS VÂLCEA'),
	('a2349bf0-9ba6-4338-9ea2-04a42830ccb7', 'Râul Cibinul Mare', 'rau', 'SB', 'transilvania', 45.72562945, 24.16846974, NULL, NULL, NULL, NULL, NULL, NULL, false, NULL, false, NULL, 'NEEDS_REAL_COORDINATES', '2025-09-09 14:01:31.590241+00', '2025-09-09 14:01:31.590241+00', 'Râu în județul Sibiu', 'Administrat de FLY FISHING CLUB SIBIU'),
	('bad08531-c823-4116-bb0e-eff332277e41', 'Râul Cibinul Mic', 'rau', 'SB', 'transilvania', 45.75395720, 24.11728556, NULL, NULL, NULL, NULL, NULL, NULL, false, NULL, false, NULL, 'NEEDS_REAL_COORDINATES', '2025-09-09 14:01:31.590241+00', '2025-09-09 14:01:31.590241+00', 'Râu în județul Sibiu', 'Administrat de FLY FISHING CLUB SIBIU'),
	('a34a64dd-b404-4ad6-a88a-c60be9b44576', 'Râul Ciobănuș', 'rau', 'BC', 'moldova', 46.66512189, 27.00253811, NULL, NULL, NULL, NULL, NULL, NULL, false, NULL, false, NULL, 'NEEDS_REAL_COORDINATES', '2025-09-09 14:01:31.590241+00', '2025-09-09 14:01:31.590241+00', 'Râu în județul Bacău', 'Administrat de AJVPS BACĂU'),
	('08a5b813-1f26-453b-8f61-9b2a91a5d666', 'Râul Colentina', 'rau', 'DB', 'muntenia', 44.88486103, 25.44912977, NULL, NULL, NULL, NULL, NULL, NULL, false, NULL, false, NULL, 'NEEDS_REAL_COORDINATES', '2025-09-09 14:01:31.590241+00', '2025-09-09 14:01:31.590241+00', 'Râu în județul Dâmbovița', 'Administrat de AJVPS DÂMBOVIȚA'),
	('20a8a909-5169-49ea-8a98-6b9d11850bba', 'Râul Colentina', 'rau', 'IF', 'muntenia', 44.52807474, 25.94003810, NULL, NULL, NULL, NULL, NULL, NULL, false, NULL, false, NULL, 'NEEDS_REAL_COORDINATES', '2025-09-09 14:01:31.590241+00', '2025-09-09 14:01:31.590241+00', 'Râu în județul Ilfov', 'Administrat de AVPS ACVILA'),
	('fc1de067-62b5-40ef-83b2-20680c88c8f0', 'Râul Corhana', 'rau', 'BH', 'crisana', 47.12667273, 21.93262213, NULL, NULL, NULL, NULL, NULL, NULL, false, NULL, false, NULL, 'NEEDS_REAL_COORDINATES', '2025-09-09 14:01:31.590241+00', '2025-09-09 14:01:31.590241+00', 'Râu în județul Bihor', 'Administrat de AJVPS BIHOR'),
	('f40bbdc2-b324-4d7e-901d-4a88f8277785', 'Râul Cormaia', 'rau', 'BN', 'transilvania', 47.22505546, 24.43086148, NULL, NULL, NULL, NULL, NULL, NULL, false, NULL, false, NULL, 'NEEDS_REAL_COORDINATES', '2025-09-09 14:01:31.590241+00', '2025-09-09 14:01:31.590241+00', 'Râu în județul Bistrița-Năsăud', 'Administrat de AJVPS BISTRIŢA NĂSĂUD'),
	('2c56755a-869e-4011-8269-77f3f176988e', 'Râul Cricov', 'rau', 'DB', 'muntenia', 44.97098589, 25.42042010, NULL, NULL, NULL, NULL, NULL, NULL, false, NULL, false, NULL, 'NEEDS_REAL_COORDINATES', '2025-09-09 14:01:31.590241+00', '2025-09-09 14:01:31.590241+00', 'Râu în județul Dâmbovița', 'Administrat de AJVPS DÂMBOVIȚA'),
	('a3f7ad44-20c9-4e6e-88c8-432b01db848e', 'Râul Cricovul Dulce', 'rau', 'PH', 'muntenia', 44.97275676, 25.93266547, NULL, NULL, NULL, NULL, NULL, NULL, false, NULL, false, NULL, 'NEEDS_REAL_COORDINATES', '2025-09-09 14:01:31.590241+00', '2025-09-09 14:01:31.590241+00', 'Râu în județul Prahova', 'Administrat de AJVPS PRAHOVA'),
	('9f9b0247-452b-4939-bd1c-3e5323e3f6e1', 'Râul Cricovul Sărat', 'rau', 'PH', 'muntenia', 45.05437873, 26.00483001, NULL, NULL, NULL, NULL, NULL, NULL, false, NULL, false, NULL, 'NEEDS_REAL_COORDINATES', '2025-09-09 14:01:31.590241+00', '2025-09-09 14:01:31.590241+00', 'Râu în județul Prahova', 'Administrat de AJVPS PRAHOVA'),
	('ef5c4b85-333c-4502-ab92-6d34e5f4fa29', 'Râul Crișul Alb', 'rau', 'AR', 'banat', 46.14880778, 21.21746051, NULL, NULL, NULL, NULL, NULL, NULL, false, NULL, false, NULL, 'NEEDS_REAL_COORDINATES', '2025-09-09 14:01:31.590241+00', '2025-09-09 14:01:31.590241+00', 'Râu în județul Arad', 'Administrat de AJVPS ARAD'),
	('405dd32c-5b5e-467d-85ba-346df871f4ba', 'Râul Crișul Băița', 'rau', 'BH', 'crisana', 47.11782669, 21.89699263, NULL, NULL, NULL, NULL, NULL, NULL, false, NULL, false, NULL, 'NEEDS_REAL_COORDINATES', '2025-09-09 14:01:31.590241+00', '2025-09-09 14:01:31.590241+00', 'Râu în județul Bihor', 'Administrat de AJVPS BIHOR'),
	('7a5ac564-7aee-47f2-b672-89d0002c1729', 'Râul Crișul Negru', 'rau', 'AR', 'banat', 46.25061024, 21.38005464, NULL, NULL, NULL, NULL, NULL, NULL, false, NULL, false, NULL, 'NEEDS_REAL_COORDINATES', '2025-09-09 14:01:31.590241+00', '2025-09-09 14:01:31.590241+00', 'Râu în județul Arad', 'Administrat de AJVPS ARAD'),
	('68582c5c-aa10-45e8-a0e6-7c4ed5cc4971', 'Râul Crișul Negru', 'rau', 'BH', 'crisana', 47.10527992, 21.92156362, NULL, NULL, NULL, NULL, NULL, NULL, false, NULL, false, NULL, 'NEEDS_REAL_COORDINATES', '2025-09-09 14:01:31.590241+00', '2025-09-09 14:01:31.590241+00', 'Râu în județul Bihor', 'Administrat de AJVPS BIHOR'),
	('920c2493-f20a-441f-9a73-6e725289f385', 'Râul Crișul Negru inferior', 'rau', 'BH', 'crisana', 47.08163862, 21.84973297, NULL, NULL, NULL, NULL, NULL, NULL, false, NULL, false, NULL, 'NEEDS_REAL_COORDINATES', '2025-09-09 14:01:31.590241+00', '2025-09-09 14:01:31.590241+00', 'Râu în județul Bihor', 'Administrat de AJVPS BIHOR'),
	('c0c6611f-34b8-49f6-b4ad-4954729048da', 'Râul Crișul Negru mijlociu', 'rau', 'BH', 'crisana', 46.98466982, 22.00701329, NULL, NULL, NULL, NULL, NULL, NULL, false, NULL, false, NULL, 'NEEDS_REAL_COORDINATES', '2025-09-09 14:01:31.590241+00', '2025-09-09 14:01:31.590241+00', 'Râu în județul Bihor', 'Administrat de AJVPS BIHOR'),
	('a90f5e07-a150-412e-8026-a8db463be69c', 'Valea Vadului', 'lac', 'CJ', 'transilvania', 46.83197471, 23.53299295, NULL, NULL, NULL, NULL, NULL, NULL, false, NULL, false, NULL, 'NEEDS_REAL_COORDINATES', '2025-09-09 14:01:31.590241+00', '2025-09-09 14:01:31.590241+00', 'Râu în județul Cluj', 'Administrat de D.S. Cluj'),
	('8e0cbcb7-ce58-4e46-9e7a-cf3ce8d73e17', 'Râul Crișul Repede', 'rau', 'BH', 'crisana', 47.09549306, 21.85424448, NULL, NULL, NULL, NULL, NULL, NULL, false, NULL, false, NULL, 'NEEDS_REAL_COORDINATES', '2025-09-09 14:01:31.590241+00', '2025-09-09 14:01:31.590241+00', 'Râu în județul Bihor', 'Administrat de AJVPS BIHOR'),
	('ca232237-8e95-4f6c-903c-66fc7281bc4d', 'Râul Crișul Repede inferior', 'rau', 'BH', 'crisana', 47.08942225, 21.90393944, NULL, NULL, NULL, NULL, NULL, NULL, false, NULL, false, NULL, 'NEEDS_REAL_COORDINATES', '2025-09-09 14:01:31.590241+00', '2025-09-09 14:01:31.590241+00', 'Râu în județul Bihor', 'Administrat de AJVPS BIHOR'),
	('e7b00696-7eae-440d-ac77-dbf837c4700d', 'Râul Crișul Repede Mijlociu', 'rau', 'BH', 'crisana', 46.99150621, 21.89828505, NULL, NULL, NULL, NULL, NULL, NULL, false, NULL, false, NULL, 'NEEDS_REAL_COORDINATES', '2025-09-09 14:01:31.590241+00', '2025-09-09 14:01:31.590241+00', 'Râu în județul Bihor', 'Administrat de AJVPS BIHOR'),
	('bc15f679-1da6-4959-b374-ab3ddb7f8e31', 'Râul Cugir', 'rau', 'AB', 'transilvania', 46.16824106, 23.66571587, NULL, NULL, NULL, NULL, NULL, NULL, false, NULL, false, NULL, 'NEEDS_REAL_COORDINATES', '2025-09-09 14:01:31.590241+00', '2025-09-09 14:01:31.590241+00', 'Râu în județul Alba', 'Administrat de AJVPS ALBA'),
	('7f266986-5a43-4fea-a616-42a806706850', 'Râul Călmățui', 'rau', 'UNKNOWN', 'muntenia', 44.94773689, 25.03379095, NULL, NULL, NULL, NULL, NULL, NULL, false, NULL, false, NULL, 'NEEDS_REAL_COORDINATES', '2025-09-09 14:01:31.590241+00', '2025-09-09 14:01:31.590241+00', 'Râu în județul Brăila', 'Administrat de AJVPS Brăila'),
	('491e772b-8edf-4663-9a2b-f19dc185304f', 'Râul Căpuș', 'rau', 'CJ', 'transilvania', 46.82360345, 23.60295594, NULL, NULL, NULL, NULL, NULL, NULL, false, NULL, false, NULL, 'NEEDS_REAL_COORDINATES', '2025-09-09 14:01:31.590241+00', '2025-09-09 14:01:31.590241+00', 'Râu în județul Cluj', 'Administrat de AJPS Cluj'),
	('9bb2e956-7145-4641-a135-f2b1afa570f8', 'Râul Doamnei inferior', 'rau', 'AG', 'muntenia', 44.93818090, 24.96564535, NULL, NULL, NULL, NULL, NULL, NULL, false, NULL, false, NULL, 'NEEDS_REAL_COORDINATES', '2025-09-09 14:01:31.590241+00', '2025-09-09 14:01:31.590241+00', 'Râu în județul Argeș', 'Administrat de AJVPS ARGEȘ'),
	('5d5ead27-6f1f-4310-8930-d79b094410aa', 'Râul Doamnei Superior', 'rau', 'AG', 'muntenia', 44.92320446, 24.83868593, NULL, NULL, NULL, NULL, NULL, NULL, false, NULL, false, NULL, 'NEEDS_REAL_COORDINATES', '2025-09-09 14:01:31.590241+00', '2025-09-09 14:01:31.590241+00', 'Râu în județul Argeș', 'Administrat de APS AQUA CRISIUS'),
	('6d840d59-84e0-4062-9fe6-db2c72176427', 'Râul Dobra', 'rau', 'SB', 'transilvania', 45.79436757, 24.17006393, NULL, NULL, NULL, NULL, NULL, NULL, false, NULL, false, NULL, 'NEEDS_REAL_COORDINATES', '2025-09-09 14:01:31.590241+00', '2025-09-09 14:01:31.590241+00', 'Râu în județul Sibiu', 'Administrat de FLY FISHING CLUB SIBIU'),
	('eed5ab3b-7f5a-45b9-af59-a91e60d4ec6e', 'Râul Dâmbovița', 'rau', 'DB', 'muntenia', 44.86185579, 25.41747311, NULL, NULL, NULL, NULL, NULL, NULL, false, NULL, false, NULL, 'NEEDS_REAL_COORDINATES', '2025-09-09 14:01:31.590241+00', '2025-09-09 14:01:31.590241+00', 'Râu în județul Dâmbovița', 'Administrat de AJVPS DÂMBOVIȚA'),
	('79af2b7e-d499-45b8-9067-e3ffde08c6cf', 'Râul Dâmbovița', 'rau', 'IF', 'muntenia', 44.41551400, 25.99036868, NULL, NULL, NULL, NULL, NULL, NULL, false, NULL, false, NULL, 'NEEDS_REAL_COORDINATES', '2025-09-09 14:01:31.590241+00', '2025-09-09 14:01:31.590241+00', 'Râu în județul Ilfov', 'Administrat de AVPS ACVILA'),
	('c5c474d1-2817-4f4b-b4a7-6340f31aaec2', 'Râul Dâmbovița mijlociu', 'rau', 'AG', 'muntenia', 44.92959486, 24.82566568, NULL, NULL, NULL, NULL, NULL, NULL, false, NULL, false, NULL, 'NEEDS_REAL_COORDINATES', '2025-09-09 14:01:31.590241+00', '2025-09-09 14:01:31.590241+00', 'Râu în județul Argeș', 'Administrat de AJVPS ARGEȘ'),
	('0f296c5d-2666-4193-b966-b46ebbb93b3c', 'Râul Dâmbovița Superioară', 'rau', 'AG', 'muntenia', 44.81858380, 24.87920554, NULL, NULL, NULL, NULL, NULL, NULL, false, NULL, false, NULL, 'NEEDS_REAL_COORDINATES', '2025-09-09 14:01:31.590241+00', '2025-09-09 14:01:31.590241+00', 'Râu în județul Argeș', 'Administrat de APS AQUA CRISIUS'),
	('67d3e4ea-a406-40c7-861c-45e2e03b1e3e', 'Râul Dârjov', 'rau', 'OT', 'oltenia', 44.21850891, 24.47417452, NULL, NULL, NULL, NULL, NULL, NULL, false, NULL, false, NULL, 'NEEDS_REAL_COORDINATES', '2025-09-09 14:01:31.590241+00', '2025-09-09 14:01:31.590241+00', 'Râu în județul Olt', 'Administrat de AJVPS OLT'),
	('dc907d10-5569-44f5-bf29-d1d6318f43b0', 'Râul Fizeș', 'rau', 'CJ', 'transilvania', 46.78619251, 23.51146071, NULL, NULL, NULL, NULL, NULL, NULL, false, NULL, false, NULL, 'NEEDS_REAL_COORDINATES', '2025-09-09 14:01:31.590241+00', '2025-09-09 14:01:31.590241+00', 'Râu în județul Cluj', 'Administrat de AJPS Cluj'),
	('a7a131ec-5a2c-4147-94ac-d4bc5a03d65e', 'Râul Geamăna', 'rau', 'BV', 'muntenia', 45.56911285, 25.68681207, NULL, NULL, NULL, NULL, NULL, NULL, false, NULL, false, NULL, 'NEEDS_REAL_COORDINATES', '2025-09-09 14:01:31.590241+00', '2025-09-09 14:01:31.590241+00', 'Râu în județul Brașov', 'Administrat de AJPS Brașov'),
	('7621f9d2-dd6a-4b13-a9e2-26457595ad59', 'Râul Geamărtălui', 'rau', 'OT', 'oltenia', 44.22549978, 24.52880628, NULL, NULL, NULL, NULL, NULL, NULL, false, NULL, false, NULL, 'NEEDS_REAL_COORDINATES', '2025-09-09 14:01:31.590241+00', '2025-09-09 14:01:31.590241+00', 'Râu în județul Olt', 'Administrat de AJVPS OLT'),
	('83e38dc1-592d-4606-987f-c3208d2d3679', 'Râul Geoagiu Superior', 'rau', 'AB', 'transilvania', 45.98649540, 23.52460953, NULL, NULL, NULL, NULL, NULL, NULL, false, NULL, false, NULL, 'NEEDS_REAL_COORDINATES', '2025-09-09 14:01:31.590241+00', '2025-09-09 14:01:31.590241+00', 'Râu în județul Alba', 'Administrat de APS AQUA CRISIUS'),
	('4833c546-3b9a-4d1b-8d4e-341754892cc6', 'Râul Gersa', 'rau', 'BN', 'transilvania', 47.07573285, 24.39873524, NULL, NULL, NULL, NULL, NULL, NULL, false, NULL, false, NULL, 'NEEDS_REAL_COORDINATES', '2025-09-09 14:01:31.590241+00', '2025-09-09 14:01:31.590241+00', 'Râu în județul Bistrița-Năsăud', 'Administrat de AJVPS BISTRIŢA NĂSĂUD'),
	('46bd4fad-d54c-4a5e-9385-2f8c6b9f67bc', 'Râul Gilort', 'rau', 'GJ', 'oltenia', 45.10727784, 23.30231801, NULL, NULL, NULL, NULL, NULL, NULL, false, NULL, false, NULL, 'NEEDS_REAL_COORDINATES', '2025-09-09 14:01:31.590241+00', '2025-09-09 14:01:31.590241+00', 'Râu în județul Gorj', 'Administrat de AJVPS GORJ'),
	('7fddab05-4df3-4000-bd39-3c50bf002c5a', 'Râul Govăjdia', 'rau', 'HD', 'muntenia', 45.73344268, 22.89422593, NULL, NULL, NULL, NULL, NULL, NULL, false, NULL, false, NULL, 'NEEDS_REAL_COORDINATES', '2025-09-09 14:01:31.590241+00', '2025-09-09 14:01:31.590241+00', 'Râu în județul Hunedoara', 'Administrat de Pro Pescar'),
	('34016c8d-8dcf-4a39-85d2-70d2134b56f4', 'Râul Grotului', 'rau', 'VL', 'oltenia', 45.10044647, 24.44192095, NULL, NULL, NULL, NULL, NULL, NULL, false, NULL, false, NULL, 'NEEDS_REAL_COORDINATES', '2025-09-09 14:01:31.590241+00', '2025-09-09 14:01:31.590241+00', 'Râu în județul Vâlcea', 'Administrat de AJVPS VÂLCEA'),
	('1a193ebd-575a-4c12-bdb0-4c29b6b98634', 'Râul Holod', 'rau', 'BH', 'crisana', 47.10986548, 21.83389954, NULL, NULL, NULL, NULL, NULL, NULL, false, NULL, false, NULL, 'NEEDS_REAL_COORDINATES', '2025-09-09 14:01:31.590241+00', '2025-09-09 14:01:31.590241+00', 'Râu în județul Bihor', 'Administrat de AJVPS BIHOR'),
	('035c1230-650e-42b8-80fd-0cf453cf87fb', 'Râul Ialomița', 'rau', 'DB', 'muntenia', 44.86503615, 25.39196905, NULL, NULL, NULL, NULL, NULL, NULL, false, NULL, false, NULL, 'NEEDS_REAL_COORDINATES', '2025-09-09 14:01:31.590241+00', '2025-09-09 14:01:31.590241+00', 'Râu în județul Dâmbovița', 'Administrat de AJVPS DÂMBOVIȚA'),
	('1a963c22-88a7-4fe3-ad0c-104729c5e129', 'Râul Ilfov', 'rau', 'DB', 'muntenia', 44.98192811, 25.40212755, NULL, NULL, NULL, NULL, NULL, NULL, false, NULL, false, NULL, 'NEEDS_REAL_COORDINATES', '2025-09-09 14:01:31.590241+00', '2025-09-09 14:01:31.590241+00', 'Râu în județul Dâmbovița', 'Administrat de AJVPS DÂMBOVIȚA'),
	('11558a57-edd9-4801-804b-924bb10c2692', 'Râul Jilț', 'rau', 'GJ', 'oltenia', 45.06992333, 23.33876551, NULL, NULL, NULL, NULL, NULL, NULL, false, NULL, false, NULL, 'NEEDS_REAL_COORDINATES', '2025-09-09 14:01:31.590241+00', '2025-09-09 14:01:31.590241+00', 'Râu în județul Gorj', 'Administrat de AJVPS GORJ'),
	('a3da0d34-ba6f-445f-a01d-4f7662e83a52', 'Râul Jiu', 'rau', 'GJ', 'oltenia', 45.00916281, 23.25859812, NULL, NULL, NULL, NULL, NULL, NULL, false, NULL, false, NULL, 'NEEDS_REAL_COORDINATES', '2025-09-09 14:01:31.590241+00', '2025-09-09 14:01:31.590241+00', 'Râu în județul Gorj', 'Administrat de A.CERBUL CARPATIN'),
	('5421d6e5-7fef-4b95-b805-ec588c235edd', 'Râul Jiul de est Inferior', 'rau', 'HD', 'muntenia', 45.73079616, 22.92616305, NULL, NULL, NULL, NULL, NULL, NULL, false, NULL, false, NULL, 'NEEDS_REAL_COORDINATES', '2025-09-09 14:01:31.590241+00', '2025-09-09 14:01:31.590241+00', 'Râu în județul Hunedoara', 'Administrat de Pro Pescar'),
	('1fec4330-5886-4f32-9fea-485f2dbcb822', 'Râul Jiul de vest mijlociu', 'rau', 'HD', 'muntenia', 45.84058927, 22.99389757, NULL, NULL, NULL, NULL, NULL, NULL, false, NULL, false, NULL, 'NEEDS_REAL_COORDINATES', '2025-09-09 14:01:31.590241+00', '2025-09-09 14:01:31.590241+00', 'Râu în județul Hunedoara', 'Administrat de Pro Pescar'),
	('f540d6bd-3eaa-498e-85f6-dc942e752803', 'Râul Jiul de vest – superior cu afluenții', 'rau', 'HD', 'muntenia', 45.76659524, 22.92906943, NULL, NULL, NULL, NULL, NULL, NULL, false, NULL, false, NULL, 'NEEDS_REAL_COORDINATES', '2025-09-09 14:01:31.590241+00', '2025-09-09 14:01:31.590241+00', 'Râu în județul Hunedoara', 'Administrat de Pro Pescar'),
	('19c3c09b-4976-47ae-ba62-8948c837325c', 'Râul Jiul Inferior', 'rau', 'HD', 'muntenia', 45.77530491, 22.93695062, NULL, NULL, NULL, NULL, NULL, NULL, false, NULL, false, NULL, 'NEEDS_REAL_COORDINATES', '2025-09-09 14:01:31.590241+00', '2025-09-09 14:01:31.590241+00', 'Râu în județul Hunedoara', 'Administrat de Pro Pescar'),
	('1da69b6d-fde6-4340-91a4-673182d8b5d5', 'Râul Lopatna', 'rau', 'PH', 'muntenia', 45.04362400, 25.94666997, NULL, NULL, NULL, NULL, NULL, NULL, false, NULL, false, NULL, 'NEEDS_REAL_COORDINATES', '2025-09-09 14:01:31.590241+00', '2025-09-09 14:01:31.590241+00', 'Râu în județul Prahova', 'Administrat de AJVPS PRAHOVA'),
	('a2959d0a-f669-4cf3-9e9f-e4c3cdb3dac5', 'Râul Lotrioara', 'rau', 'SB', 'transilvania', 45.88279333, 24.24862765, NULL, NULL, NULL, NULL, NULL, NULL, false, NULL, false, NULL, 'NEEDS_REAL_COORDINATES', '2025-09-09 14:01:31.590241+00', '2025-09-09 14:01:31.590241+00', 'Râu în județul Sibiu', 'Administrat de FLY FISHING CLUB SIBIU'),
	('ac6d70a0-1189-40ad-94b3-8a1afee47ab9', 'Râul Lotru mijlociu', 'rau', 'VL', 'oltenia', 45.17853614, 24.33893303, NULL, NULL, NULL, NULL, NULL, NULL, false, NULL, false, NULL, 'NEEDS_REAL_COORDINATES', '2025-09-09 14:01:31.590241+00', '2025-09-09 14:01:31.590241+00', 'Râu în județul Vâlcea', 'Administrat de AJVPS VÂLCEA'),
	('e77896ba-a9d3-47fa-9526-e2298a339326', 'Râul Lotrul Inferior', 'rau', 'VL', 'oltenia', 45.15990188, 24.46451541, NULL, NULL, NULL, NULL, NULL, NULL, false, NULL, false, NULL, 'NEEDS_REAL_COORDINATES', '2025-09-09 14:01:31.590241+00', '2025-09-09 14:01:31.590241+00', 'Râu în județul Vâlcea', 'Administrat de AJVPS VÂLCEA'),
	('d022617c-d648-4eb5-9fde-c4adea83fe78', 'Râul Luncavăț', 'rau', 'VL', 'oltenia', 45.14837855, 24.33671584, NULL, NULL, NULL, NULL, NULL, NULL, false, NULL, false, NULL, 'NEEDS_REAL_COORDINATES', '2025-09-09 14:01:31.590241+00', '2025-09-09 14:01:31.590241+00', 'Râu în județul Vâlcea', 'Administrat de AJVPS VÂLCEA'),
	('3986000c-339e-411c-ab13-fec346bd3448', 'Râul Malaia', 'rau', 'VL', 'oltenia', 45.19616377, 24.32312758, NULL, NULL, NULL, NULL, NULL, NULL, false, NULL, false, NULL, 'NEEDS_REAL_COORDINATES', '2025-09-09 14:01:31.590241+00', '2025-09-09 14:01:31.590241+00', 'Râu în județul Vâlcea', 'Administrat de AJVPS VÂLCEA'),
	('0264872a-f693-4dfa-9ad2-743e056aced1', 'Râul Mare inferior II', 'rau', 'HD', 'muntenia', 45.81931714, 22.89556299, NULL, NULL, NULL, NULL, NULL, NULL, false, NULL, false, NULL, 'NEEDS_REAL_COORDINATES', '2025-09-09 14:01:31.590241+00', '2025-09-09 14:01:31.590241+00', 'Râu în județul Hunedoara', 'Administrat de Pro Pescar'),
	('746b6b72-2381-4d27-85aa-08de0ba4cb14', 'Râul Molnița', 'rau', 'BT', 'moldova', 47.79935862, 26.76574970, NULL, NULL, NULL, NULL, NULL, NULL, false, NULL, false, NULL, 'NEEDS_REAL_COORDINATES', '2025-09-09 14:01:31.590241+00', '2025-09-09 14:01:31.590241+00', 'Râu în județul Botoșani', 'Administrat de AJVPS BOTOȘANI'),
	('36b500a1-d9f2-4fb4-aae3-c4f6dfa815f9', 'Râul Mureș', 'rau', 'AB', 'transilvania', 46.01441912, 23.48931211, NULL, NULL, NULL, NULL, NULL, NULL, false, NULL, false, NULL, 'NEEDS_REAL_COORDINATES', '2025-09-09 14:01:31.590241+00', '2025-09-09 14:01:31.590241+00', 'Râu în județul Alba', 'Administrat de AJVPS ALBA'),
	('d34f6990-d29d-4217-a6dd-b777bd15d981', 'Râul Mureș', 'rau', 'AR', 'banat', 46.25740791, 21.37890844, NULL, NULL, NULL, NULL, NULL, NULL, false, NULL, false, NULL, 'NEEDS_REAL_COORDINATES', '2025-09-09 14:01:31.590241+00', '2025-09-09 14:01:31.590241+00', 'Râu în județul Arad', 'Administrat de AJVPS ARAD'),
	('af710cb1-0c40-4bdd-bb96-4c45ce607c9e', 'Râul Măgura Cisnădiei', 'rau', 'SB', 'transilvania', 45.74521744, 24.09901517, NULL, NULL, NULL, NULL, NULL, NULL, false, NULL, false, NULL, 'NEEDS_REAL_COORDINATES', '2025-09-09 14:01:31.590241+00', '2025-09-09 14:01:31.590241+00', 'Râu în județul Sibiu', 'Administrat de FLY FISHING CLUB SIBIU'),
	('8a91aefa-601e-40f6-b236-79d5301f2dd3', 'Râul Măieruș', 'rau', 'BV', 'muntenia', 45.55824141, 25.52357059, NULL, NULL, NULL, NULL, NULL, NULL, false, NULL, false, NULL, 'NEEDS_REAL_COORDINATES', '2025-09-09 14:01:31.590241+00', '2025-09-09 14:01:31.590241+00', 'Râu în județul Brașov', 'Administrat de AJPS Brașov'),
	('b065f3de-137e-462e-9b4d-663337cd3cee', 'Râul Nadăș', 'rau', 'CJ', 'transilvania', 46.75855537, 23.53782551, NULL, NULL, NULL, NULL, NULL, NULL, false, NULL, false, NULL, 'NEEDS_REAL_COORDINATES', '2025-09-09 14:01:31.590241+00', '2025-09-09 14:01:31.590241+00', 'Râu în județul Cluj', 'Administrat de AJPS Cluj'),
	('a3b071e1-b72e-4036-8234-ffda7ae60c9c', 'Râul Neajlov', 'rau', 'DB', 'muntenia', 44.95749497, 25.43889869, NULL, NULL, NULL, NULL, NULL, NULL, false, NULL, false, NULL, 'NEEDS_REAL_COORDINATES', '2025-09-09 14:01:31.590241+00', '2025-09-09 14:01:31.590241+00', 'Râu în județul Dâmbovița', 'Administrat de AJVPS DÂMBOVIȚA'),
	('27c8466d-2569-4682-a639-169fc0ee9e42', 'Râul Ocoliș', 'rau', 'AB', 'transilvania', 46.00139615, 23.59232551, NULL, NULL, NULL, NULL, NULL, NULL, false, NULL, false, NULL, 'NEEDS_REAL_COORDINATES', '2025-09-09 14:01:31.590241+00', '2025-09-09 14:01:31.590241+00', 'Râu în județul Alba', 'Administrat de AJVPS ALBA'),
	('76512f14-30c1-4aee-957e-74fa5a73a306', 'Râul Oituzul Moldovenesc', 'rau', 'BC', 'moldova', 46.50266419, 26.83696354, NULL, NULL, NULL, NULL, NULL, NULL, false, NULL, false, NULL, 'NEEDS_REAL_COORDINATES', '2025-09-09 14:01:31.590241+00', '2025-09-09 14:01:31.590241+00', 'Râu în județul Bacău', 'Administrat de AJVPS BACĂU'),
	('f70937cc-226b-41b0-9eee-018556244ccf', 'Râul Olt', 'rau', 'OT', 'oltenia', 44.31071163, 24.55423172, NULL, NULL, NULL, NULL, NULL, NULL, false, NULL, false, NULL, 'NEEDS_REAL_COORDINATES', '2025-09-09 14:01:31.590241+00', '2025-09-09 14:01:31.590241+00', 'Râu în județul Olt', 'Administrat de AJVPS OLT'),
	('914d6aa3-a63b-493f-a2ee-28783600714e', 'Râul Olt', 'rau', 'VL', 'oltenia', 45.16037043, 24.45215218, NULL, NULL, NULL, NULL, NULL, NULL, false, NULL, false, NULL, 'NEEDS_REAL_COORDINATES', '2025-09-09 14:01:31.590241+00', '2025-09-09 14:01:31.590241+00', 'Râu în județul Vâlcea', 'Administrat de AJVPS VÂLCEA'),
	('3c82a430-f9f7-473a-8888-84b44878c384', 'Râul Olt', 'rau', 'BV', 'muntenia', 45.57357974, 25.58623804, NULL, NULL, NULL, NULL, NULL, NULL, false, NULL, false, NULL, 'NEEDS_REAL_COORDINATES', '2025-09-09 14:01:31.590241+00', '2025-09-09 14:01:31.590241+00', 'Râu în județul Brașov', 'Administrat de AJPS Brașov'),
	('68cab189-3e29-4ad7-a473-f74e288d89ee', 'Râul Olt și afluenții săi', 'rau', 'BV', 'muntenia', 45.55266185, 25.65777156, NULL, NULL, NULL, NULL, NULL, NULL, false, NULL, false, NULL, 'NEEDS_REAL_COORDINATES', '2025-09-09 14:01:31.590241+00', '2025-09-09 14:01:31.590241+00', 'Râu în județul Brașov', 'Administrat de AVPS RUPEA'),
	('5f3e20d6-4dd3-4709-abb7-348f14b01242', 'Râul Olteț', 'rau', 'OT', 'oltenia', 44.25473773, 24.50947419, NULL, NULL, NULL, NULL, NULL, NULL, false, NULL, false, NULL, 'NEEDS_REAL_COORDINATES', '2025-09-09 14:01:31.590241+00', '2025-09-09 14:01:31.590241+00', 'Râu în județul Olt', 'Administrat de AJVPS OLT'),
	('61e408f7-8de3-4bd3-9baf-ce0fe119d53a', 'Râul Olteț', 'rau', 'VL', 'oltenia', 45.14520314, 24.31343444, NULL, NULL, NULL, NULL, NULL, NULL, false, NULL, false, NULL, 'NEEDS_REAL_COORDINATES', '2025-09-09 14:01:31.590241+00', '2025-09-09 14:01:31.590241+00', 'Râu în județul Vâlcea', 'Administrat de AJVPS VÂLCEA'),
	('01c053ab-067c-4c15-9b2a-36ec91672608', 'Râul Olănești', 'rau', 'VL', 'oltenia', 45.18299626, 24.45449535, NULL, NULL, NULL, NULL, NULL, NULL, false, NULL, false, NULL, 'NEEDS_REAL_COORDINATES', '2025-09-09 14:01:31.590241+00', '2025-09-09 14:01:31.590241+00', 'Râu în județul Vâlcea', 'Administrat de AJVPS VÂLCEA'),
	('452a0179-875d-4aba-8d4f-12991dd7ed60', 'Râul Orlea', 'rau', 'GJ', 'oltenia', 44.99200181, 23.23944975, NULL, NULL, NULL, NULL, NULL, NULL, false, NULL, false, NULL, 'NEEDS_REAL_COORDINATES', '2025-09-09 14:01:31.590241+00', '2025-09-09 14:01:31.590241+00', 'Râu în județul Gorj', 'Administrat de AJVPS GORJ'),
	('5cd50342-70e4-4140-9f28-a82822a743e4', 'Râul Plescioara', 'rau', 'VL', 'oltenia', 45.01582254, 24.40689234, NULL, NULL, NULL, NULL, NULL, NULL, false, NULL, false, NULL, 'NEEDS_REAL_COORDINATES', '2025-09-09 14:01:31.590241+00', '2025-09-09 14:01:31.590241+00', 'Râu în județul Vâlcea', 'Administrat de AJVPS VÂLCEA'),
	('6a73a6b8-c856-452d-870e-eb93753a55a5', 'Râul Pleșu', 'rau', 'BT', 'moldova', 47.83801107, 26.66131205, NULL, NULL, NULL, NULL, NULL, NULL, false, NULL, false, NULL, 'NEEDS_REAL_COORDINATES', '2025-09-09 14:01:31.590241+00', '2025-09-09 14:01:31.590241+00', 'Râu în județul Botoșani', 'Administrat de AJVPS BOTOȘANI'),
	('91d031c5-192a-48a9-b5aa-c9052e6d9e04', 'Râul Potop', 'rau', 'DB', 'muntenia', 44.84673389, 25.38640367, NULL, NULL, NULL, NULL, NULL, NULL, false, NULL, false, NULL, 'NEEDS_REAL_COORDINATES', '2025-09-09 14:01:31.590241+00', '2025-09-09 14:01:31.590241+00', 'Râu în județul Dâmbovița', 'Administrat de AJVPS DÂMBOVIȚA'),
	('b1003205-5ed2-4d65-8646-5c27694f06c3', 'Râul Poșaga', 'rau', 'AB', 'transilvania', 46.02358230, 23.58549302, NULL, NULL, NULL, NULL, NULL, NULL, false, NULL, false, NULL, 'NEEDS_REAL_COORDINATES', '2025-09-09 14:01:31.590241+00', '2025-09-09 14:01:31.590241+00', 'Râu în județul Alba', 'Administrat de AJVPS ALBA'),
	('3aac0157-be7d-4ed8-be9a-76aa73839bae', 'Râul Prahova inferioară', 'rau', 'PH', 'muntenia', 45.02797779, 25.97554304, NULL, NULL, NULL, NULL, NULL, NULL, false, NULL, false, NULL, 'NEEDS_REAL_COORDINATES', '2025-09-09 14:01:31.590241+00', '2025-09-09 14:01:31.590241+00', 'Râu în județul Prahova', 'Administrat de AJVPS PRAHOVA'),
	('7495c31a-83cf-49b6-82da-cbb14d8e7388', 'Râul Prahova mijlocie', 'rau', 'PH', 'muntenia', 45.06117496, 26.04342891, NULL, NULL, NULL, NULL, NULL, NULL, false, NULL, false, NULL, 'NEEDS_REAL_COORDINATES', '2025-09-09 14:01:31.590241+00', '2025-09-09 14:01:31.590241+00', 'Râu în județul Prahova', 'Administrat de AVPS Câmpina'),
	('06ff19a2-2172-4b17-9296-62d00b5500a0', 'Râul Prahova superioară', 'rau', 'PH', 'muntenia', 44.92826115, 25.99651631, NULL, NULL, NULL, NULL, NULL, NULL, false, NULL, false, NULL, 'NEEDS_REAL_COORDINATES', '2025-09-09 14:01:31.590241+00', '2025-09-09 14:01:31.590241+00', 'Râu în județul Prahova', 'Administrat de AVPS Câmpina'),
	('e7def7d7-6b13-41f2-9bd5-7c96f6597f85', 'Râul Repedea', 'rau', 'VL', 'oltenia', 45.19784535, 24.35304206, NULL, NULL, NULL, NULL, NULL, NULL, false, NULL, false, NULL, 'NEEDS_REAL_COORDINATES', '2025-09-09 14:01:31.590241+00', '2025-09-09 14:01:31.590241+00', 'Râu în județul Vâlcea', 'Administrat de AJVPS VÂLCEA'),
	('618d2fa1-fb21-4c37-9d5e-f08a8e942369', 'Râul Rudăreasa', 'rau', 'VL', 'oltenia', 45.14468144, 24.47033519, NULL, NULL, NULL, NULL, NULL, NULL, false, NULL, false, NULL, 'NEEDS_REAL_COORDINATES', '2025-09-09 14:01:31.590241+00', '2025-09-09 14:01:31.590241+00', 'Râu în județul Vâlcea', 'Administrat de AJVPS VÂLCEA'),
	('a18d3d04-46b3-4b14-accf-6689e23d3476', 'Râul Rudărie', 'rau', 'CS', 'banat', 45.35640577, 22.30764223, NULL, NULL, NULL, NULL, NULL, NULL, false, NULL, false, NULL, 'NEEDS_REAL_COORDINATES', '2025-09-09 14:01:31.590241+00', '2025-09-09 14:01:31.590241+00', 'Râu în județul Caraș-Severin', 'Administrat de AP BANATUL'),
	('ba9a8eaa-9d81-4f19-8e93-6449ef480088', 'Râul Râmești', 'rau', 'VL', 'oltenia', 45.06404961, 24.45708782, NULL, NULL, NULL, NULL, NULL, NULL, false, NULL, false, NULL, 'NEEDS_REAL_COORDINATES', '2025-09-09 14:01:31.590241+00', '2025-09-09 14:01:31.590241+00', 'Râu în județul Vâlcea', 'Administrat de AJVPS VÂLCEA'),
	('ae5d855c-b8e7-4f11-8345-7171099bc923', 'Râul Sabar', 'rau', 'DB', 'muntenia', 44.96170102, 25.50159602, NULL, NULL, NULL, NULL, NULL, NULL, false, NULL, false, NULL, 'NEEDS_REAL_COORDINATES', '2025-09-09 14:01:31.590241+00', '2025-09-09 14:01:31.590241+00', 'Râu în județul Dâmbovița', 'Administrat de AJVPS DÂMBOVIȚA'),
	('b283b9b9-e2c2-47b7-8cfb-84b30dd06af1', 'Râul Sadu Inferior', 'rau', 'SB', 'transilvania', 45.82365008, 24.13201408, NULL, NULL, NULL, NULL, NULL, NULL, false, NULL, false, NULL, 'NEEDS_REAL_COORDINATES', '2025-09-09 14:01:31.590241+00', '2025-09-09 14:01:31.590241+00', 'Râu în județul Sibiu', 'Administrat de FLY FISHING CLUB SIBIU'),
	('ad6ac85a-30e7-4a63-8db0-371ce6efbedc', 'Râul Sașa', 'rau', 'VL', 'oltenia', 45.03733369, 24.40113592, NULL, NULL, NULL, NULL, NULL, NULL, false, NULL, false, NULL, 'NEEDS_REAL_COORDINATES', '2025-09-09 14:01:31.590241+00', '2025-09-09 14:01:31.590241+00', 'Râu în județul Vâlcea', 'Administrat de AJVPS VÂLCEA'),
	('4724977a-1062-4b5a-98e4-acaa760d1f20', 'Râul Sebeș', 'rau', 'AB', 'transilvania', 46.16162726, 23.58247231, NULL, NULL, NULL, NULL, NULL, NULL, false, NULL, false, NULL, 'NEEDS_REAL_COORDINATES', '2025-09-09 14:01:31.590241+00', '2025-09-09 14:01:31.590241+00', 'Râu în județul Alba', 'Administrat de AJVPS ALBA'),
	('8a8be567-a30e-4ef1-99b5-9846e12a4eb4', 'Râul Sebeșul de Jos', 'rau', 'SB', 'transilvania', 45.74359429, 24.20303118, NULL, NULL, NULL, NULL, NULL, NULL, false, NULL, false, NULL, 'NEEDS_REAL_COORDINATES', '2025-09-09 14:01:31.590241+00', '2025-09-09 14:01:31.590241+00', 'Râu în județul Sibiu', 'Administrat de FLY FISHING CLUB SIBIU'),
	('ccc8cedb-69a3-4260-a817-680f797dfe28', 'Râul Sebeșul de Sus', 'rau', 'SB', 'transilvania', 45.85371454, 24.24755128, NULL, NULL, NULL, NULL, NULL, NULL, false, NULL, false, NULL, 'NEEDS_REAL_COORDINATES', '2025-09-09 14:01:31.590241+00', '2025-09-09 14:01:31.590241+00', 'Râu în județul Sibiu', 'Administrat de FLY FISHING CLUB SIBIU'),
	('7a72cfe5-efbe-465b-b8f6-070abe636610', 'Râul Secaș', 'rau', 'AB', 'transilvania', 45.99101578, 23.54022188, NULL, NULL, NULL, NULL, NULL, NULL, false, NULL, false, NULL, 'NEEDS_REAL_COORDINATES', '2025-09-09 14:01:31.590241+00', '2025-09-09 14:01:31.590241+00', 'Râu în județul Alba', 'Administrat de AJVPS ALBA'),
	('e8117d36-4778-40cf-8a3e-24b4af4ea264', 'Râul Siret', 'rau', 'BT', 'moldova', 47.74841330, 26.65796671, NULL, NULL, NULL, NULL, NULL, NULL, false, NULL, false, NULL, 'NEEDS_REAL_COORDINATES', '2025-09-09 14:01:31.590241+00', '2025-09-09 14:01:31.590241+00', 'Râu în județul Botoșani', 'Administrat de AJVPS BOTOȘANI'),
	('49de567c-829d-4fd3-82bf-9d58cfbfab89', 'Râul Siret', 'rau', 'UNKNOWN', 'muntenia', 44.91634541, 24.96610188, NULL, NULL, NULL, NULL, NULL, NULL, false, NULL, false, NULL, 'NEEDS_REAL_COORDINATES', '2025-09-09 14:01:31.590241+00', '2025-09-09 14:01:31.590241+00', 'Râu în județul Brăila', 'Administrat de AJVPS Brăila'),
	('c6eeca83-b60d-4ad5-bc32-175560190743', 'Râul Slănic Moldova', 'rau', 'BC', 'moldova', 46.66702384, 26.95530216, NULL, NULL, NULL, NULL, NULL, NULL, false, NULL, false, NULL, 'NEEDS_REAL_COORDINATES', '2025-09-09 14:01:31.590241+00', '2025-09-09 14:01:31.590241+00', 'Râu în județul Bacău', 'Administrat de AJVPS BACĂU'),
	('92bd0442-1d7d-4585-925a-22dbb5019607', 'Râul Sohodol I', 'rau', 'GJ', 'oltenia', 44.97134636, 23.25147327, NULL, NULL, NULL, NULL, NULL, NULL, false, NULL, false, NULL, 'NEEDS_REAL_COORDINATES', '2025-09-09 14:01:31.590241+00', '2025-09-09 14:01:31.590241+00', 'Râu în județul Gorj', 'Administrat de A.CERBUL CARPATIN'),
	('75db5649-c2a1-452e-b7e7-d2e5dec7c4bf', 'Râul Sohodol II', 'rau', 'GJ', 'oltenia', 45.04428196, 23.35287854, NULL, NULL, NULL, NULL, NULL, NULL, false, NULL, false, NULL, 'NEEDS_REAL_COORDINATES', '2025-09-09 14:01:31.590241+00', '2025-09-09 14:01:31.590241+00', 'Râu în județul Gorj', 'Administrat de AJVPS GORJ'),
	('6d465082-62d7-4755-a805-b561c632cfcb', 'Râul Someș', 'rau', 'CJ', 'transilvania', 46.67832062, 23.64738977, NULL, NULL, NULL, NULL, NULL, NULL, false, NULL, false, NULL, 'NEEDS_REAL_COORDINATES', '2025-09-09 14:01:31.590241+00', '2025-09-09 14:01:31.590241+00', 'Râu în județul Cluj', 'Administrat de AJVPS CLUJ'),
	('d32098a5-03eb-4996-9c04-c58f527159f3', 'Râul Someșul Mare', 'rau', 'CJ', 'transilvania', 46.75004547, 23.69655040, NULL, NULL, NULL, NULL, NULL, NULL, false, NULL, false, NULL, 'NEEDS_REAL_COORDINATES', '2025-09-09 14:01:31.590241+00', '2025-09-09 14:01:31.590241+00', 'Râu în județul Cluj', 'Administrat de AJVPS CLUJ'),
	('cb27884f-a1f5-4d0f-812f-49773a6f5618', 'Râul Someșul Mare inferior', 'rau', 'BN', 'transilvania', 47.11600560, 24.56264325, NULL, NULL, NULL, NULL, NULL, NULL, false, NULL, false, NULL, 'NEEDS_REAL_COORDINATES', '2025-09-09 14:01:31.590241+00', '2025-09-09 14:01:31.590241+00', 'Râu în județul Bistrița-Năsăud', 'Administrat de AJVPS BISTRIŢA NĂSĂUD'),
	('bb9ad7d4-57e5-4c13-80ef-da466e513182', 'Râul Someșul Mic', 'rau', 'CJ', 'transilvania', 46.68063474, 23.66570746, NULL, NULL, NULL, NULL, NULL, NULL, false, NULL, false, NULL, 'NEEDS_REAL_COORDINATES', '2025-09-09 14:01:31.590241+00', '2025-09-09 14:01:31.590241+00', 'Râu în județul Cluj', 'Administrat de AJVPS CLUJ'),
	('bbef71f9-eff9-4ff2-a03b-351f64f106af', 'Râul Someșul Mic', 'rau', 'CJ', 'transilvania', 46.73747327, 23.67102814, NULL, NULL, NULL, NULL, NULL, NULL, false, NULL, false, NULL, 'NEEDS_REAL_COORDINATES', '2025-09-09 14:01:31.590241+00', '2025-09-09 14:01:31.590241+00', 'Râu în județul Cluj', 'Administrat de AJPS Cluj'),
	('7df3b3f4-0d7a-4544-bd70-e48e3b5f4249', 'Râul Streiul montan inferior', 'rau', 'HD', 'muntenia', 45.77793514, 22.94638037, NULL, NULL, NULL, NULL, NULL, NULL, false, NULL, false, NULL, 'NEEDS_REAL_COORDINATES', '2025-09-09 14:01:31.590241+00', '2025-09-09 14:01:31.590241+00', 'Râu în județul Hunedoara', 'Administrat de Pro Pescar'),
	('b45864d3-11b3-4b6a-84e7-22ad2c8869b5', 'Râul Strâmba', 'rau', 'BV', 'muntenia', 45.74354140, 25.65217580, NULL, NULL, NULL, NULL, NULL, NULL, false, NULL, false, NULL, 'NEEDS_REAL_COORDINATES', '2025-09-09 14:01:31.590241+00', '2025-09-09 14:01:31.590241+00', 'Râu în județul Brașov', 'Administrat de AJPS Brașov'),
	('0d292093-e481-4bcf-8df3-b843833176ec', 'Râul Sulta', 'rau', 'BC', 'moldova', 46.61427293, 26.89557721, NULL, NULL, NULL, NULL, NULL, NULL, false, NULL, false, NULL, 'NEEDS_REAL_COORDINATES', '2025-09-09 14:01:31.590241+00', '2025-09-09 14:01:31.590241+00', 'Râu în județul Bacău', 'Administrat de AJVPS BACĂU'),
	('b21baee3-5f28-42c0-af23-09cddf3942fe', 'Râul Săliște', 'rau', 'SB', 'transilvania', 45.86808433, 24.12356157, NULL, NULL, NULL, NULL, NULL, NULL, false, NULL, false, NULL, 'NEEDS_REAL_COORDINATES', '2025-09-09 14:01:31.590241+00', '2025-09-09 14:01:31.590241+00', 'Râu în județul Sibiu', 'Administrat de FLY FISHING CLUB SIBIU'),
	('8973f129-831e-440b-a7c9-05ec87b07bda', 'Râul Sălăuța Inferioară', 'rau', 'BN', 'transilvania', 47.17161118, 24.42647602, NULL, NULL, NULL, NULL, NULL, NULL, false, NULL, false, NULL, 'NEEDS_REAL_COORDINATES', '2025-09-09 14:01:31.590241+00', '2025-09-09 14:01:31.590241+00', 'Râu în județul Bistrița-Năsăud', 'Administrat de AJVPS BISTRIŢA NĂSĂUD'),
	('93994561-2293-4c96-a390-33ce1901472b', 'Râul Tazlău', 'rau', 'BC', 'moldova', 46.59957017, 26.96236137, NULL, NULL, NULL, NULL, NULL, NULL, false, NULL, false, NULL, 'NEEDS_REAL_COORDINATES', '2025-09-09 14:01:31.590241+00', '2025-09-09 14:01:31.590241+00', 'Râu în județul Bacău', 'Administrat de AJVPS BACĂU'),
	('dd2d08ef-1c13-4825-8fd5-dc1ad2d9edf6', 'Râul Tazlăul Sărat', 'rau', 'BC', 'moldova', 46.63620654, 26.95758486, NULL, NULL, NULL, NULL, NULL, NULL, false, NULL, false, NULL, 'NEEDS_REAL_COORDINATES', '2025-09-09 14:01:31.590241+00', '2025-09-09 14:01:31.590241+00', 'Râu în județul Bacău', 'Administrat de AJVPS BACĂU'),
	('14918dfb-df35-4073-aed5-38a04cb521e9', 'Râul Teleajen inferior', 'rau', 'PH', 'muntenia', 44.94575591, 26.01546864, NULL, NULL, NULL, NULL, NULL, NULL, false, NULL, false, NULL, 'NEEDS_REAL_COORDINATES', '2025-09-09 14:01:31.590241+00', '2025-09-09 14:01:31.590241+00', 'Râu în județul Prahova', 'Administrat de AJVPS PRAHOVA'),
	('ac67f168-0a15-4a62-8ed2-e6334269017e', 'Râul Teleajen inferior - Bucov', 'rau', 'PH', 'muntenia', 45.04777148, 25.95135059, NULL, NULL, NULL, NULL, NULL, NULL, false, NULL, false, NULL, 'NEEDS_REAL_COORDINATES', '2025-09-09 14:01:31.590241+00', '2025-09-09 14:01:31.590241+00', 'Râu în județul Prahova', 'Administrat de AJVPS PRAHOVA'),
	('bebd4bb2-0485-4c75-8a77-f667f2baf2ca', 'Râul Teleajen superior', 'rau', 'PH', 'muntenia', 45.06384424, 26.09410961, NULL, NULL, NULL, NULL, NULL, NULL, false, NULL, false, NULL, 'NEEDS_REAL_COORDINATES', '2025-09-09 14:01:31.590241+00', '2025-09-09 14:01:31.590241+00', 'Râu în județul Prahova', 'Administrat de AJVPS PRAHOVA'),
	('d7a47113-67cf-49fe-b50a-0df9d81fc8ae', 'Râul Teleajenul inferior', 'rau', 'PH', 'muntenia', 45.04398406, 25.95295184, NULL, NULL, NULL, NULL, NULL, NULL, false, NULL, false, NULL, 'NEEDS_REAL_COORDINATES', '2025-09-09 14:01:31.590241+00', '2025-09-09 14:01:31.590241+00', 'Râu în județul Prahova', 'Administrat de AJVPS PRAHOVA'),
	('eb66a704-1ed1-4b06-908b-69fef033da17', 'Râul Tismana', 'rau', 'GJ', 'oltenia', 44.99448399, 23.18499597, NULL, NULL, NULL, NULL, NULL, NULL, false, NULL, false, NULL, 'NEEDS_REAL_COORDINATES', '2025-09-09 14:01:31.590241+00', '2025-09-09 14:01:31.590241+00', 'Râu în județul Gorj', 'Administrat de AJVPS GORJ'),
	('9e8bd28f-59ac-426d-b8ea-107937bcb325', 'Râul Topolog', 'rau', 'VL', 'oltenia', 45.11024331, 24.41465027, NULL, NULL, NULL, NULL, NULL, NULL, false, NULL, false, NULL, 'NEEDS_REAL_COORDINATES', '2025-09-09 14:01:31.590241+00', '2025-09-09 14:01:31.590241+00', 'Râu în județul Vâlcea', 'Administrat de AJVPS VÂLCEA'),
	('d3722d22-14a3-4c8c-a0a1-1e66d19c30f7', 'Râul Trotuș', 'rau', 'BC', 'moldova', 46.60388294, 26.84543228, NULL, NULL, NULL, NULL, NULL, NULL, false, NULL, false, NULL, 'NEEDS_REAL_COORDINATES', '2025-09-09 14:01:31.590241+00', '2025-09-09 14:01:31.590241+00', 'Râu în județul Bacău', 'Administrat de AJVPS BACĂU'),
	('9c4d7d89-55c2-4538-9dd6-bcc78e81630f', 'Râul Târgului inferior', 'rau', 'AG', 'muntenia', 44.91287197, 24.87878167, NULL, NULL, NULL, NULL, NULL, NULL, false, NULL, false, NULL, 'NEEDS_REAL_COORDINATES', '2025-09-09 14:01:31.590241+00', '2025-09-09 14:01:31.590241+00', 'Râu în județul Argeș', 'Administrat de AJVPS ARGEȘ'),
	('735faab4-371c-42d4-8683-128edb3e70f4', 'Râul Târgului mijlociu', 'rau', 'AG', 'muntenia', 44.93769543, 24.97526905, NULL, NULL, NULL, NULL, NULL, NULL, false, NULL, false, NULL, 'NEEDS_REAL_COORDINATES', '2025-09-09 14:01:31.590241+00', '2025-09-09 14:01:31.590241+00', 'Râu în județul Argeș', 'Administrat de AJVPS ARGEȘ'),
	('6db21b04-a92c-4916-8a0a-be53effc517f', 'Râul Târgului superior', 'rau', 'AG', 'muntenia', 44.86296516, 24.87136768, NULL, NULL, NULL, NULL, NULL, NULL, false, NULL, false, NULL, 'NEEDS_REAL_COORDINATES', '2025-09-09 14:01:31.590241+00', '2025-09-09 14:01:31.590241+00', 'Râu în județul Argeș', 'Administrat de APS AQUA CRISIUS'),
	('320e9233-b7b2-436f-bc0f-39859437c35e', 'Râul Târnava Mare', 'rau', 'AB', 'transilvania', 45.97779009, 23.54820473, NULL, NULL, NULL, NULL, NULL, NULL, false, NULL, false, NULL, 'NEEDS_REAL_COORDINATES', '2025-09-09 14:01:31.590241+00', '2025-09-09 14:01:31.590241+00', 'Râu în județul Alba', 'Administrat de AJVPS ALBA'),
	('8f98b958-de62-47f7-9494-7f8548a987a1', 'Râul Târnava Mică', 'rau', 'AB', 'transilvania', 45.99927828, 23.48810479, NULL, NULL, NULL, NULL, NULL, NULL, false, NULL, false, NULL, 'NEEDS_REAL_COORDINATES', '2025-09-09 14:01:31.590241+00', '2025-09-09 14:01:31.590241+00', 'Râu în județul Alba', 'Administrat de AJVPS ALBA'),
	('8791dcde-4dfe-4e89-856e-05eb88540d1d', 'Râul Tărcăița', 'rau', 'BH', 'crisana', 47.06016798, 22.00801346, NULL, NULL, NULL, NULL, NULL, NULL, false, NULL, false, NULL, 'NEEDS_REAL_COORDINATES', '2025-09-09 14:01:31.590241+00', '2025-09-09 14:01:31.590241+00', 'Râu în județul Bihor', 'Administrat de AJVPS BIHOR'),
	('91aa21f6-946a-4e76-baa2-c8d4ccdcd22b', 'Râul Tărâia', 'rau', 'VL', 'oltenia', 45.03342984, 24.37927453, NULL, NULL, NULL, NULL, NULL, NULL, false, NULL, false, NULL, 'NEEDS_REAL_COORDINATES', '2025-09-09 14:01:31.590241+00', '2025-09-09 14:01:31.590241+00', 'Râu în județul Vâlcea', 'Administrat de AJVPS VÂLCEA'),
	('c750d527-912c-4e2e-8aee-89c9959909c9', 'Râul Urșani', 'rau', 'VL', 'oltenia', 45.03014926, 24.46708103, NULL, NULL, NULL, NULL, NULL, NULL, false, NULL, false, NULL, 'NEEDS_REAL_COORDINATES', '2025-09-09 14:01:31.590241+00', '2025-09-09 14:01:31.590241+00', 'Râu în județul Vâlcea', 'Administrat de AJVPS VÂLCEA'),
	('9a7cb1e4-ab9a-4527-b9ff-28f518173a13', 'Râul Uzul', 'rau', 'BC', 'moldova', 46.51378626, 26.97540220, NULL, NULL, NULL, NULL, NULL, NULL, false, NULL, false, NULL, 'NEEDS_REAL_COORDINATES', '2025-09-09 14:01:31.590241+00', '2025-09-09 14:01:31.590241+00', 'Râu în județul Bacău', 'Administrat de AJVPS BACĂU'),
	('6738dc90-0251-442a-89b6-92d0e488e6b7', 'Râul Valea Ilvei', 'rau', 'BN', 'transilvania', 47.18035069, 24.50990413, NULL, NULL, NULL, NULL, NULL, NULL, false, NULL, false, NULL, 'NEEDS_REAL_COORDINATES', '2025-09-09 14:01:31.590241+00', '2025-09-09 14:01:31.590241+00', 'Râu în județul Bistrița-Năsăud', 'Administrat de AJVPS BISTRIŢA NĂSĂUD'),
	('d2e47efc-50b2-4d0d-be3c-e2304d304815', 'Râul Valea Morilor', 'rau', 'AB', 'transilvania', 46.11199143, 23.55909835, NULL, NULL, NULL, NULL, NULL, NULL, false, NULL, false, NULL, 'NEEDS_REAL_COORDINATES', '2025-09-09 14:01:31.590241+00', '2025-09-09 14:01:31.590241+00', 'Râu în județul Alba', 'Administrat de AJVPS ALBA'),
	('6b9aa5f7-c867-4f8c-bd5a-2e9385fe356d', 'Râul Volovăț', 'rau', 'BT', 'moldova', 47.67788303, 26.63063909, NULL, NULL, NULL, NULL, NULL, NULL, false, NULL, false, NULL, 'NEEDS_REAL_COORDINATES', '2025-09-09 14:01:31.590241+00', '2025-09-09 14:01:31.590241+00', 'Râu în județul Botoșani', 'Administrat de AJVPS BOTOȘANI'),
	('393dcfea-7dec-4dc2-b411-f3df57178fc8', 'Râul Vorona', 'rau', 'BT', 'moldova', 47.69546694, 26.60242111, NULL, NULL, NULL, NULL, NULL, NULL, false, NULL, false, NULL, 'NEEDS_REAL_COORDINATES', '2025-09-09 14:01:31.590241+00', '2025-09-09 14:01:31.590241+00', 'Râu în județul Botoșani', 'Administrat de AJVPS BOTOȘANI'),
	('e992f9c4-b28f-4058-a963-04bb0a7c9285', 'Râul Vâlsan Inferior', 'rau', 'AG', 'muntenia', 44.96751959, 24.92932007, NULL, NULL, NULL, NULL, NULL, NULL, false, NULL, false, NULL, 'NEEDS_REAL_COORDINATES', '2025-09-09 14:01:31.590241+00', '2025-09-09 14:01:31.590241+00', 'Râu în județul Argeș', 'Administrat de AJVPS ARGEȘ'),
	('57993783-80f9-412c-9960-797283e02541', 'Râul Vâslan mijlociu', 'rau', 'AG', 'muntenia', 44.90840795, 24.92930492, NULL, NULL, NULL, NULL, NULL, NULL, false, NULL, false, NULL, 'NEEDS_REAL_COORDINATES', '2025-09-09 14:01:31.590241+00', '2025-09-09 14:01:31.590241+00', 'Râu în județul Argeș', 'Administrat de AJVPS ARGEȘ'),
	('43c4f0b2-917b-4264-9605-bfdc78f0823c', 'Râul Vărbilău', 'rau', 'PH', 'muntenia', 44.95221492, 26.02221109, NULL, NULL, NULL, NULL, NULL, NULL, false, NULL, false, NULL, 'NEEDS_REAL_COORDINATES', '2025-09-09 14:01:31.590241+00', '2025-09-09 14:01:31.590241+00', 'Râu în județul Prahova', 'Administrat de AJVPS PRAHOVA'),
	('31de8317-0a0b-4151-aeb4-f9d96bdd4eb5', 'Râul Șieu', 'rau', 'BN', 'transilvania', 47.22458407, 24.49542184, NULL, NULL, NULL, NULL, NULL, NULL, false, NULL, false, NULL, 'NEEDS_REAL_COORDINATES', '2025-09-09 14:01:31.590241+00', '2025-09-09 14:01:31.590241+00', 'Râu în județul Bistrița-Năsăud', 'Administrat de AJVPS BISTRIŢA NĂSĂUD'),
	('c82feec4-2572-4339-a247-78653fe0ce1a', 'Râul Șușița', 'rau', 'GJ', 'oltenia', 44.99272615, 23.27296766, NULL, NULL, NULL, NULL, NULL, NULL, false, NULL, false, NULL, 'NEEDS_REAL_COORDINATES', '2025-09-09 14:01:31.590241+00', '2025-09-09 14:01:31.590241+00', 'Râu în județul Gorj', 'Administrat de AJVPS GORJ'),
	('c62a01f1-c580-4710-8235-6065894b5148', 'Râul Țibleș', 'rau', 'BN', 'transilvania', 47.11076850, 24.55973660, NULL, NULL, NULL, NULL, NULL, NULL, false, NULL, false, NULL, 'NEEDS_REAL_COORDINATES', '2025-09-09 14:01:31.590241+00', '2025-09-09 14:01:31.590241+00', 'Râu în județul Bistrița-Năsăud', 'Administrat de AJVPS BISTRIŢA NĂSĂUD'),
	('3fea36a9-6af3-4b66-b1b3-f5585eb9f6c1', 'Råul Geoagiu Inferior', 'lac', 'AB', 'transilvania', 45.97712143, 23.59681663, NULL, NULL, NULL, NULL, NULL, NULL, false, NULL, false, NULL, 'NEEDS_REAL_COORDINATES', '2025-09-09 14:01:31.590241+00', '2025-09-09 14:01:31.590241+00', 'Râu în județul Alba', 'Administrat de AJVPS ALBA'),
	('a33c54e1-4a28-4198-a1c4-3e9869038488', 'Slăvei', 'lac', 'HD', 'muntenia', 45.71622136, 22.91482828, NULL, NULL, NULL, NULL, NULL, NULL, false, NULL, false, NULL, 'NEEDS_REAL_COORDINATES', '2025-09-09 14:01:31.590241+00', '2025-09-09 14:01:31.590241+00', 'Lac în județul Hunedoara', 'Administrat de Direcția Silvică Hunedoara'),
	('e8a84ade-b07d-4c4a-a42b-c8573cd59f67', 'SMV Lake', 'balti_private', 'MS', 'transilvania', 46.47058871, 24.51420307, NULL, NULL, NULL, NULL, NULL, NULL, false, NULL, false, NULL, 'NEEDS_REAL_COORDINATES', '2025-09-09 14:01:31.590241+00', '2025-09-09 14:01:31.590241+00', 'Cipău, Mureș', 'Lac administrat privat'),
	('7d1a57ac-b255-4b63-be5c-c58ec7499a4b', 'Someșu Rece Superior', 'lac', 'CJ', 'transilvania', 46.72519578, 23.65364461, NULL, NULL, NULL, NULL, NULL, NULL, false, NULL, false, NULL, 'NEEDS_REAL_COORDINATES', '2025-09-09 14:01:31.590241+00', '2025-09-09 14:01:31.590241+00', 'Râu în județul Cluj', 'Administrat de D.S. Cluj'),
	('759597c1-7f13-4ca0-be74-4893fcb67ae0', 'Someșul Cald Superior', 'lac', 'CJ', 'transilvania', 46.85625397, 23.62212000, NULL, NULL, NULL, NULL, NULL, NULL, false, NULL, false, NULL, 'NEEDS_REAL_COORDINATES', '2025-09-09 14:01:31.590241+00', '2025-09-09 14:01:31.590241+00', 'Râu în județul Cluj', 'Administrat de D.S. Cluj'),
	('a9c37295-544f-41ac-9f07-b05351602ba2', 'Someșul Rece Inferior', 'lac', 'CJ', 'transilvania', 46.72676471, 23.55816738, NULL, NULL, NULL, NULL, NULL, NULL, false, NULL, false, NULL, 'NEEDS_REAL_COORDINATES', '2025-09-09 14:01:31.590241+00', '2025-09-09 14:01:31.590241+00', 'Râu în județul Cluj', 'Administrat de D.S. Cluj'),
	('b655a15b-a6a9-4c9d-8b9a-447c3d0b6824', 'Săcuieul Inferior', 'lac', 'CJ', 'transilvania', 46.81954113, 23.56549912, NULL, NULL, NULL, NULL, NULL, NULL, false, NULL, false, NULL, 'NEEDS_REAL_COORDINATES', '2025-09-09 14:01:31.590241+00', '2025-09-09 14:01:31.590241+00', 'Râu în județul Cluj', 'Administrat de D.S. Cluj'),
	('c3bed3f6-70c4-4c21-a5b8-52027bdad205', 'Săcuieul Superior', 'lac', 'CJ', 'transilvania', 46.85627447, 23.52105549, NULL, NULL, NULL, NULL, NULL, NULL, false, NULL, false, NULL, 'NEEDS_REAL_COORDINATES', '2025-09-09 14:01:31.590241+00', '2025-09-09 14:01:31.590241+00', 'Râu în județul Cluj', 'Administrat de D.S. Cluj'),
	('9c6f03ae-aaa0-45c3-affb-ad450b76e928', 'Topa – Holod', 'lac', 'BH', 'crisana', 47.08446523, 21.83506518, NULL, NULL, NULL, NULL, NULL, NULL, false, NULL, false, NULL, 'NEEDS_REAL_COORDINATES', '2025-09-09 14:01:31.590241+00', '2025-09-09 14:01:31.590241+00', 'Râu în județul Bihor', 'Administrat de AJVPS BIHOR'),
	('3c9d53a5-cc2d-46c8-9750-defa1cc5bcf8', 'Trei Ape', 'lac', 'CS', 'banat', 45.48087421, 22.24239501, NULL, NULL, NULL, NULL, NULL, NULL, false, NULL, false, NULL, 'NEEDS_REAL_COORDINATES', '2025-09-09 14:01:31.590241+00', '2025-09-09 14:01:31.590241+00', 'Lac în județul Caraș-Severin', 'Administrat de Direcția Silvică Caraș-Severin'),
	('771677d0-6c3f-45c9-bff7-3a4bf3ef8092', 'Tăria Mare', 'lac', 'CS', 'banat', 45.43713105, 22.25444811, NULL, NULL, NULL, NULL, NULL, NULL, false, NULL, false, NULL, 'NEEDS_REAL_COORDINATES', '2025-09-09 14:01:31.590241+00', '2025-09-09 14:01:31.590241+00', 'Lac în județul Caraș-Severin', 'Administrat de Direcția Silvică Caraș-Severin'),
	('e4cf2f6f-1762-4f6e-9ee1-a7f92b319350', 'Tăul Verde (Sliveiu Mare)', 'lac', 'HD', 'muntenia', 45.86059789, 22.92396780, NULL, NULL, NULL, NULL, NULL, NULL, false, NULL, false, NULL, 'NEEDS_REAL_COORDINATES', '2025-09-09 14:01:31.590241+00', '2025-09-09 14:01:31.590241+00', 'Lac în județul Hunedoara', 'Administrat de Direcția Silvică Hunedoara'),
	('e6471b01-26f9-4de2-8da8-a708765cce53', 'Tăul Înghetat (Custura)', 'lac', 'HD', 'muntenia', 45.83420519, 22.81045254, NULL, NULL, NULL, NULL, NULL, NULL, false, NULL, false, NULL, 'NEEDS_REAL_COORDINATES', '2025-09-09 14:01:31.590241+00', '2025-09-09 14:01:31.590241+00', 'Lac în județul Hunedoara', 'Administrat de Direcția Silvică Hunedoara'),
	('08a4b75e-217b-4a69-bd51-cbbaa9113d04', 'Tăul Ţapului', 'lac', 'HD', 'muntenia', 45.84650017, 22.98357332, NULL, NULL, NULL, NULL, NULL, NULL, false, NULL, false, NULL, 'NEEDS_REAL_COORDINATES', '2025-09-09 14:01:31.590241+00', '2025-09-09 14:01:31.590241+00', 'Lac în județul Hunedoara', 'Administrat de Direcția Silvică Hunedoara'),
	('fbb961fd-8dfe-4c69-b266-a32d988abfbb', 'Un Colţ de Rai', 'balti_private', 'DJ', 'oltenia', 44.28884479, 23.87769102, NULL, NULL, NULL, NULL, NULL, NULL, false, NULL, false, NULL, 'NEEDS_REAL_COORDINATES', '2025-09-09 14:01:31.590241+00', '2025-09-09 14:01:31.590241+00', 'Colţ de Rai, Dolj', 'Lac administrat privat'),
	('25435164-5fb8-42e3-bf81-12e1bc4e29b9', 'Valea Bistrei', 'lac', 'AB', 'transilvania', 46.05894837, 23.59853222, NULL, NULL, NULL, NULL, NULL, NULL, false, NULL, false, NULL, 'NEEDS_REAL_COORDINATES', '2025-09-09 14:01:31.590241+00', '2025-09-09 14:01:31.590241+00', 'Râu în județul Alba', 'Administrat de AJVPS ALBA'),
	('a7e1e98e-073e-4438-8d4d-37fb8b31a206', 'Valea Bistrei', 'lac', 'AB', 'transilvania', 46.09908975, 23.55737390, NULL, NULL, NULL, NULL, NULL, NULL, false, NULL, false, NULL, 'NEEDS_REAL_COORDINATES', '2025-09-09 14:01:31.590241+00', '2025-09-09 14:01:31.590241+00', 'Râu în județul Alba', 'Administrat de AJVPS ALBA'),
	('25c1d2eb-ace1-4645-adc5-7f27cb73d0ea', 'Valea Buduresei', 'lac', 'BH', 'crisana', 47.10718657, 21.90272187, NULL, NULL, NULL, NULL, NULL, NULL, false, NULL, false, NULL, 'NEEDS_REAL_COORDINATES', '2025-09-09 14:01:31.590241+00', '2025-09-09 14:01:31.590241+00', 'Râu în județul Bihor', 'Administrat de AJVPS BIHOR'),
	('91d29cf6-bb02-4680-92c9-f697d64ed6c9', 'Valea Caselor', 'lac', 'AB', 'transilvania', 46.13847531, 23.67953186, NULL, NULL, NULL, NULL, NULL, NULL, false, NULL, false, NULL, 'NEEDS_REAL_COORDINATES', '2025-09-09 14:01:31.590241+00', '2025-09-09 14:01:31.590241+00', 'Râu în județul Alba', 'Administrat de AJVPS ALBA'),
	('5e33f9b8-427a-4a12-b079-073610a5e7e7', 'Valea Cârlibabei', 'lac', 'SV', 'moldova', 47.58231481, 26.19076121, NULL, NULL, NULL, NULL, NULL, NULL, false, NULL, false, NULL, 'NEEDS_REAL_COORDINATES', '2025-09-09 14:01:31.590241+00', '2025-09-09 14:01:31.590241+00', 'Râu în județul Suceava', 'Administrat de APS AQUA CRISIUS'),
	('a0e22f78-b402-4684-90af-eb3bbcbb99a0', 'Valea Călinești cu pâraiele Călinești, Sulița, Soci', 'lac', 'VL', 'oltenia', 45.05650673, 24.29727252, NULL, NULL, NULL, NULL, NULL, NULL, false, NULL, false, NULL, 'NEEDS_REAL_COORDINATES', '2025-09-09 14:01:31.590241+00', '2025-09-09 14:01:31.590241+00', 'Râu în județul Vâlcea', 'Administrat de AJVPS VÂLCEA'),
	('ce2e21ad-d67e-4036-8c53-6479b8da7c76', 'Valea Dobricionești', 'lac', 'BH', 'crisana', 47.14615988, 21.94781213, NULL, NULL, NULL, NULL, NULL, NULL, false, NULL, false, NULL, 'NEEDS_REAL_COORDINATES', '2025-09-09 14:01:31.590241+00', '2025-09-09 14:01:31.590241+00', 'Râu în județul Bihor', 'Administrat de AJVPS BIHOR'),
	('64798abf-c660-4bb1-8b20-f21ec633b394', 'Valea Drăganului', 'lac', 'CJ', 'transilvania', 46.86147850, 23.61378722, NULL, NULL, NULL, NULL, NULL, NULL, false, NULL, false, NULL, 'NEEDS_REAL_COORDINATES', '2025-09-09 14:01:31.590241+00', '2025-09-09 14:01:31.590241+00', 'Râu în județul Cluj', 'Administrat de D.S. Cluj'),
	('1b4b7f97-f1d8-4d42-9cdf-34f5882274b5', 'Valea Gepiș', 'lac', 'BH', 'crisana', 47.02253746, 21.95689464, NULL, NULL, NULL, NULL, NULL, NULL, false, NULL, false, NULL, 'NEEDS_REAL_COORDINATES', '2025-09-09 14:01:31.590241+00', '2025-09-09 14:01:31.590241+00', 'Râu în județul Bihor', 'Administrat de AJVPS BIHOR'),
	('c3241232-3a9f-4e9c-a8ba-5b6aa0d7fe8f', 'Valea Homorod', 'lac', 'BV', 'muntenia', 45.65868852, 25.66763646, NULL, NULL, NULL, NULL, NULL, NULL, false, NULL, false, NULL, 'NEEDS_REAL_COORDINATES', '2025-09-09 14:01:31.590241+00', '2025-09-09 14:01:31.590241+00', 'Râu în județul Brașov', 'Administrat de AJPS Brașov'),
	('a3d5fe40-0750-4f41-96bf-03bac5411a7a', 'Valea Ierii Superioară', 'lac', 'CJ', 'transilvania', 46.70038142, 23.59865510, NULL, NULL, NULL, NULL, NULL, NULL, false, NULL, false, NULL, 'NEEDS_REAL_COORDINATES', '2025-09-09 14:01:31.590241+00', '2025-09-09 14:01:31.590241+00', 'Râu în județul Cluj', 'Administrat de D.S. Cluj'),
	('ae207ffd-5869-4d08-a25d-03d6c0e01c92', 'Valea Ierului', 'lac', 'BH', 'crisana', 47.02498731, 21.83033794, NULL, NULL, NULL, NULL, NULL, NULL, false, NULL, false, NULL, 'NEEDS_REAL_COORDINATES', '2025-09-09 14:01:31.590241+00', '2025-09-09 14:01:31.590241+00', 'Râu în județul Bihor', 'Administrat de AJVPS BIHOR'),
	('14f9bb2e-1afc-40b0-a98e-0e3f13b5e02f', 'Valea Lonei', 'lac', 'CJ', 'transilvania', 46.73720815, 23.61464337, NULL, NULL, NULL, NULL, NULL, NULL, false, NULL, false, NULL, 'NEEDS_REAL_COORDINATES', '2025-09-09 14:01:31.590241+00', '2025-09-09 14:01:31.590241+00', 'Râu în județul Cluj', 'Administrat de AJPS Cluj'),
	('9eab53f7-9b4f-4281-83dc-6cf7a49e72e9', 'Valea Mișidului', 'lac', 'BH', 'crisana', 47.04668280, 21.91620527, NULL, NULL, NULL, NULL, NULL, NULL, false, NULL, false, NULL, 'NEEDS_REAL_COORDINATES', '2025-09-09 14:01:31.590241+00', '2025-09-09 14:01:31.590241+00', 'Râu în județul Bihor', 'Administrat de AJVPS BIHOR'),
	('01b31b18-d2c9-474e-a40c-084291a429ad', 'Valea Omului', 'lac', 'BH', 'crisana', 47.14201408, 21.95565582, NULL, NULL, NULL, NULL, NULL, NULL, false, NULL, false, NULL, 'NEEDS_REAL_COORDINATES', '2025-09-09 14:01:31.590241+00', '2025-09-09 14:01:31.590241+00', 'Râu în județul Bihor', 'Administrat de AJVPS BIHOR'),
	('02981198-9d39-42de-97a3-89f4ca252930', 'Valea Polatiște', 'lac', 'HD', 'muntenia', 45.67822699, 22.80895353, NULL, NULL, NULL, NULL, NULL, NULL, false, NULL, false, NULL, 'NEEDS_REAL_COORDINATES', '2025-09-09 14:01:31.590241+00', '2025-09-09 14:01:31.590241+00', 'Râu în județul Hunedoara', 'Administrat de Pro Pescar'),
	('34947308-f456-4a3c-b9bb-0a545b9aca50', 'Valea Robești', 'lac', 'VL', 'oltenia', 45.16042486, 24.32708519, NULL, NULL, NULL, NULL, NULL, NULL, false, NULL, false, NULL, 'NEEDS_REAL_COORDINATES', '2025-09-09 14:01:31.590241+00', '2025-09-09 14:01:31.590241+00', 'Râu în județul Vâlcea', 'Administrat de AJVPS VÂLCEA'),
	('8bacea3f-85f9-4097-8f09-5ee6a7a6d93d', 'Valea Robești', 'lac', 'VL', 'oltenia', 45.09798454, 24.43729196, NULL, NULL, NULL, NULL, NULL, NULL, false, NULL, false, NULL, 'NEEDS_REAL_COORDINATES', '2025-09-09 14:01:31.590241+00', '2025-09-09 14:01:31.590241+00', 'Râu în județul Vâlcea', 'Administrat de AJVPS VÂLCEA'),
	('cd38807a-d20b-4c17-9d99-9eb69f7efbd0', 'Valea Răcătăului', 'lac', 'CJ', 'transilvania', 46.66735938, 23.56183348, NULL, NULL, NULL, NULL, NULL, NULL, false, NULL, false, NULL, 'NEEDS_REAL_COORDINATES', '2025-09-09 14:01:31.590241+00', '2025-09-09 14:01:31.590241+00', 'Râu în județul Cluj', 'Administrat de D.S. Cluj'),
	('2190170b-2842-4fb6-85e1-59eedfc34418', 'Valea Sighiștelului', 'lac', 'BH', 'crisana', 46.99095741, 21.98672055, NULL, NULL, NULL, NULL, NULL, NULL, false, NULL, false, NULL, 'NEEDS_REAL_COORDINATES', '2025-09-09 14:01:31.590241+00', '2025-09-09 14:01:31.590241+00', 'Râu în județul Bihor', 'Administrat de AJVPS BIHOR'),
	('cd4f2066-62b8-49dd-93e5-37e229cfcba6', 'Valea Şartăşului', 'lac', 'AB', 'transilvania', 45.99127240, 23.58281315, NULL, NULL, NULL, NULL, NULL, NULL, false, NULL, false, NULL, 'NEEDS_REAL_COORDINATES', '2025-09-09 14:01:31.590241+00', '2025-09-09 14:01:31.590241+00', 'Râu în județul Alba', 'Administrat de AJVPS ALBA'),
	('da4c8897-1ec7-4571-81f6-b04c1bcc36ca', 'Valea Țibăului', 'lac', 'SV', 'moldova', 47.64560035, 26.34591476, NULL, NULL, NULL, NULL, NULL, NULL, false, NULL, false, NULL, 'NEEDS_REAL_COORDINATES', '2025-09-09 14:01:31.590241+00', '2025-09-09 14:01:31.590241+00', 'Râu în județul Suceava', 'Administrat de APS AQUA CRISIUS'),
	('9eaed362-16b4-4359-bb5b-f5c7287692a7', 'Varlaam - Sector A', 'balti_private', 'GR', 'muntenia', 43.88677186, 26.01093333, NULL, NULL, NULL, NULL, NULL, NULL, false, NULL, false, NULL, 'NEEDS_REAL_COORDINATES', '2025-09-09 14:01:31.590241+00', '2025-09-09 14:01:31.590241+00', 'Varlaam, Giurgiu', 'Lac administrat privat'),
	('bec453bd-42e8-442f-b951-6d6dbda6577f', 'Vidra', 'lac', 'VL', 'oltenia', 45.10435188, 24.30572916, NULL, NULL, NULL, NULL, NULL, NULL, false, NULL, false, NULL, 'NEEDS_REAL_COORDINATES', '2025-09-09 14:01:31.590241+00', '2025-09-09 14:01:31.590241+00', 'Lac în județul Vâlcea', 'Administrat de Direcția Silvică Vâlcea'),
	('ea9bb1dc-7d8a-4f74-b8e8-65300259312b', 'Vinderel', 'lac', 'MM', 'maramures', 47.58031123, 23.58231885, NULL, NULL, NULL, NULL, NULL, NULL, false, NULL, false, NULL, 'NEEDS_REAL_COORDINATES', '2025-09-09 14:01:31.590241+00', '2025-09-09 14:01:31.590241+00', 'Lac în județul Maramureș', 'Administrat de Direcția Silvica Maramureș'),
	('b2889f12-5615-4365-abf2-7463dddadf86', 'Viorica', 'lac', 'HD', 'muntenia', 45.86118227, 22.81182918, NULL, NULL, NULL, NULL, NULL, NULL, false, NULL, false, NULL, 'NEEDS_REAL_COORDINATES', '2025-09-09 14:01:31.590241+00', '2025-09-09 14:01:31.590241+00', 'Lac în județul Hunedoara', 'Administrat de Direcția Silvică Hunedoara'),
	('28628934-e996-4ca9-b2cf-814f7d39f142', 'Zănoaga', 'lac', 'HD', 'muntenia', 45.85042775, 22.87618184, NULL, NULL, NULL, NULL, NULL, NULL, false, NULL, false, NULL, 'NEEDS_REAL_COORDINATES', '2025-09-09 14:01:31.590241+00', '2025-09-09 14:01:31.590241+00', 'Lac în județul Hunedoara', 'Administrat de Direcția Silvică Hunedoara'),
	('6850bf29-fd41-4b99-8569-3777842c428d', 'Ştevia', 'lac', 'HD', 'muntenia', 45.69101666, 22.93029374, NULL, NULL, NULL, NULL, NULL, NULL, false, NULL, false, NULL, 'NEEDS_REAL_COORDINATES', '2025-09-09 14:01:31.590241+00', '2025-09-09 14:01:31.590241+00', 'Lac în județul Hunedoara', 'Administrat de Direcția Silvică Hunedoara'),
	('16710e67-4096-4e01-b353-811bad72524c', 'Dunărea – Baziaș', 'fluviu', 'CS', 'banat', 44.81900000, 21.38900000, NULL, NULL, NULL, NULL, NULL, NULL, false, NULL, false, NULL, NULL, '2025-09-09 14:12:01.387405+00', '2025-09-09 20:30:58.806907+00', 'Fluviu în județul Caraș-Severin', 'Administrat de AJVPS CARAȘ-SEVERIN'),
	('062b9c4b-feb6-4ff7-8346-3c25664a5109', 'Varlaam - Sector B', 'balti_private', 'GR', 'muntenia', 43.85340000, 25.97860000, NULL, NULL, NULL, NULL, NULL, NULL, false, NULL, false, NULL, NULL, '2025-09-09 14:01:31.590241+00', '2025-09-09 20:30:58.806907+00', 'Varlaam, Giurgiu', 'Lac administrat privat'),
	('9472d154-f53b-4e85-8c64-e7fe533d6484', 'Dunărea – Moldova Nouă', 'fluviu', 'CS', 'banat', 44.73700000, 21.66600000, NULL, NULL, NULL, NULL, NULL, NULL, false, NULL, false, NULL, NULL, '2025-09-09 14:12:01.387405+00', '2025-09-09 14:13:01.965649+00', 'Fluviu în județul Caraș-Severin', 'Administrat de AJVPS CARAȘ-SEVERIN'),
	('9b5e1817-e87e-40be-8470-1a3b703a2d53', 'Dunărea – Dubova', 'fluviu', 'MH', 'oltenia', 44.62060000, 22.24690000, NULL, NULL, NULL, NULL, NULL, NULL, false, NULL, false, NULL, NULL, '2025-09-09 14:12:01.387405+00', '2025-09-09 14:13:01.965649+00', 'Fluviu în județul Mehedinți', 'Administrat de AJVPS MEHEDINȚI'),
	('f48f748b-6049-4a9b-8e30-e3eb4ba94478', 'Dunărea – Eșelnița', 'fluviu', 'MH', 'oltenia', 44.66680000, 22.32700000, NULL, NULL, NULL, NULL, NULL, NULL, false, NULL, false, NULL, NULL, '2025-09-09 14:12:01.387405+00', '2025-09-09 14:13:01.965649+00', 'Fluviu în județul Mehedinți', 'Administrat de AJVPS MEHEDINȚI'),
	('f370223b-207f-47a4-9149-bd7456b8d01f', 'Dunărea – Orșova', 'fluviu', 'MH', 'oltenia', 44.72280000, 22.39250000, NULL, NULL, NULL, NULL, NULL, NULL, false, NULL, false, NULL, NULL, '2025-09-09 14:12:01.387405+00', '2025-09-09 14:13:01.965649+00', 'Fluviu în județul Mehedinți', 'Administrat de AJVPS MEHEDINȚI'),
	('804dfedb-5e3a-4d67-bee9-13416afc4ac6', 'Dunărea – Gura Văii', 'fluviu', 'MH', 'oltenia', 44.67400000, 22.54200000, NULL, NULL, NULL, NULL, NULL, NULL, false, NULL, false, NULL, NULL, '2025-09-09 14:12:01.387405+00', '2025-09-09 14:13:01.965649+00', 'Fluviu în județul Mehedinți', 'Administrat de AJVPS MEHEDINȚI'),
	('a86791dd-a662-4516-804a-88dc4b20a5f1', 'Dunărea – Calafat', 'fluviu', 'DJ', 'oltenia', 43.99670000, 22.94390000, NULL, NULL, NULL, NULL, NULL, NULL, false, NULL, false, NULL, NULL, '2025-09-09 14:12:01.387405+00', '2025-09-09 14:13:01.965649+00', 'Fluviu în județul Dolj', 'Administrat de AJVPS DOLJ'),
	('f4dde54c-1d00-4244-a058-104f35276ca1', 'Dunărea – Bechet', 'fluviu', 'DJ', 'oltenia', 43.78340000, 23.95590000, NULL, NULL, NULL, NULL, NULL, NULL, false, NULL, false, NULL, NULL, '2025-09-09 14:12:01.387405+00', '2025-09-09 14:13:01.965649+00', 'Fluviu în județul Dolj', 'Administrat de AJVPS DOLJ'),
	('c959df94-7dd1-4b2f-9c0b-f677c831edd7', 'Dunărea – Corabia', 'fluviu', 'OT', 'oltenia', 43.77800000, 24.50100000, NULL, NULL, NULL, NULL, NULL, NULL, false, NULL, false, NULL, NULL, '2025-09-09 14:12:01.387405+00', '2025-09-09 14:13:01.965649+00', 'Fluviu în județul Olt', 'Administrat de AJVPS OLT'),
	('a4b67387-0a41-4c3f-abf5-bf0f5dfbf69d', 'Dunărea – Turnu Măgurele', 'fluviu', 'TR', 'muntenia', 43.74820000, 24.88030000, NULL, NULL, NULL, NULL, NULL, NULL, false, NULL, false, NULL, NULL, '2025-09-09 14:12:01.387405+00', '2025-09-09 14:13:01.965649+00', 'Fluviu în județul Teleorman', 'Administrat de AJVPS TELEORMAN'),
	('a4a30c2d-b683-4722-851f-b0197e128a92', 'Dunărea – Zimnicea', 'fluviu', 'TR', 'muntenia', 43.65960000, 25.36420000, NULL, NULL, NULL, NULL, NULL, NULL, false, NULL, false, NULL, NULL, '2025-09-09 14:12:01.387405+00', '2025-09-09 14:13:01.965649+00', 'Fluviu în județul Teleorman', 'Administrat de AJVPS TELEORMAN'),
	('9be4695e-366f-40ec-b63c-a36102302e0d', 'Dunărea – Giurgiu', 'fluviu', 'GR', 'muntenia', 43.90370000, 25.97330000, NULL, NULL, NULL, NULL, NULL, NULL, false, NULL, false, NULL, NULL, '2025-09-09 14:12:01.387405+00', '2025-09-09 14:13:01.965649+00', 'Fluviu în județul Giurgiu', 'Administrat de AJVPS GIURGIU'),
	('3a0db4af-b000-4c86-aeb6-3db2b34384cf', 'Dunărea – Oltenița', 'fluviu', 'CL', 'muntenia', 44.09460000, 26.64230000, NULL, NULL, NULL, NULL, NULL, NULL, false, NULL, false, NULL, NULL, '2025-09-09 14:12:01.387405+00', '2025-09-09 14:13:01.965649+00', 'Fluviu în județul Călărași', 'Administrat de AJVPS CĂLĂRAȘI'),
	('4d1887fb-f0df-4952-8770-2f3c434a97f4', 'Dunărea – Călărași (Chiciu)', 'fluviu', 'CL', 'muntenia', 44.19950000, 27.33440000, NULL, NULL, NULL, NULL, NULL, NULL, false, NULL, false, NULL, NULL, '2025-09-09 14:12:01.387405+00', '2025-09-09 14:13:01.965649+00', 'Fluviu în județul Călărași', 'Administrat de AJVPS CĂLĂRAȘI'),
	('d5dde614-7c65-420e-953a-932ee493895a', 'Dunărea – Fetești (Borcea)', 'fluviu', 'IL', 'muntenia', 44.38370000, 27.81460000, NULL, NULL, NULL, NULL, NULL, NULL, false, NULL, false, NULL, NULL, '2025-09-09 14:12:01.387405+00', '2025-09-09 14:13:01.965649+00', 'Fluviu în județul Ialomița', 'Administrat de AJVPS IALOMIȚA'),
	('f4e63c8c-3b7a-46cb-8d7f-68904136d4b6', 'Dunărea – Cernavodă', 'fluviu', 'CT', 'dobrogea', 44.33830000, 28.03050000, NULL, NULL, NULL, NULL, NULL, NULL, false, NULL, false, NULL, NULL, '2025-09-09 14:12:01.387405+00', '2025-09-09 14:13:01.965649+00', 'Fluviu în județul Constanța', 'Administrat de AJVPS CONSTANȚA'),
	('f97ba491-ba27-4d30-9e94-b9931618ef4f', 'Dunărea – Hârșova', 'fluviu', 'CT', 'dobrogea', 44.68190000, 27.95010000, NULL, NULL, NULL, NULL, NULL, NULL, false, NULL, false, NULL, NULL, '2025-09-09 14:12:01.387405+00', '2025-09-09 14:13:01.965649+00', 'Fluviu în județul Constanța', 'Administrat de AJVPS CONSTANȚA'),
	('85836b2e-6503-490c-8d9f-a908990fa92e', 'Dunărea – Brăila', 'fluviu', 'BR', 'muntenia', 45.26920000, 27.95750000, NULL, NULL, NULL, NULL, NULL, NULL, false, NULL, false, NULL, NULL, '2025-09-09 14:12:01.387405+00', '2025-09-09 14:13:01.965649+00', 'Fluviu în județul Brăila', 'Administrat de AJVPS BRĂILA'),
	('a74799c7-a2ec-46dd-a12e-6bcb90757c27', 'Dunărea – Galați', 'fluviu', 'GL', 'moldova', 45.43770000, 28.04950000, NULL, NULL, NULL, NULL, NULL, NULL, false, NULL, false, NULL, NULL, '2025-09-09 14:12:01.387405+00', '2025-09-09 14:13:01.965649+00', 'Fluviu în județul Galați', 'Administrat de AJVPS GALAȚI'),
	('e80294d3-5e5f-4caf-92b4-d82b7a9d0c66', 'Dunărea – Isaccea', 'fluviu', 'TL', 'dobrogea', 45.27150000, 28.45990000, NULL, NULL, NULL, NULL, NULL, NULL, false, NULL, false, NULL, NULL, '2025-09-09 14:12:01.387405+00', '2025-09-09 14:13:01.965649+00', 'Fluviu în județul Tulcea', 'Administrat de ARBDD (permise Delta Dunării)'),
	('352ee8ac-0dcb-422e-ad27-d1da801a733b', 'Dunărea – Măcin', 'fluviu', 'TL', 'dobrogea', 45.24450000, 28.13500000, NULL, NULL, NULL, NULL, NULL, NULL, false, NULL, false, NULL, NULL, '2025-09-09 14:12:01.387405+00', '2025-09-09 14:13:01.965649+00', 'Fluviu în județul Tulcea', 'Administrat de ARBDD (permise Delta Dunării)'),
	('f392ca16-073e-4e98-91fe-dabd9bfd2a46', 'Dunărea – Tulcea', 'fluviu', 'TL', 'dobrogea', 45.17150000, 28.79140000, NULL, NULL, NULL, NULL, NULL, NULL, false, NULL, false, NULL, NULL, '2025-09-09 14:12:01.387405+00', '2025-09-09 14:13:01.965649+00', 'Fluviu în județul Tulcea', 'Administrat de ARBDD (permise Delta Dunării)'),
	('93e6d474-8346-44d2-80d9-41b9a6241da3', 'Dunărea – Nufăru (brațul Sf. Gheorghe)', 'fluviu', 'TL', 'dobrogea', 45.11090000, 28.99180000, NULL, NULL, NULL, NULL, NULL, NULL, false, NULL, false, NULL, NULL, '2025-09-09 14:12:01.387405+00', '2025-09-09 14:13:01.965649+00', 'Fluviu în județul Tulcea', 'Administrat de ARBDD (permise Delta Dunării)'),
	('aa35ded3-8cfb-412f-b184-cebd7ce9897e', 'Dunărea – Mahmudia (brațul Sf. Gheorghe)', 'fluviu', 'TL', 'dobrogea', 45.08450000, 29.08770000, NULL, NULL, NULL, NULL, NULL, NULL, false, NULL, false, NULL, NULL, '2025-09-09 14:12:01.387405+00', '2025-09-09 14:13:01.965649+00', 'Fluviu în județul Tulcea', 'Administrat de ARBDD (permise Delta Dunării)'),
	('42ec8b41-0a01-40f7-84e8-d3f1065136b9', 'Dunărea – Murighiol (brațul Sf. Gheorghe)', 'fluviu', 'TL', 'dobrogea', 45.00600000, 29.17980000, NULL, NULL, NULL, NULL, NULL, NULL, false, NULL, false, NULL, NULL, '2025-09-09 14:12:01.387405+00', '2025-09-09 14:13:01.965649+00', 'Fluviu în județul Tulcea', 'Administrat de ARBDD (permise Delta Dunării)'),
	('583bb009-a9c6-4263-8175-71cf3a9d3103', 'Dunărea – Crișan (brațul Sulina)', 'fluviu', 'TL', 'dobrogea', 45.19260000, 29.63440000, NULL, NULL, NULL, NULL, NULL, NULL, false, NULL, false, NULL, NULL, '2025-09-09 14:12:01.387405+00', '2025-09-09 14:13:01.965649+00', 'Fluviu în județul Tulcea', 'Administrat de ARBDD (permise Delta Dunării)'),
	('b52748d4-95f3-4e4e-8590-8814ed83fc39', 'Dunărea – Sulina (brațul Sulina)', 'fluviu', 'TL', 'dobrogea', 45.15900000, 29.65390000, NULL, NULL, NULL, NULL, NULL, NULL, false, NULL, false, NULL, NULL, '2025-09-09 14:12:01.387405+00', '2025-09-09 14:13:01.965649+00', 'Fluviu în județul Tulcea', 'Administrat de ARBDD (permise Delta Dunării)'),
	('3a4db6c4-e3fa-44c6-973e-c799e71e77f3', 'Dunărea – Sfântu Gheorghe (brațul Sf. Gheorghe)', 'fluviu', 'TL', 'dobrogea', 44.88690000, 29.59250000, NULL, NULL, NULL, NULL, NULL, NULL, false, NULL, false, NULL, NULL, '2025-09-09 14:12:01.387405+00', '2025-09-09 14:13:01.965649+00', 'Fluviu în județul Tulcea', 'Administrat de ARBDD (permise Delta Dunării)'),
	('a83324d4-3607-4fa2-89f0-53ce50a9533f', 'Dunărea – Chilia Veche (brațul Chilia)', 'fluviu', 'TL', 'dobrogea', 45.41540000, 29.28160000, NULL, NULL, NULL, NULL, NULL, NULL, false, NULL, false, NULL, NULL, '2025-09-09 14:12:01.387405+00', '2025-09-09 14:13:01.965649+00', 'Fluviu în județul Tulcea', 'Administrat de ARBDD (permise Delta Dunării)'),
	('23bfa89e-0d76-4f41-bb19-693210e6c79e', 'Dunărea – Periprava (brațul Chilia)', 'fluviu', 'TL', 'dobrogea', 45.45570000, 29.64530000, NULL, NULL, NULL, NULL, NULL, NULL, false, NULL, false, NULL, NULL, '2025-09-09 14:12:01.387405+00', '2025-09-09 14:13:01.965649+00', 'Fluviu în județul Tulcea', 'Administrat de ARBDD (permise Delta Dunării)'),
	('f4bb35c1-5476-4d18-b915-bbcb372d4149', 'Lacul Razim', 'lac', 'TL', 'dobrogea', 44.90000000, 28.85000000, NULL, NULL, NULL, NULL, NULL, NULL, false, NULL, false, NULL, NULL, '2025-09-09 14:13:39.456116+00', '2025-09-09 14:13:39.456116+00', 'Lac în județul Tulcea', 'Administrat de ARBDD (permise Delta Dunării)'),
	('b0044338-e334-4e71-bce8-a6bb8e20b149', 'Lacul Sinoe', 'lac', 'CT', 'dobrogea', 44.56670000, 28.83330000, NULL, NULL, NULL, NULL, NULL, NULL, false, NULL, false, NULL, NULL, '2025-09-09 14:13:39.456116+00', '2025-09-09 14:13:39.456116+00', 'Lac în județul Constanța', 'Administrat de ARBDD (permise Delta Dunării)'),
	('aa42690c-6a49-4b80-85c9-18841df398aa', 'Lacul Golovița', 'lac', 'TL', 'dobrogea', 44.71670000, 28.91670000, NULL, NULL, NULL, NULL, NULL, NULL, false, NULL, false, NULL, NULL, '2025-09-09 14:13:39.456116+00', '2025-09-09 14:13:39.456116+00', 'Lac în județul Tulcea', 'Administrat de ARBDD (permise Delta Dunării)'),
	('9d8edf3b-371f-46fb-88c9-851ef0761917', 'Lacul Zmeica', 'lac', 'TL', 'dobrogea', 44.93330000, 28.93330000, NULL, NULL, NULL, NULL, NULL, NULL, false, NULL, false, NULL, NULL, '2025-09-09 14:13:39.456116+00', '2025-09-09 14:13:39.456116+00', 'Lac în județul Tulcea', 'Administrat de ARBDD (permise Delta Dunării)'),
	('dc2e2692-8f1e-41e4-a93e-f2334bed12cd', 'Lacul Babadag', 'lac', 'TL', 'dobrogea', 44.85000000, 28.78330000, NULL, NULL, NULL, NULL, NULL, NULL, false, NULL, false, NULL, NULL, '2025-09-09 14:13:39.456116+00', '2025-09-09 14:13:39.456116+00', 'Lac în județul Tulcea', 'Administrat de ARBDD (permise Delta Dunării)'),
	('45a36946-ca0e-4d24-9d9b-bdd2845e1213', 'Lacul Tașaul', 'lac', 'CT', 'dobrogea', 44.38330000, 28.63330000, NULL, NULL, NULL, NULL, NULL, NULL, false, NULL, false, NULL, NULL, '2025-09-09 14:13:39.456116+00', '2025-09-09 14:13:39.456116+00', 'Lac în județul Constanța', 'Administrat de AJVPS Constanța'),
	('d1947919-975e-4f5b-8078-d495b463faed', 'Lacul Techirghiol', 'lac', 'CT', 'dobrogea', 44.05000000, 28.60000000, NULL, NULL, NULL, NULL, NULL, NULL, false, NULL, false, NULL, NULL, '2025-09-09 14:13:39.456116+00', '2025-09-09 14:13:39.456116+00', 'Lac în județul Constanța', 'Administrat de AJVPS Constanța'),
	('78e50c91-f598-4096-af0d-4a28dd05fc84', 'Lacul Istria', 'lac', 'CT', 'dobrogea', 44.55000000, 28.70000000, NULL, NULL, NULL, NULL, NULL, NULL, false, NULL, false, NULL, NULL, '2025-09-09 14:13:39.456116+00', '2025-09-09 14:13:39.456116+00', 'Lac în județul Constanța', 'Administrat de ARBDD (permise Delta Dunării)'),
	('bc39db10-53d5-4c80-a5dc-33120c9944e3', 'Lacul Oltina', 'lac', 'CT', 'dobrogea', 44.08330000, 27.68330000, NULL, NULL, NULL, NULL, NULL, NULL, false, NULL, false, NULL, NULL, '2025-09-09 14:13:39.456116+00', '2025-09-09 14:13:39.456116+00', 'Lac în județul Constanța', 'Administrat de AJVPS Constanța'),
	('3bdb6e31-a855-45e8-9d3c-5e4e9eba281b', 'Lacul Vederoasa', 'lac', 'CT', 'dobrogea', 44.08330000, 28.00000000, NULL, NULL, NULL, NULL, NULL, NULL, false, NULL, false, NULL, NULL, '2025-09-09 14:13:39.456116+00', '2025-09-09 14:13:39.456116+00', 'Lac în județul Constanța', 'Administrat de AJVPS Constanța'),
	('536c027c-22e4-4b36-b327-2e6fb50ee928', 'Lacul Lumina', 'lac', 'CT', 'dobrogea', 44.34000000, 28.61000000, NULL, NULL, NULL, NULL, NULL, NULL, false, NULL, false, NULL, NULL, '2025-09-09 14:15:00.04032+00', '2025-09-09 14:15:00.04032+00', 'Lac în județul Constanța', 'Administrat de ABADL Dobrogea-Litoral'),
	('d3b2f2c7-5ee3-4343-85e5-b8e137d5f791', 'Lacul Tuzla', 'lac', 'CT', 'dobrogea', 44.01000000, 28.65000000, NULL, NULL, NULL, NULL, NULL, NULL, false, NULL, false, NULL, NULL, '2025-09-09 14:15:00.04032+00', '2025-09-09 14:15:00.04032+00', 'Lac în județul Constanța', 'Administrat de ABADL Dobrogea-Litoral'),
	('4c11038a-43fb-4a5f-af0e-d940987f401b', 'Lacul Dranov', 'lac', 'TL', 'dobrogea', 44.97000000, 29.18000000, NULL, NULL, NULL, NULL, NULL, NULL, false, NULL, false, NULL, NULL, '2025-09-09 14:15:00.04032+00', '2025-09-09 14:15:00.04032+00', 'Lac în județul Tulcea', 'Administrat de ARBDD (permise Delta Dunării)'),
	('656d8060-b1d4-4ea1-9af8-1f628fe8fb87', 'Lacul Erenciuc', 'lac', 'TL', 'dobrogea', 44.93000000, 29.29000000, NULL, NULL, NULL, NULL, NULL, NULL, false, NULL, false, NULL, NULL, '2025-09-09 14:15:00.04032+00', '2025-09-09 14:15:00.04032+00', 'Lac în județul Tulcea', 'Administrat de ARBDD (permise Delta Dunării)'),
	('af679ebb-037d-462c-bf76-73d6fb943f30', 'Lacul Roșuleț', 'lac', 'TL', 'dobrogea', 45.15000000, 29.31000000, NULL, NULL, NULL, NULL, NULL, NULL, false, NULL, false, NULL, NULL, '2025-09-09 14:15:00.04032+00', '2025-09-09 14:15:00.04032+00', 'Lac în județul Tulcea', 'Administrat de ARBDD (permise Delta Dunării)'),
	('e317d61d-e4f1-49a8-905b-71f56714e570', 'Lacul Bugeac (Gârlița)', 'lac', 'CT', 'dobrogea', 44.05000000, 27.62000000, NULL, NULL, NULL, NULL, NULL, NULL, false, NULL, false, NULL, NULL, '2025-09-09 14:15:00.04032+00', '2025-09-09 14:15:00.04032+00', 'Lac în județul Constanța', 'Administrat de ABADL Dobrogea-Litoral'),
	('82e6d4f7-05a8-46de-b7c2-719335f4a27f', 'Lacul Siutghiol', 'lac', 'CT', 'dobrogea', 44.28000000, 28.61000000, NULL, NULL, NULL, NULL, NULL, NULL, false, NULL, false, NULL, NULL, '2025-09-09 14:15:00.04032+00', '2025-09-09 14:15:00.04032+00', 'Lac în județul Constanța', 'Administrat de ABADL Dobrogea-Litoral'),
	('78e05532-ba1c-4f6a-9e46-b0085fe9d5bb', 'Lacul Roșu (Delta Dunării)', 'lac', 'TL', 'dobrogea', 45.16000000, 29.28000000, NULL, NULL, NULL, NULL, NULL, NULL, false, NULL, false, NULL, NULL, '2025-09-09 14:15:00.04032+00', '2025-09-09 14:15:00.04032+00', 'Lac în județul Tulcea', 'Administrat de ARBDD (permise Delta Dunării)'),
	('57142eb6-5974-4fae-aa0a-b0345cf96a0b', 'Lacul Merhei', 'lac', 'TL', 'dobrogea', 45.26000000, 29.29000000, NULL, NULL, NULL, NULL, NULL, NULL, false, NULL, false, NULL, NULL, '2025-09-09 14:15:00.04032+00', '2025-09-09 14:15:00.04032+00', 'Lac în județul Tulcea', 'Administrat de ARBDD (permise Delta Dunării)'),
	('a8806d0c-c224-4c59-b102-aa6628593013', 'Lacul Corbu', 'lac', 'CT', 'dobrogea', 44.42000000, 28.67000000, NULL, NULL, NULL, NULL, NULL, NULL, false, NULL, false, NULL, NULL, '2025-09-09 14:15:00.04032+00', '2025-09-09 14:15:00.04032+00', 'Lac în județul Constanța', 'Administrat de ABADL Dobrogea-Litoral'),
	('a9bfe62c-4ebd-4b4c-a30f-c4821af364e2', 'Lacul Puiuleț', 'lac', 'TL', 'dobrogea', 45.12000000, 29.10000000, NULL, NULL, NULL, NULL, NULL, NULL, false, NULL, false, NULL, NULL, '2025-09-09 14:15:00.04032+00', '2025-09-09 14:15:00.04032+00', 'Lac în județul Tulcea', 'Administrat de ARBDD (permise Delta Dunării)'),
	('ed53018b-9bf9-435e-b6c0-d33dd06a63d5', 'Lacul Tătaru Mic', 'lac', 'TL', 'dobrogea', 45.06000000, 29.26000000, NULL, NULL, NULL, NULL, NULL, NULL, false, NULL, false, NULL, NULL, '2025-09-09 14:15:00.04032+00', '2025-09-09 14:15:00.04032+00', 'Lac în județul Tulcea', 'Administrat de ARBDD (permise Delta Dunării)'),
	('d8d5e306-7b76-406d-84ae-07c8cc7ee238', 'Lacul Puiu', 'lac', 'TL', 'dobrogea', 45.10000000, 29.07000000, NULL, NULL, NULL, NULL, NULL, NULL, false, NULL, false, NULL, NULL, '2025-09-09 14:15:00.04032+00', '2025-09-09 14:15:00.04032+00', 'Lac în județul Tulcea', 'Administrat de ARBDD (permise Delta Dunării)'),
	('a6fe1896-0f13-496f-8d42-4b9cb332c584', 'Lacul Gorgova', 'lac', 'TL', 'dobrogea', 45.18000000, 29.16000000, NULL, NULL, NULL, NULL, NULL, NULL, false, NULL, false, NULL, NULL, '2025-09-09 14:15:00.04032+00', '2025-09-09 14:15:00.04032+00', 'Lac în județul Tulcea', 'Administrat de ARBDD (permise Delta Dunării)'),
	('8060038d-9f00-4372-8dcb-3287a34af1f4', 'Lacul Mangalia', 'lac', 'CT', 'dobrogea', 43.82000000, 28.58000000, NULL, NULL, NULL, NULL, NULL, NULL, false, NULL, false, NULL, NULL, '2025-09-09 14:15:00.04032+00', '2025-09-09 14:15:00.04032+00', 'Lac în județul Constanța', 'Administrat de ABADL Dobrogea-Litoral'),
	('6372478a-e6d0-4974-88fc-508e6283a4f1', 'Lacul Uzlina', 'lac', 'TL', 'dobrogea', 45.03000000, 29.13000000, NULL, NULL, NULL, NULL, NULL, NULL, false, NULL, false, NULL, NULL, '2025-09-09 14:15:00.04032+00', '2025-09-09 14:15:00.04032+00', 'Lac în județul Tulcea', 'Administrat de ARBDD (permise Delta Dunării)'),
	('9cf09486-0570-4806-b01d-dde5f70d9ae4', 'Lacul Isac', 'lac', 'TL', 'dobrogea', 45.06000000, 29.09000000, NULL, NULL, NULL, NULL, NULL, NULL, false, NULL, false, NULL, NULL, '2025-09-09 14:15:00.04032+00', '2025-09-09 14:15:00.04032+00', 'Lac în județul Tulcea', 'Administrat de ARBDD (permise Delta Dunării)'),
	('1dc342ec-efda-47a3-83ae-160e48cfd3cc', 'Lacul Comorova (Neptun)', 'lac', 'CT', 'dobrogea', 43.87000000, 28.61000000, NULL, NULL, NULL, NULL, NULL, NULL, false, NULL, false, NULL, NULL, '2025-09-09 14:15:00.04032+00', '2025-09-09 14:15:00.04032+00', 'Lac în județul Constanța', 'Administrat de ABADL Dobrogea-Litoral'),
	('cc6325c2-8564-4766-9a9c-f9be9e16fdcf', 'Lacul Tătaru Mare', 'lac', 'TL', 'dobrogea', 45.04000000, 29.27000000, NULL, NULL, NULL, NULL, NULL, NULL, false, NULL, false, NULL, NULL, '2025-09-09 14:15:00.04032+00', '2025-09-09 14:15:00.04032+00', 'Lac în județul Tulcea', 'Administrat de ARBDD (permise Delta Dunării)'),
	('9ad65cd6-c4fe-467c-9cb6-67fdb29f20f0', 'Lacul Tatlageac', 'lac', 'CT', 'dobrogea', 43.93000000, 28.63000000, NULL, NULL, NULL, NULL, NULL, NULL, false, NULL, false, NULL, NULL, '2025-09-09 14:15:00.04032+00', '2025-09-09 14:15:00.04032+00', 'Lac în județul Constanța', 'Administrat de ABADL Dobrogea-Litoral'),
	('0d571dcc-4a71-4691-b4cd-420eb96b7b91', 'Lac baraj Zetea', 'lac', 'HR', 'transilvania', 46.47567000, 25.41163000, NULL, NULL, NULL, NULL, NULL, NULL, false, NULL, false, NULL, NULL, '2025-09-09 14:01:31.590241+00', '2025-09-09 20:30:58.806907+00', 'Lac în județul Harghita', 'Administrat de AVPS TÂRNAVA MARE'),
	('0d2e072f-e157-4874-a365-968e07186aad', 'Lac Măneciu', 'lac', 'PH', 'muntenia', 45.32817000, 25.99324000, NULL, NULL, NULL, NULL, NULL, NULL, false, NULL, false, NULL, NULL, '2025-09-09 14:01:31.590241+00', '2025-09-09 20:30:58.806907+00', 'Lac în județul Prahova', 'Administrat de AJVPS PRAHOVA'),
	('1d3c3a26-d82c-4726-acc3-c34da7971e15', 'Lacul Colibița', 'lac', 'BN', 'transilvania', 47.15830000, 24.87670000, NULL, NULL, NULL, NULL, NULL, NULL, false, NULL, false, NULL, NULL, '2025-09-09 14:01:31.590241+00', '2025-09-09 20:30:58.806907+00', 'Lac în județul Bistrița-Năsăud', 'Administrat de AJVPS BISTRIŢA NĂSĂUD'),
	('1a7a46be-0d93-4645-a4a7-4c5f495491f5', 'Lacul de acumulare Beliș-Fântânele', 'lac', 'CJ', 'transilvania', 46.66801000, 23.05469000, NULL, NULL, NULL, NULL, NULL, NULL, false, NULL, false, NULL, NULL, '2025-09-09 14:01:31.590241+00', '2025-09-09 20:30:58.806907+00', 'Lac în județul Cluj', 'Administrat de D.S. Cluj'),
	('0f38847e-021e-4c5f-823e-b85c9fe40dcb', 'Lacul Tăbăcărie', 'lac', 'CT', 'dobrogea', 44.21830000, 28.64000000, NULL, NULL, NULL, NULL, NULL, NULL, false, NULL, false, NULL, NULL, '2025-09-09 14:15:00.04032+00', '2025-09-09 20:30:58.806907+00', 'Lac în județul Constanța', 'Administrat de ABADL Dobrogea-Litoral'),
	('2067c29c-3afc-47dd-a7ed-fb03efa4a326', 'Lacul Belona', 'lac', 'CT', 'dobrogea', 44.05620000, 28.61770000, NULL, NULL, NULL, NULL, NULL, NULL, false, NULL, false, NULL, NULL, '2025-09-09 14:15:00.04032+00', '2025-09-09 20:30:58.806907+00', 'Lac în județul Constanța', 'Administrat de ABADL Dobrogea-Litoral'),
	('1f43d868-7010-464c-b214-a414e9dc3f15', 'Lacul Nuntași', 'lac', 'CT', 'dobrogea', 44.55750000, 28.75000000, NULL, NULL, NULL, NULL, NULL, NULL, false, NULL, false, NULL, NULL, '2025-09-09 14:13:39.456116+00', '2025-09-09 20:30:58.806907+00', 'Lac în județul Constanța', 'Administrat de ARBDD (permise Delta Dunării)'),
	('0508ae99-62f2-4216-b697-79b069dfd6c1', 'Lacul Agigea', 'lac', 'CT', 'dobrogea', 44.10640000, 28.64260000, NULL, NULL, NULL, NULL, NULL, NULL, false, NULL, false, NULL, NULL, '2025-09-09 14:15:00.04032+00', '2025-09-09 20:30:58.806907+00', 'Lac în județul Constanța', 'Administrat de ABADL Dobrogea-Litoral'),
	('0cf1aaff-3120-4ccf-8021-89e268008fe7', 'Lacul Fortuna', 'lac', 'TL', 'dobrogea', 45.23110000, 29.23310000, NULL, NULL, NULL, NULL, NULL, NULL, false, NULL, false, NULL, NULL, '2025-09-09 14:15:00.04032+00', '2025-09-09 20:30:58.806907+00', 'Lac în județul Tulcea', 'Administrat de ARBDD (permise Delta Dunării)'),
	('0f852904-0426-4ede-9828-6430ee922f4b', 'Lacul Merhei Mic', 'lac', 'TL', 'dobrogea', 45.19770000, 29.32990000, NULL, NULL, NULL, NULL, NULL, NULL, false, NULL, false, NULL, NULL, '2025-09-09 14:15:00.04032+00', '2025-09-09 20:30:58.806907+00', 'Lac în județul Tulcea', 'Administrat de ARBDD (permise Delta Dunării)'),
	('19127a5b-de47-48b3-af16-d4c7ad92cfa7', 'Lacul Matița', 'lac', 'TL', 'dobrogea', 45.24530000, 29.26620000, NULL, NULL, NULL, NULL, NULL, NULL, false, NULL, false, NULL, NULL, '2025-09-09 14:15:00.04032+00', '2025-09-09 20:30:58.806907+00', 'Lac în județul Tulcea', 'Administrat de ARBDD (permise Delta Dunării)'),
	('06dbe054-3ee5-429b-a12a-11c42d16f50f', 'Dunărea – Gruia', 'fluviu', 'MH', 'oltenia', 44.39810000, 22.97680000, NULL, NULL, NULL, NULL, NULL, NULL, false, NULL, false, NULL, NULL, '2025-09-09 14:12:01.387405+00', '2025-09-09 20:30:58.806907+00', 'Fluviu în județul Mehedinți', 'Administrat de AJVPS MEHEDINȚI'),
	('0c7e9d42-7d93-4505-bcb3-491c2d1a05b7', 'Dunărea – Drobeta-Turnu Severin', 'fluviu', 'MH', 'oltenia', 44.63600000, 22.65600000, NULL, NULL, NULL, NULL, NULL, NULL, false, NULL, false, NULL, NULL, '2025-09-09 14:12:01.387405+00', '2025-09-09 20:30:58.806907+00', 'Fluviu în județul Mehedinți', 'Administrat de AJVPS MEHEDINȚI'),
	('1bc5b5a4-1fc8-474c-86b9-ee5e854936a8', 'Lac acumulare Budeasa', 'lac', 'AG', 'muntenia', 44.92551700, 24.81296900, NULL, NULL, NULL, NULL, NULL, NULL, false, NULL, false, NULL, NULL, '2025-09-09 14:01:31.590241+00', '2025-09-09 20:30:58.806907+00', 'Lac în județul Argeș', 'Administrat de AJVPS ARGEȘ'),
	('22011f9e-e2a6-42bd-b758-8ac13b0aa411', 'Lac acumulare Strejești', 'lac', 'OT', 'oltenia', 44.15390000, 24.47630000, NULL, NULL, NULL, NULL, NULL, NULL, false, NULL, false, NULL, NULL, '2025-09-09 14:01:31.590241+00', '2025-09-09 20:30:58.806907+00', 'Lac în județul Olt', 'Administrat de AJVPS OLT'),
	('0d69585b-79d7-43be-a813-6e5afd9df4e5', 'Balta Măgura 9', 'balti_private', 'CL', 'muntenia', 44.21050000, 26.46190000, NULL, NULL, NULL, NULL, NULL, NULL, false, NULL, false, NULL, NULL, '2025-09-09 14:01:31.590241+00', '2025-09-09 20:30:58.806907+00', 'Căscioarele, Călărași', 'Lac administrat privat'),
	('0d381280-13c6-48bc-a19d-e4d4fa938c5a', 'Cândeasca Lakes Bazinul 3', 'balti_private', 'CL', 'muntenia', 44.49430000, 26.46090000, NULL, NULL, NULL, NULL, NULL, NULL, false, NULL, false, NULL, NULL, '2025-09-09 14:01:31.590241+00', '2025-09-09 20:30:58.806907+00', 'Belciugatele, Călărași', 'Lac administrat privat'),
	('1224a967-1001-4b91-962a-5093a3265765', 'Lacul Nicmar Clinceni', 'balti_private', 'IF', 'muntenia', 44.38460000, 25.95490000, NULL, NULL, NULL, NULL, NULL, NULL, false, NULL, false, NULL, NULL, '2025-09-09 14:01:31.590241+00', '2025-09-09 20:30:58.806907+00', 'Clinceni, Ilfov', 'Lac administrat privat'),
	('0ebc23f3-e2dd-437a-ab24-05ba55ed79df', 'Iazul Aladdin', 'balti_private', 'IF', 'muntenia', 44.50800000, 26.32060000, NULL, NULL, NULL, NULL, NULL, NULL, false, NULL, false, NULL, NULL, '2025-09-09 14:01:31.590241+00', '2025-09-09 20:30:58.806907+00', 'Șindrilița, Ilfov', 'Lac administrat privat'),
	('0051c9a2-4547-4ff1-82b1-3b62bf322c6b', 'Lacul Subcetate', 'lac', 'HD', 'muntenia', 45.40980000, 22.78720000, NULL, NULL, NULL, NULL, NULL, NULL, false, NULL, false, NULL, NULL, '2025-09-09 14:01:31.590241+00', '2025-09-09 20:30:58.806907+00', 'Lac în județul Hunedoara', 'Administrat de Pro Pescar'),
	('01ae58f3-eaeb-4d31-89ab-30a512d71656', 'Brădișor', 'lac', 'VL', 'oltenia', 45.37070000, 24.21760000, NULL, NULL, NULL, NULL, NULL, NULL, false, NULL, false, NULL, NULL, '2025-09-09 14:01:31.590241+00', '2025-09-09 20:30:58.806907+00', 'Lac în județul Vâlcea', 'Administrat de Direcția Silvică Vâlcea'),
	('1696e1b1-aba3-441b-9185-d2393d4ef47a', 'Galbenu', 'lac', 'VL', 'oltenia', 45.36450000, 24.18360000, NULL, NULL, NULL, NULL, NULL, NULL, false, NULL, false, NULL, NULL, '2025-09-09 14:01:31.590241+00', '2025-09-09 20:30:58.806907+00', 'Lac în județul Vâlcea', 'Administrat de Direcția Silvică Vâlcea'),
	('0918a2c4-f615-4c0f-89b6-20d4de5be12a', 'Lacul montan Sadu II', 'lac', 'SB', 'transilvania', 45.64070000, 24.04560000, NULL, NULL, NULL, NULL, NULL, NULL, false, NULL, false, NULL, NULL, '2025-09-09 14:01:31.590241+00', '2025-09-09 20:30:58.806907+00', 'Lac în județul Sibiu', 'Administrat de FLY FISHING CLUB SIBIU'),
	('0ad1594e-07de-43cf-82e5-6efd7cc16cbe', 'Sadu V', 'lac', 'SB', 'transilvania', 45.59090000, 24.02500000, NULL, NULL, NULL, NULL, NULL, NULL, false, NULL, false, NULL, NULL, '2025-09-09 14:01:31.590241+00', '2025-09-09 20:30:58.806907+00', 'Lac în județul Sibiu', 'Administrat de Direcția Silvică Sibiu'),
	('0b2d639e-93e3-4851-81bb-b3fbb45b1d09', 'Râul Cibin', 'rau', 'SB', 'transilvania', 45.78820000, 24.04520000, NULL, NULL, NULL, NULL, NULL, NULL, false, NULL, false, NULL, NULL, '2025-09-09 14:01:31.590241+00', '2025-09-09 20:30:58.806907+00', 'Râu în județul Sibiu', 'Administrat de APS AQUA CRISIUS'),
	('225854c1-4074-4c4f-9ca9-f57a8bbcad38', 'Râul Cibinul Inferior', 'rau', 'SB', 'transilvania', 45.84290000, 24.14330000, NULL, NULL, NULL, NULL, NULL, NULL, false, NULL, false, NULL, NULL, '2025-09-09 14:01:31.590241+00', '2025-09-09 20:30:58.806907+00', 'Râu în județul Sibiu', 'Administrat de FLY FISHING CLUB SIBIU'),
	('0f645204-aba1-4d94-9baa-9f8399ad5068', 'Someșul Cald Mijlociu', 'lac', 'CJ', 'transilvania', 46.71210000, 23.23230000, NULL, NULL, NULL, NULL, NULL, NULL, false, NULL, false, NULL, NULL, '2025-09-09 14:01:31.590241+00', '2025-09-09 20:30:58.806907+00', 'Râu în județul Cluj', 'Administrat de D.S. Cluj'),
	('13219da8-4997-4121-94a1-7d1bbc183acd', 'Someșu Rece Mijlociu', 'lac', 'CJ', 'transilvania', 46.71380000, 23.31290000, NULL, NULL, NULL, NULL, NULL, NULL, false, NULL, false, NULL, NULL, '2025-09-09 14:01:31.590241+00', '2025-09-09 20:30:58.806907+00', 'Râu în județul Cluj', 'Administrat de D.S. Cluj'),
	('19569041-b1dd-476e-a438-16345e48657f', 'Valea Ierii Mijlocie', 'lac', 'CJ', 'transilvania', 46.63990000, 23.38130000, NULL, NULL, NULL, NULL, NULL, NULL, false, NULL, false, NULL, NULL, '2025-09-09 14:01:31.590241+00', '2025-09-09 20:30:58.806907+00', 'Râu în județul Cluj', 'Administrat de D.S. Cluj'),
	('1a945961-c611-4533-a326-ea960a400fb3', 'Lacul Săcălaia (Lacul Știucilor)', 'lac', 'CJ', 'transilvania', 46.90840000, 23.95060000, NULL, NULL, NULL, NULL, NULL, NULL, false, NULL, false, NULL, NULL, '2025-09-09 14:01:31.590241+00', '2025-09-09 20:30:58.806907+00', 'Lac în județul Cluj', 'Administrat de AJPS Cluj'),
	('100dce7f-70d4-4e7d-a895-7e96a0a5d477', 'Lac Pescuit Fizeșu Gherlii', 'balti_private', 'CJ', 'transilvania', 47.03030000, 23.99270000, NULL, NULL, NULL, NULL, NULL, NULL, false, NULL, false, NULL, NULL, '2025-09-09 14:01:31.590241+00', '2025-09-09 20:30:58.806907+00', 'Fizeșu Gherlii, Cluj', 'Lac administrat privat'),
	('1c03fa59-e151-4e62-b720-4383289327a7', 'Balta Ziduri', 'balti_private', 'BZ', 'muntenia', 45.28560000, 27.01350000, NULL, NULL, NULL, NULL, NULL, NULL, false, NULL, false, NULL, NULL, '2025-09-09 14:01:31.590241+00', '2025-09-09 20:30:58.806907+00', 'Ziduri, Buzău', 'Lac administrat privat'),
	('1d40fd68-42fb-4532-ad47-70a18dcaaa3d', 'Balta Mare Căteasca', 'balti_private', 'AG', 'muntenia', 44.72650000, 25.04780000, NULL, NULL, NULL, NULL, NULL, NULL, false, NULL, false, NULL, NULL, '2025-09-09 14:01:31.590241+00', '2025-09-09 20:30:58.806907+00', 'Leordeni, Argeș', 'Lac administrat privat'),
	('0bde2787-5cbb-49d0-8978-1a725b26766a', 'Carp Arena Cărpănoaia 2', 'balti_private', 'VN', 'muntenia', 45.53150000, 27.22190000, NULL, NULL, NULL, NULL, NULL, NULL, false, NULL, false, NULL, NULL, '2025-09-09 14:01:31.590241+00', '2025-09-09 20:30:58.806907+00', 'Nănești, Vrancea', 'Lac administrat privat'),
	('1d9ca3fe-b891-4b86-be3d-96e2b5cc4125', 'Balta 1 - Pescaria Radesti', 'balti_private', 'AB', 'transilvania', 46.11960000, 23.61290000, NULL, NULL, NULL, NULL, NULL, NULL, false, NULL, false, NULL, NULL, '2025-09-09 14:01:31.590241+00', '2025-09-09 20:30:58.806907+00', 'Rădești, Alba', 'Lac administrat privat'),
	('120e8c50-2ee3-4769-87a9-f792a14a5562', 'Ecotam Lake', 'balti_private', 'AB', 'transilvania', 45.96280000, 23.56560000, NULL, NULL, NULL, NULL, NULL, NULL, false, NULL, false, NULL, NULL, '2025-09-09 14:01:31.590241+00', '2025-09-09 20:30:58.806907+00', 'Tărtăria, Alba', 'Lac administrat privat'),
	('0fac2aec-fbcc-4760-8523-c51eabd244ef', 'Pescăria La Micuțu', 'balti_private', 'AB', 'transilvania', 46.08740000, 23.67060000, NULL, NULL, NULL, NULL, NULL, NULL, false, NULL, false, NULL, NULL, '2025-09-09 14:01:31.590241+00', '2025-09-09 20:30:58.806907+00', 'Căptălan, Alba', 'Lac administrat privat'),
	('224d8f01-1deb-4322-9b2d-73c913c22d1c', 'Lac Sucutard-Chiriș', 'balti_private', 'CJ', 'transilvania', 46.93280000, 23.98380000, NULL, NULL, NULL, NULL, NULL, NULL, false, NULL, false, NULL, NULL, '2025-09-09 14:01:31.590241+00', '2025-09-09 20:30:58.806907+00', 'Sucutard, Cluj', 'Lac administrat privat'),
	('21532968-4a87-4227-b978-a3f7041412e0', 'Lac Căprioara', 'balti_private', 'CJ', 'transilvania', 46.92870000, 23.68340000, NULL, NULL, NULL, NULL, NULL, NULL, false, NULL, false, NULL, NULL, '2025-09-09 14:01:31.590241+00', '2025-09-09 20:30:58.806907+00', 'Recea-Cristur, Cluj', 'Lac administrat privat'),
	('21e9ef40-186f-449b-b609-d27ce68b1996', 'Ferma Piscicolă Sovârca', 'balti_private', 'GL', 'muntenia', 45.90310000, 28.19060000, NULL, NULL, NULL, NULL, NULL, NULL, false, NULL, false, NULL, NULL, '2025-09-09 14:01:31.590241+00', '2025-09-09 20:30:58.806907+00', 'Oancea, Galați', 'Lac administrat privat'),
	('0ad614e0-6c41-4e37-82b3-1f787161185c', 'Resort Fishing Ardusat', 'balti_private', 'MM', 'maramures', 47.70090000, 23.47430000, NULL, NULL, NULL, NULL, NULL, NULL, false, NULL, false, NULL, NULL, '2025-09-09 14:01:31.590241+00', '2025-09-09 20:30:58.806907+00', 'Ardusat, Maramureș', 'Lac administrat privat'),
	('087d1158-e1bd-4dc5-a726-70d4cd8c019d', 'Balta Ghenci', 'balti_private', 'SM', 'crisana', 47.72270000, 22.79260000, NULL, NULL, NULL, NULL, NULL, NULL, false, NULL, false, NULL, NULL, '2025-09-09 14:01:31.590241+00', '2025-09-09 20:30:58.806907+00', 'Ghenci, Satu Mare', 'Lac administrat privat'),
	('05440677-78e7-4e4a-9115-b5516bbc1def', 'La Fântâna cu Cumpănă', 'balti_private', 'OT', 'oltenia', 44.16640000, 24.42550000, NULL, NULL, NULL, NULL, NULL, NULL, false, NULL, false, NULL, NULL, '2025-09-09 14:01:31.590241+00', '2025-09-09 20:30:58.806907+00', 'Brastavățu, Olt', 'Lac administrat privat'),
	('044c3bd9-05d7-4771-9994-c99dcdbf6745', 'Complex LFG Poenari', 'balti_private', 'GR', 'muntenia', 43.82260000, 25.92430000, NULL, NULL, NULL, NULL, NULL, NULL, false, NULL, false, NULL, NULL, '2025-09-09 14:01:31.590241+00', '2025-09-09 20:30:58.806907+00', 'Poenari, Giurgiu', 'Lac administrat privat'),
	('20cf8720-b00f-46ed-8807-4fdd57f78977', 'Balta Nicula', 'balti_private', 'CL', 'muntenia', 44.23890000, 26.56420000, NULL, NULL, NULL, NULL, NULL, NULL, false, NULL, false, NULL, NULL, '2025-09-09 14:01:31.590241+00', '2025-09-09 20:30:58.806907+00', 'Stefanesti, Călărași', 'Lac administrat privat'),
	('110eccd9-bac7-438f-93f6-58cd991553af', 'Lacul Tuglui', 'balti_private', 'DJ', 'oltenia', 44.15050000, 23.86940000, NULL, NULL, NULL, NULL, NULL, NULL, false, NULL, false, NULL, NULL, '2025-09-09 14:01:31.590241+00', '2025-09-09 20:30:58.806907+00', 'Jiul, Dolj', 'Lac administrat privat'),
	('1224a414-eb4a-4782-aebd-7762c7df4219', 'Complex Turistic Rusciori', 'balti_private', 'OT', 'oltenia', 44.27310000, 24.40270000, NULL, NULL, NULL, NULL, NULL, NULL, false, NULL, false, NULL, NULL, '2025-09-09 14:01:31.590241+00', '2025-09-09 20:30:58.806907+00', 'Rusciori, Olt', 'Lac administrat privat'),
	('21323f19-c7e5-4fd2-828e-a4e3730aa7b2', 'Iazul Frasin', 'balti_private', 'IS', 'moldova', 47.30090000, 27.52620000, NULL, NULL, NULL, NULL, NULL, NULL, false, NULL, false, NULL, NULL, '2025-09-09 14:01:31.590241+00', '2025-09-09 20:30:58.806907+00', 'Probota, Iași', 'Lac administrat privat'),
	('207f11b2-d48e-4e1d-828e-243935cd2e87', 'Lacul Ciurbești', 'balti_private', 'IS', 'moldova', 47.07300000, 27.51290000, NULL, NULL, NULL, NULL, NULL, NULL, false, NULL, false, NULL, NULL, '2025-09-09 14:01:31.590241+00', '2025-09-09 20:30:58.806907+00', 'Dumbrava, Iași', 'Lac administrat privat'),
	('002d2dbd-7012-4277-9537-80d193a9cd9e', 'Lac Văcărești (Perșinari )', 'lac', 'DB', 'muntenia', 44.66890000, 25.53260000, NULL, NULL, NULL, NULL, NULL, NULL, false, NULL, false, NULL, NULL, '2025-09-09 14:01:31.590241+00', '2025-09-09 20:30:58.806907+00', 'Lac în județul Dâmbovița', 'Administrat de AJVPS DÂMBOVIȚA'),
	('00a41855-a8cd-4b05-9c27-1e75da018fce', 'Dyno Lake', 'balti_private', 'CL', 'muntenia', 44.49520000, 26.40180000, NULL, NULL, NULL, NULL, NULL, NULL, false, NULL, false, NULL, NULL, '2025-09-09 14:01:31.590241+00', '2025-09-09 20:30:58.806907+00', 'Pasărea, Călărași', 'Lac administrat privat');


--
-- Data for Name: fishing_regulations; Type: TABLE DATA; Schema: public; Owner: postgres
--



--
-- Data for Name: fishing_shops; Type: TABLE DATA; Schema: public; Owner: postgres
--

INSERT INTO "public"."fishing_shops" ("id", "name", "description", "address", "city", "county", "region", "latitude", "longitude", "phone", "email", "website", "opening_hours", "services", "image_url", "rating", "review_count", "created_at", "updated_at") VALUES
	('a6bb43d1-4ec7-47d1-829a-6a13987cbb9c', 'Magazinul Pescăruș', 'Magazin specializat în echipamente de pescuit', 'Strada Pescărușului 15', 'București', 'București', 'muntenia', 44.42680000, 26.10250000, '021-123-4567', 'contact@pescarus.ro', 'https://pescarus.ro', 'L-V: 9:00-18:00, S: 9:00-14:00', '{vanzare_echipamente,reparatii,cursuri}', NULL, 4.50, 25, '2025-09-09 14:01:12.712049+00', '2025-09-09 14:01:12.712049+00'),
	('6dfd5d00-b87c-4391-be26-11b88f1791e4', 'Pescuitul Perfect', 'Echipamente de calitate pentru pescuit', 'Bulevardul Pescărușului 45', 'Constanța', 'Constanța', 'dobrogea', 44.16670000, 28.63330000, '0241-123-456', 'info@pescuitulperfect.ro', 'https://pescuitulperfect.ro', 'L-V: 8:00-19:00, S: 8:00-16:00', '{vanzare_echipamente,reparatii,chirii}', NULL, 4.20, 18, '2025-09-09 14:01:12.712049+00', '2025-09-09 14:01:12.712049+00'),
	('fed27563-3c14-49b0-ab4b-5d961cd41a2b', 'Lacul de Aur', 'Magazin pentru pescuit la lac', 'Strada Lacului 23', 'Snagov', 'Ilfov', 'muntenia', 44.73330000, 26.18330000, '021-987-6543', 'laculdeaur@snagov.ro', 'https://laculdeaur.ro', 'L-V: 7:00-20:00, S-D: 6:00-21:00', '{vanzare_echipamente,chirii,ghidaj}', NULL, 4.80, 32, '2025-09-09 14:01:12.712049+00', '2025-09-09 14:01:12.712049+00');


--
-- Data for Name: fishing_techniques; Type: TABLE DATA; Schema: public; Owner: postgres
--



--
-- Data for Name: location_species; Type: TABLE DATA; Schema: public; Owner: postgres
--



--
-- Data for Name: profiles; Type: TABLE DATA; Schema: public; Owner: postgres
--

INSERT INTO "public"."profiles" ("id", "email", "display_name", "photo_url", "phone", "bio", "location", "website", "role", "created_at", "updated_at", "county_id", "city_id") VALUES
	('d36efb03-fe89-4935-88bc-7e2b2f337e5c', 'cosmin.trica@outlook.com', 'Cosmin Trică', '', NULL, 'Pescar pasionat din România!', NULL, NULL, 'admin', '2025-09-09 14:04:13.506962+00', '2025-09-09 14:04:13.506962+00', NULL, NULL);


--
-- Data for Name: records; Type: TABLE DATA; Schema: public; Owner: postgres
--

INSERT INTO "public"."records" ("id", "user_id", "species_id", "species_name", "weight", "length", "location_id", "location_name", "date_caught", "time_caught", "weather_conditions", "water_temperature", "fishing_method", "bait_used", "image_url", "video_url", "status", "verified_by", "verified_at", "rejection_reason", "is_record", "record_type", "created_at", "updated_at") VALUES
	('8d2147f4-701e-46cd-9b98-8c64daca91bd', 'd36efb03-fe89-4935-88bc-7e2b2f337e5c', '99b62e7f-4bbe-4316-8689-cb13f85f3b7f', 'Crap', 12.50, 65, '9d475842-d746-402d-ab50-b7ee4575f1f1', 'Lacul Băneasa', '2024-01-15', '10:30:00', NULL, NULL, NULL, NULL, 'https://example.com/fish1.jpg', NULL, 'verified', NULL, NULL, NULL, false, NULL, '2025-09-09 14:28:43.228046+00', '2025-09-09 14:28:43.228046+00'),
	('f0b885a0-4cdd-4819-a3a8-e4ff6659aecf', 'd36efb03-fe89-4935-88bc-7e2b2f337e5c', '4d1c483d-6ec3-4f0d-af7e-18e4e037451e', 'Știucă', 8.20, 55, 'aacf23a0-02a3-4ad2-9559-eddab4d7fde1', 'Dunărea', '2024-01-14', '09:15:00', NULL, NULL, NULL, NULL, 'https://example.com/fish2.jpg', 'https://example.com/fish2.mp4', 'verified', NULL, NULL, NULL, false, NULL, '2025-09-09 14:28:43.228046+00', '2025-09-09 14:28:43.228046+00'),
	('58d7ee4f-ef17-4435-83a3-d28e91958933', 'd36efb03-fe89-4935-88bc-7e2b2f337e5c', '1e77413f-6694-4082-bc75-35f231d66033', 'Bibăn', 3.10, 35, '9d475842-d746-402d-ab50-b7ee4575f1f1', 'Bălțile Dunării', '2024-01-13', '16:45:00', NULL, NULL, NULL, NULL, 'https://example.com/fish3.jpg', NULL, 'pending', NULL, NULL, NULL, false, NULL, '2025-09-09 14:28:43.228046+00', '2025-09-09 14:28:43.228046+00');


--
-- Data for Name: shop_reviews; Type: TABLE DATA; Schema: public; Owner: postgres
--



--
-- Data for Name: user_gear; Type: TABLE DATA; Schema: public; Owner: postgres
--



--
-- Data for Name: buckets; Type: TABLE DATA; Schema: storage; Owner: supabase_storage_admin
--

INSERT INTO "storage"."buckets" ("id", "name", "owner", "created_at", "updated_at", "public", "avif_autodetection", "file_size_limit", "allowed_mime_types", "owner_id", "type") VALUES
	('avatars', 'avatars', NULL, '2025-09-03 16:17:58.132401+00', '2025-09-03 16:17:58.132401+00', true, false, 2097152, '{image/jpeg,image/png,image/webp}', NULL, 'STANDARD'),
	('thumbnails', 'thumbnails', NULL, '2025-09-03 16:18:56.913414+00', '2025-09-03 16:18:56.913414+00', true, false, 1048576, '{image/jpeg,image/png,image/webp}', NULL, 'STANDARD');


--
-- Data for Name: buckets_analytics; Type: TABLE DATA; Schema: storage; Owner: supabase_storage_admin
--



--
-- Data for Name: objects; Type: TABLE DATA; Schema: storage; Owner: supabase_storage_admin
--

INSERT INTO "storage"."objects" ("id", "bucket_id", "name", "owner", "created_at", "updated_at", "last_accessed_at", "metadata", "version", "owner_id", "user_metadata", "level") VALUES
	('40d78e32-c478-42ba-868e-f51d3461a4fe', 'avatars', 'b0490a7c-d2d3-4396-b223-23ba460a7496/1756941007993.png', 'b0490a7c-d2d3-4396-b223-23ba460a7496', '2025-09-03 23:10:08.891189+00', '2025-09-03 23:10:08.891189+00', '2025-09-03 23:10:08.891189+00', '{"eTag": "\"54723eec7e9c5e17c01901281d3b0fc0\"", "size": 1165252, "mimetype": "image/png", "cacheControl": "max-age=3600", "lastModified": "2025-09-03T23:10:09.000Z", "contentLength": 1165252, "httpStatusCode": 200}', 'bfbfef47-d5db-4d78-99fb-05ba5671dcb0', 'b0490a7c-d2d3-4396-b223-23ba460a7496', '{}', 2),
	('0b86c7b4-92dd-478a-9079-f15d1c17be53', 'avatars', '134f1a18-d5d1-4312-8933-a8f2d6698713/1757036074628.png', '134f1a18-d5d1-4312-8933-a8f2d6698713', '2025-09-05 01:34:35.564306+00', '2025-09-05 01:34:35.564306+00', '2025-09-05 01:34:35.564306+00', '{"eTag": "\"54723eec7e9c5e17c01901281d3b0fc0\"", "size": 1165252, "mimetype": "image/png", "cacheControl": "max-age=3600", "lastModified": "2025-09-05T01:34:36.000Z", "contentLength": 1165252, "httpStatusCode": 200}', '775b4a8c-1327-42bd-9173-bb391bb22bb8', '134f1a18-d5d1-4312-8933-a8f2d6698713', '{}', 2),
	('d2a361ac-d7fc-48d0-ab9f-0a55a26e50dc', 'avatars', 'ee1682f1-3414-4fa6-8621-a33f21c42c5a/1757253745656.png', 'ee1682f1-3414-4fa6-8621-a33f21c42c5a', '2025-09-07 14:02:26.442323+00', '2025-09-07 14:02:26.442323+00', '2025-09-07 14:02:26.442323+00', '{"eTag": "\"54723eec7e9c5e17c01901281d3b0fc0\"", "size": 1165252, "mimetype": "image/png", "cacheControl": "max-age=3600", "lastModified": "2025-09-07T14:02:27.000Z", "contentLength": 1165252, "httpStatusCode": 200}', '3b6df791-dd23-4f70-95df-22514f169e5d', 'ee1682f1-3414-4fa6-8621-a33f21c42c5a', '{}', 2),
	('bdd1dd5d-c5b2-41f4-bd24-98691a144eb1', 'avatars', 'd36efb03-fe89-4935-88bc-7e2b2f337e5c/1757428343002.png', 'd36efb03-fe89-4935-88bc-7e2b2f337e5c', '2025-09-09 14:32:24.832606+00', '2025-09-09 14:32:24.832606+00', '2025-09-09 14:32:24.832606+00', '{"eTag": "\"2849900e567d0cb27ea2303f00bb6aa2\"", "size": 1247455, "mimetype": "image/png", "cacheControl": "max-age=3600", "lastModified": "2025-09-09T14:32:25.000Z", "contentLength": 1247455, "httpStatusCode": 200}', '6808a4af-79fa-476c-9f5e-4a380c54403a', 'd36efb03-fe89-4935-88bc-7e2b2f337e5c', '{}', 2);


--
-- Data for Name: prefixes; Type: TABLE DATA; Schema: storage; Owner: supabase_storage_admin
--

INSERT INTO "storage"."prefixes" ("bucket_id", "name", "created_at", "updated_at") VALUES
	('avatars', 'b0490a7c-d2d3-4396-b223-23ba460a7496', '2025-09-03 23:10:08.891189+00', '2025-09-03 23:10:08.891189+00'),
	('avatars', '134f1a18-d5d1-4312-8933-a8f2d6698713', '2025-09-05 01:34:35.564306+00', '2025-09-05 01:34:35.564306+00'),
	('avatars', 'ee1682f1-3414-4fa6-8621-a33f21c42c5a', '2025-09-07 14:02:26.442323+00', '2025-09-07 14:02:26.442323+00'),
	('avatars', 'd36efb03-fe89-4935-88bc-7e2b2f337e5c', '2025-09-09 14:32:24.832606+00', '2025-09-09 14:32:24.832606+00');


--
-- Data for Name: s3_multipart_uploads; Type: TABLE DATA; Schema: storage; Owner: supabase_storage_admin
--



--
-- Data for Name: s3_multipart_uploads_parts; Type: TABLE DATA; Schema: storage; Owner: supabase_storage_admin
--



--
-- Name: refresh_tokens_id_seq; Type: SEQUENCE SET; Schema: auth; Owner: supabase_auth_admin
--

SELECT pg_catalog.setval('"auth"."refresh_tokens_id_seq"', 95, true);


--
-- PostgreSQL database dump complete
--

RESET ALL;
